2024,21030710020010,in_age_014,70
2024,21030550010008,in_age_004,21
2024,21030660040001,in_age_010,10
2024,21030570010010,in_age_013,45
2024,21030680010203,in_age_020,N/A
2024,21030660010002,in_age_009,25
2024,21030710020010,in_age_018,23
2024,21030590010006,in_age_008,17
2024,21030710020004,in_age_019,N/A
2024,21030560010004,in_age_007,20
2024,21030520010009,in_age_002,N/A
2024,21030560010005,in_age_016,25
2024,21030680010302,in_age_008,78
2024,21030660020001,in_age_020,N/A
2024,21030520010601,in_age_017,22
2024,21030660010001,in_age_006,19
2024,21030660030002,in_age_001,N/A
2024,21030710020002,in_age_013,67
2024,21030710020007,in_age_020,N/A
2024,21030600010002,in_age_015,42
2024,21030550010005,in_age_006,27
2024,21030530010002,in_age_006,95
2024,21030710010101,in_age_004,34
2024,21030710020005,in_age_011,38
2024,21030530020101,in_age_010,50
2024,21030660040203,in_age_016,11
2024,21030700010006,in_age_014,77
2024,21030530010901,in_age_003,7
2024,21030600010009,in_age_016,38
2024,21030570010005,in_age_005,14
2024,21030710020018,in_age_003,8
2024,21030660040204,in_age_014,40
2024,21030520010007,in_age_012,49
2024,21030710010101,in_age_015,97
2024,21030570010011,in_age_017,35
2024,21030600010002,in_age_005,18
2024,21030710020004,in_age_004,11
2024,21030570010011,in_age_003,14
2024,21030700010402,in_age_011,33
2024,21030550010009,in_age_018,14
2024,21030520010001,in_age_019,N/A
2024,21030570010006,in_age_006,32
2024,21030570010101,in_age_017,9
2024,21030550010005,in_age_020,N/A
2024,21030710020019,in_age_011,35
2024,21030550010006,in_age_017,19
2024,21030680010207,in_age_009,68
2024,21030570010007,in_age_018,8
2024,21030570010003,in_age_012,40
2024,21030600010006,in_age_014,56
2024,21030710020002,in_age_005,15
2024,21030560010002,in_age_012,50
2024,21030550010004,in_age_012,33
2024,21030590010004,in_age_016,67
2024,21030530020001,in_age_001,N/A
2024,21030710020014,in_age_017,19
2024,21030600010006,in_age_020,N/A
2024,21030550010005,in_age_017,29
2024,21030700010006,in_age_015,42
2024,21030510010006,in_age_018,5
2024,21030660030002,in_age_013,64
2024,21030550010002,in_age_015,53
2024,21030600010003,in_age_010,26
2024,21030710020016,in_age_015,35
2024,21030520010002,in_age_014,31
2024,21030590010002,in_age_005,26
2024,21030660040201,in_age_018,N/A
2024,21030710020012,in_age_015,51
2024,21030700010001,in_age_005,14
2024,21030680010207,in_age_012,56
2024,21030530020002,in_age_014,46
2024,21030550010004,in_age_001,N/A
2024,21030510010009,in_age_012,46
2024,21030710020008,in_age_012,39
2024,21030570010103,in_age_010,43
2024,21030570010102,in_age_008,62
2024,21030560010004,in_age_017,21
2024,21030510010002,in_age_002,8
2024,21030510010010,in_age_020,N/A
2024,21030700020002,in_age_019,N/A
2024,21030590010005,in_age_004,7
2024,21030680010206,in_age_016,9
2024,21030660030001,in_age_008,27
2024,21030700020002,in_age_005,23
2024,21030530020004,in_age_003,N/A
2024,21030550010002,in_age_005,18
2024,21030700010008,in_age_019,N/A
2024,21030660040204,in_age_007,15
2024,21030590010005,in_age_010,16
2024,21030680010001,in_age_020,N/A
2024,21030710020010,in_age_008,14
2024,21030590010005,in_age_014,55
2024,21030530010501,in_age_005,30
2024,21030680010207,in_age_005,30
2024,21030570010103,in_age_008,42
2024,21030710020011,in_age_011,48
2024,21030530020402,in_age_012,26
2024,21030550010010,in_age_003,18
2024,21030550010004,in_age_007,17
2024,21030700010003,in_age_004,14
2024,21030680010203,in_age_005,19
2024,21030680010001,in_age_007,14
2024,21030660020001,in_age_019,N/A
2024,21030550010010,in_age_014,78
2024,21030700010401,in_age_002,5
2024,21030530010901,in_age_019,N/A
2024,21030530010201,in_age_011,26
2024,21030700020201,in_age_005,28
2024,21030700010011,in_age_014,60
2024,21030590010001,in_age_005,14
2024,21030710020012,in_age_005,21
2024,21030530020401,in_age_001,31
2024,21030710020005,in_age_002,N/A
2024,21030530020004,in_age_001,N/A
2024,21030710010101,in_age_013,121
2024,21030530020004,in_age_014,37
2024,21030510010003,in_age_016,16
2024,21030660020102,in_age_008,17
2024,21030530020504,in_age_011,37
2024,21030520010006,in_age_013,38
2024,21030680010001,in_age_010,24
2024,21030600010002,in_age_006,26
2024,21030710020003,in_age_001,N/A
2024,21030510010007,in_age_012,48
2024,21030600010001,in_age_012,49
2024,21030570010001,in_age_015,44
2024,21030520010201,in_age_005,12
2024,21030530010201,in_age_012,17
2024,21030560010006,in_age_003,7
2024,21030530020101,in_age_003,28
2024,21030600010010,in_age_020,N/A
2024,21030680020001,in_age_016,53
2024,21030510010001,in_age_011,60
2024,21030700010015,in_age_006,42
2024,21030710020018,in_age_010,21
2024,21030530020101,in_age_012,40
2024,21030570010009,in_age_005,15
2024,21030520010005,in_age_002,5
2024,21030530020101,in_age_017,13
2024,21030510010011,in_age_008,19
2024,21030660010003,in_age_005,15
2024,21030600010004,in_age_004,21
2024,21030520010004,in_age_008,21
2024,21030570010001,in_age_017,21
2024,21030660010003,in_age_016,38
2024,21030590010003,in_age_009,22
2024,21030570010009,in_age_012,60
2024,21030530020103,in_age_006,28
2024,21030700010011,in_age_011,37
2024,21030700010009,in_age_014,65
2024,21030530020007,in_age_017,97
2024,21030520010601,in_age_019,N/A
2024,21030700010014,in_age_010,21
2024,21030520010001,in_age_002,13
2024,21030590010006,in_age_020,N/A
2024,21030600010005,in_age_007,13
2024,21030520010002,in_age_012,38
2024,21030600010004,in_age_012,41
2024,21030590010001,in_age_016,49
2024,21030600010009,in_age_001,N/A
2024,21030520010005,in_age_019,N/A
2024,21030600010010,in_age_009,22
2024,21030560010006,in_age_020,N/A
2024,21030530020103,in_age_009,80
2024,21030570010009,in_age_011,55
2024,21030680020001,in_age_010,19
2024,21030700020201,in_age_016,7
2024,21030530020402,in_age_006,15
2024,21030520010601,in_age_011,24
2024,21030600010006,in_age_003,15
2024,21030550010009,in_age_003,13
2024,21030530020401,in_age_017,6
2024,21030530010201,in_age_009,25
2024,21030520010006,in_age_011,34
2024,21030570010012,in_age_014,65
2024,21030570010014,in_age_017,21
2024,21030520010009,in_age_010,18
2024,21030510010003,in_age_011,35
2024,21030560010006,in_age_011,46
2024,21030560010201,in_age_013,57
2024,21030570010007,in_age_005,16
2024,21030590010005,in_age_019,6
2024,21030530020401,in_age_018,8
2024,21030680010203,in_age_019,N/A
2024,21030590010003,in_age_018,21
2024,21030680010205,in_age_018,N/A
2024,21030700010016,in_age_004,19
2024,21030700010013,in_age_010,22
2024,21030570010011,in_age_020,N/A
2024,21030660040201,in_age_001,6
2024,21030530010401,in_age_015,24
2024,21030560010201,in_age_005,50
2024,21030530010002,in_age_016,5
2024,21030560010004,in_age_008,14
2024,21030570010008,in_age_002,6
2024,21030530010601,in_age_016,8
2024,21030510010011,in_age_015,31
2024,21030560010002,in_age_006,20
2024,21030590010004,in_age_020,N/A
2024,21030700010001,in_age_013,21
2024,21030570010013,in_age_020,N/A
2024,21030660040201,in_age_013,40
2024,21030530020007,in_age_015,36
2024,21030550010007,in_age_002,12
2024,21030660010003,in_age_013,60
2024,21030570010011,in_age_011,30
2024,21030520010007,in_age_006,27
2024,21030570010003,in_age_016,29
2024,21030710020013,in_age_010,31
2024,21030530020004,in_age_019,N/A
2024,21030530020503,in_age_011,39
2024,21030700010016,in_age_017,9
2024,21030530020101,in_age_002,45
2024,21030700010012,in_age_012,43
2024,21030660040202,in_age_012,64
2024,21030590010007,in_age_018,11
2024,21030510010005,in_age_018,8
2024,21030710020003,in_age_016,33
2024,21030570010009,in_age_016,51
2024,21030520010008,in_age_014,48
2024,21030550010009,in_age_016,43
2024,21030700010016,in_age_016,34
2024,21030530020007,in_age_016,52
2024,21030530020001,in_age_007,21
2024,21030680010202,in_age_002,29
2024,21030530020001,in_age_013,47
2024,21030660040203,in_age_012,43
2024,21030570010101,in_age_010,42
2024,21030560010006,in_age_016,29
2024,21030700010002,in_age_014,74
2024,21030560010005,in_age_013,52
2024,21030550010005,in_age_003,18
2024,21030570010010,in_age_001,5
2024,21030550010010,in_age_017,44
2024,21030530020503,in_age_014,20
2024,21030570010003,in_age_014,56
2024,21030570010011,in_age_018,16
2024,21030660020002,in_age_017,9
2024,21030700010002,in_age_005,12
2024,21030570010008,in_age_019,6
2024,21030660010001,in_age_014,63
2024,21030530010901,in_age_017,13
2024,21030700010012,in_age_008,22
2024,21030520010009,in_age_014,57
2024,21030510010001,in_age_002,6
2024,21030570010012,in_age_017,27
2024,21030700010007,in_age_010,35
2024,21030700010007,in_age_001,N/A
2024,21030660040001,in_age_003,N/A
2024,21030530020402,in_age_013,16
2024,21030680010001,in_age_003,5
2024,21030570010012,in_age_015,41
2024,21030510010004,in_age_014,43
2024,21030510010002,in_age_017,15
2024,21030520010002,in_age_009,45
2024,21030560010004,in_age_005,16
2024,21030700010002,in_age_010,40
2024,21030560010005,in_age_017,22
2024,21030680010203,in_age_011,65
2024,21030700010012,in_age_004,7
2024,21030530020002,in_age_008,24
2024,21030600010002,in_age_012,52
2024,21030560010001,in_age_017,40
2024,21030550010008,in_age_018,13
2024,21030530020401,in_age_011,46
2024,21030570010009,in_age_003,12
2024,21030570010006,in_age_010,24
2024,21030600010004,in_age_015,24
2024,21030680010203,in_age_008,88
2024,21030660040204,in_age_019,N/A
2024,21030520010008,in_age_013,43
2024,21030660040202,in_age_013,72
2024,21030710020015,in_age_020,N/A
2024,21030510010005,in_age_001,N/A
2024,21030510010005,in_age_008,19
2024,21030550010008,in_age_014,55
2024,21030590010001,in_age_015,48
2024,21030510010008,in_age_007,53
2024,21030710020015,in_age_002,N/A
2024,21030560010002,in_age_013,36
2024,21030530020501,in_age_003,52
2024,21030530010001,in_age_016,6
2024,21030700010402,in_age_001,5
2024,21030600010010,in_age_011,38
2024,21030680010001,in_age_017,41
2024,21030680010201,in_age_013,38
2024,21030530010001,in_age_006,26
2024,21030700010010,in_age_018,16
2024,21030520010001,in_age_014,45
2024,21030560010003,in_age_002,14
2024,21030710020003,in_age_007,22
2024,21030680010205,in_age_008,89
2024,21030700010011,in_age_008,18
2024,21030570010014,in_age_001,N/A
2024,21030600010006,in_age_002,6
2024,21030710020016,in_age_008,24
2024,21030680010301,in_age_010,64
2024,21030570010008,in_age_003,7
2024,21030570010005,in_age_018,13
2024,21030510010006,in_age_012,19
2024,21030570010006,in_age_008,13
2024,21030530020102,in_age_003,48
2024,21030570010001,in_age_004,12
2024,21030700010016,in_age_014,40
2024,21030660010001,in_age_009,24
2024,21030510010001,in_age_016,36
2024,21030530020504,in_age_001,39
2024,21030550010010,in_age_007,31
2024,21030570010101,in_age_007,95
2024,21030520010010,in_age_013,34
2024,21030600010004,in_age_009,24
2024,21030660010001,in_age_005,10
2024,21030530010001,in_age_011,50
2024,21030680020001,in_age_021,N/A
2024,21030660040001,in_age_015,16
2024,21030660020101,in_age_015,11
2024,21030660030002,in_age_002,N/A
2024,21030570010004,in_age_003,9
2024,21030700020002,in_age_002,N/A
2024,21030680010205,in_age_019,N/A
2024,21030550010007,in_age_010,23
2024,21030700010001,in_age_020,9
2024,21030700010005,in_age_006,28
2024,21030660020101,in_age_002,19
2024,21030660010003,in_age_010,31
2024,21030710020008,in_age_004,19
2024,21030570010002,in_age_014,62
2024,21030710020003,in_age_005,12
2024,21030710020014,in_age_016,30
2024,21030710020008,in_age_015,38
2024,21030710020006,in_age_016,38
2024,21030550010002,in_age_004,18
2024,21030530020504,in_age_004,23
2024,21030660040001,in_age_008,5
2024,21030680010302,in_age_018,N/A
2024,21030550010004,in_age_014,35
2024,21030570010010,in_age_007,27
2024,21030590010005,in_age_009,16
2024,21030530020102,in_age_008,87
2024,21030570010010,in_age_012,49
2024,21030530010401,in_age_010,61
2024,21030600010007,in_age_004,16
2024,21030590010002,in_age_014,71
2024,21030660010001,in_age_001,N/A
2024,21030680010207,in_age_008,72
2024,21030680010206,in_age_017,N/A
2024,21030680010302,in_age_019,N/A
2024,21030710020002,in_age_010,21
2024,21030590010006,in_age_001,N/A
2024,21030660010003,in_age_018,14
2024,21030590010007,in_age_008,17
2024,21030680010202,in_age_010,50
2024,21030570010007,in_age_015,26
2024,21030660030101,in_age_010,15
2024,21030530020006,in_age_007,114
2024,21030680010102,in_age_004,18
2024,21030710020009,in_age_009,26
2024,21030560010005,in_age_011,48
2024,21030680010201,in_age_015,14
2024,21030550010002,in_age_012,51
2024,21030710020008,in_age_019,N/A
2024,21030520010004,in_age_019,N/A
2024,21030510010004,in_age_004,20
2024,21030510010009,in_age_016,15
2024,21030680010206,in_age_008,101
2024,21030510010006,in_age_011,30
2024,21030660040001,in_age_005,N/A
2024,21030680020001,in_age_003,5
2024,21030550010001,in_age_005,25
2024,21030710010101,in_age_002,25
2024,21030680020001,in_age_001,N/A
2024,21030570010102,in_age_001,36
2024,21030560010201,in_age_004,28
2024,21030700010012,in_age_016,35
2024,21030700010002,in_age_006,28
2024,21030550010002,in_age_003,8
2024,21030530020103,in_age_011,45
2024,21030570010011,in_age_016,58
2024,21030590010007,in_age_001,N/A
2024,21030520010002,in_age_006,48
2024,21030700010015,in_age_011,42
2024,21030530020005,in_age_001,N/A
2024,21030590010002,in_age_015,62
2024,21030520010009,in_age_001,N/A
2024,21030530020006,in_age_005,32
2024,21030570010007,in_age_007,33
2024,21030600010005,in_age_003,7
2024,21030710020010,in_age_015,50
2024,21030570010014,in_age_003,11
2024,21030600010008,in_age_011,25
2024,21030530020001,in_age_004,16
2024,21030660020001,in_age_016,28
2024,21030520010003,in_age_001,N/A
2024,21030550010008,in_age_008,18
2024,21030710020014,in_age_021,N/A
2024,21030700010009,in_age_012,38
2024,21030600010005,in_age_009,18
2024,21030530020002,in_age_006,61
2024,21030710020007,in_age_018,20
2024,21030550010003,in_age_016,35
2024,21030660040203,in_age_002,15
2024,21030560010002,in_age_015,45
2024,21030530020005,in_age_011,28
2024,21030510010007,in_age_005,17
2024,21030700010016,in_age_012,34
2024,21030530020002,in_age_002,N/A
2024,21030520010010,in_age_014,36
2024,21030570010011,in_age_008,19
2024,21030510010004,in_age_006,21
2024,21030680010101,in_age_011,51
2024,21030550010006,in_age_019,N/A
2024,21030660020001,in_age_009,36
2024,21030530020007,in_age_008,31
2024,21030570010013,in_age_010,24
2024,21030700010402,in_age_017,10
2024,21030710020005,in_age_003,12
2024,21030590010007,in_age_015,57
2024,21030680010205,in_age_014,40
2024,21030710020009,in_age_014,64
2024,21030680010001,in_age_013,71
2024,21030560010004,in_age_019,N/A
2024,21030520010008,in_age_009,21
2024,21030710020009,in_age_010,16
2024,21030530020504,in_age_006,23
2024,21030520010009,in_age_013,50
2024,21030590010006,in_age_004,13
2024,21030660030101,in_age_005,49
2024,21030700010005,in_age_004,16
2024,21030560010001,in_age_003,16
2024,21030660040204,in_age_005,18
2024,21030710020013,in_age_006,62
2024,21030570010002,in_age_005,15
2024,21030700010003,in_age_017,30
2024,21030700010401,in_age_006,22
2024,21030680010206,in_age_010,51
2024,21030710020003,in_age_004,N/A
2024,21030700010001,in_age_006,23
2024,21030660040204,in_age_010,26
2024,21030710020017,in_age_003,8
2024,21030560010002,in_age_019,7
2024,21030570010002,in_age_010,25
2024,21030520010010,in_age_004,7
2024,21030550010001,in_age_013,40
2024,21030700010014,in_age_020,N/A
2024,21030520010004,in_age_010,19
2024,21030710020019,in_age_006,15
2024,21030570010004,in_age_008,14
2024,21030710020017,in_age_008,21
2024,21030700010004,in_age_010,43
2024,21030700010008,in_age_012,42
2024,21030660020002,in_age_004,N/A
2024,21030600010003,in_age_006,15
2024,21030700010402,in_age_016,19
2024,21030560010001,in_age_018,18
2024,21030510010003,in_age_015,19
2024,21030530020503,in_age_016,12
2024,21030560010002,in_age_010,50
2024,21030570010001,in_age_003,10
2024,21030530020001,in_age_005,17
2024,21030570010009,in_age_015,40
2024,21030600010008,in_age_007,14
2024,21030600010007,in_age_013,68
2024,21030530020003,in_age_010,26
2024,21030530010601,in_age_001,20
2024,21030600010008,in_age_020,N/A
2024,21030700010014,in_age_014,34
2024,21030530010501,in_age_015,23
2024,21030700010001,in_age_009,14
2024,21030510010008,in_age_010,39
2024,21030520010001,in_age_005,18
2024,21030510010003,in_age_013,23
2024,21030560010005,in_age_008,18
2024,21030600010008,in_age_013,49
2024,21030680020001,in_age_014,78
2024,21030510010009,in_age_005,38
2024,21030710020005,in_age_007,17
2024,21030570010005,in_age_008,14
2024,21030660020002,in_age_014,24
2024,21030700010012,in_age_015,34
2024,21030680010203,in_age_004,8
2024,21030710020004,in_age_008,11
2024,21030560010001,in_age_013,47
2024,21030700010014,in_age_015,37
2024,21030520010006,in_age_004,9
2024,21030710020008,in_age_003,16
2024,21030530010002,in_age_001,N/A
2024,21030530020503,in_age_005,22
2024,21030570010103,in_age_015,28
2024,21030710020016,in_age_014,51
2024,21030520010601,in_age_014,45
2024,21030700010401,in_age_018,5
2024,21030660040201,in_age_015,23
2024,21030510010009,in_age_014,35
2024,21030550010010,in_age_015,58
2024,21030660030101,in_age_014,12
2024,21030550010003,in_age_015,34
2024,21030530020502,in_age_005,12
2024,21030700020201,in_age_001,41
2024,21030520010001,in_age_013,62
2024,21030570010009,in_age_018,13
2024,21030520010006,in_age_005,11
2024,21030590010003,in_age_011,35
2024,21030660020002,in_age_005,30
2024,21030520010008,in_age_018,17
2024,21030680010207,in_age_004,20
2024,21030600010004,in_age_014,44
2024,21030660020101,in_age_005,15
2024,21030710020009,in_age_004,7
2024,21030700020101,in_age_010,67
2024,21030710020019,in_age_014,76
2024,21030510010006,in_age_002,12
2024,21030520010008,in_age_019,N/A
2024,21030570010006,in_age_011,33
2024,21030570010013,in_age_003,18
2024,21030510010007,in_age_014,71
2024,21030530010501,in_age_018,6
2024,21030530020006,in_age_020,6
2024,21030520010003,in_age_003,15
2024,21030660040201,in_age_011,46
2024,21030710020013,in_age_011,32
2024,21030660020102,in_age_018,N/A
2024,21030570010102,in_age_004,24
2024,21030660010003,in_age_009,17
2024,21030520010008,in_age_003,7
2024,21030700010010,in_age_010,29
2024,21030530020005,in_age_014,13
2024,21030660020101,in_age_010,33
2024,21030590010004,in_age_008,19
2024,21030700010010,in_age_002,N/A
2024,21030680010202,in_age_016,7
2024,21030680010207,in_age_006,36
2024,21030600010010,in_age_012,38
2024,21030710020008,in_age_005,7
2024,21030570010007,in_age_017,18
2024,21030680010302,in_age_010,56
2024,21030660040203,in_age_011,33
2024,21030530020005,in_age_009,39
2024,21030590010004,in_age_017,53
2024,21030530020401,in_age_012,34
2024,21030550010005,in_age_010,51
2024,21030530020503,in_age_003,37
2024,21030550010007,in_age_009,33
2024,21030530010601,in_age_015,15
2024,21030560010006,in_age_007,54
2024,21030570010102,in_age_015,26
2024,21030560010003,in_age_001,7
2024,21030510010001,in_age_007,19
2024,21030600010006,in_age_005,9
2024,21030550010006,in_age_020,N/A
2024,21030530010201,in_age_001,N/A
2024,21030660030001,in_age_001,7
2024,21030550010003,in_age_002,N/A
2024,21030700010006,in_age_001,N/A
2024,21030570010014,in_age_007,17
2024,21030700010301,in_age_018,6
2024,21030710020016,in_age_009,34
2024,21030710020003,in_age_008,16
2024,21030550010008,in_age_015,56
2024,21030530020103,in_age_001,39
2024,21030550010001,in_age_001,N/A
2024,21030550010010,in_age_011,48
2024,21030520010010,in_age_002,5
2024,21030520010601,in_age_016,29
2024,21030510010010,in_age_001,6
2024,21030680010102,in_age_005,24
2024,21030680010202,in_age_017,6
2024,21030510010007,in_age_020,N/A
2024,21030710020019,in_age_015,83
2024,21030510010003,in_age_005,39
2024,21030680010206,in_age_001,45
2024,21030570010001,in_age_013,29
2024,21030700010301,in_age_015,19
2024,21030570010010,in_age_004,11
2024,21030600010010,in_age_008,19
2024,21030510010004,in_age_020,N/A
2024,21030570010003,in_age_001,N/A
2024,21030700010301,in_age_003,20
2024,21030700010007,in_age_004,15
2024,21030700010006,in_age_002,7
2024,21030570010008,in_age_016,47
2024,21030680010301,in_age_002,34
2024,21030700010009,in_age_019,N/A
2024,21030680010205,in_age_006,32
2024,21030510010001,in_age_015,41
2024,21030680010204,in_age_007,85
2024,21030530020502,in_age_009,61
2024,21030570010006,in_age_019,N/A
2024,21030530020103,in_age_004,25
2024,21030660020102,in_age_001,6
2024,21030560010005,in_age_014,58
2024,21030660040203,in_age_014,22
2024,21030520010005,in_age_003,8
2024,21030590010002,in_age_003,10
2024,21030680010301,in_age_015,17
2024,21030680010201,in_age_014,25
2024,21030510010010,in_age_015,26
2024,21030550010006,in_age_013,44
2024,21030560010201,in_age_007,26
2024,21030570010003,in_age_003,12
2024,21030660010001,in_age_002,N/A
2024,21030600010007,in_age_002,9
2024,21030600010003,in_age_017,29
2024,21030700010006,in_age_013,68
2024,21030700010301,in_age_016,11
2024,21030510010008,in_age_005,32
2024,21030520010005,in_age_005,12
2024,21030660020102,in_age_014,31
2024,21030710020018,in_age_013,36
2024,21030680010202,in_age_008,126
2024,21030590010003,in_age_010,21
2024,21030700010016,in_age_015,37
2024,21030560010006,in_age_019,9
2024,21030710020017,in_age_011,38
2024,21030710020007,in_age_004,7
2024,21030600010009,in_age_005,12
2024,21030530020005,in_age_018,N/A
2024,21030660030101,in_age_016,6
2024,21030660030101,in_age_017,N/A
2024,21030600010004,in_age_006,20
2024,21030680010207,in_age_017,N/A
2024,21030550010009,in_age_010,30
2024,21030570010012,in_age_016,27
2024,21030700010401,in_age_017,19
2024,21030520010601,in_age_006,18
2024,21030710020011,in_age_009,22
2024,21030700010015,in_age_016,30
2024,21030530020504,in_age_005,16
2024,21030510010010,in_age_008,23
2024,21030660030101,in_age_019,N/A
2024,21030530020007,in_age_001,N/A
2024,21030680010207,in_age_014,26
2024,21030530010901,in_age_005,21
2024,21030700010402,in_age_013,42
2024,21030660010002,in_age_012,48
2024,21030700010301,in_age_001,50
2024,21030570010014,in_age_005,16
2024,21030680010102,in_age_011,42
2024,21030710020012,in_age_013,62
2024,21030680010102,in_age_012,35
2024,21030660030002,in_age_018,21
2024,21030680010101,in_age_020,N/A
2024,21030550010010,in_age_010,45
2024,21030520010003,in_age_014,61
2024,21030560010004,in_age_016,29
2024,21030660040204,in_age_009,27
2024,21030520010003,in_age_009,22
2024,21030700010005,in_age_013,42
2024,21030700020201,in_age_003,15
2024,21030570010002,in_age_018,9
2024,21030700010014,in_age_009,12
2024,21030700010003,in_age_009,28
2024,21030510010004,in_age_003,14
2024,21030680020001,in_age_013,54
2024,21030510010002,in_age_001,N/A
2024,21030510010009,in_age_020,N/A
2024,21030550010005,in_age_001,7
2024,21030520010010,in_age_003,5
2024,21030600010007,in_age_001,N/A
2024,21030680010206,in_age_005,20
2024,21030570010010,in_age_017,22
2024,21030710020015,in_age_007,63
2024,21030550010002,in_age_008,21
2024,21030700010016,in_age_020,N/A
2024,21030700010004,in_age_006,54
2024,21030530020001,in_age_002,11
2024,21030560010001,in_age_008,15
2024,21030560010002,in_age_002,23
2024,21030530020503,in_age_004,13
2024,21030530020003,in_age_014,54
2024,21030700010013,in_age_007,10
2024,21030680010301,in_age_014,45
2024,21030520010002,in_age_004,7
2024,21030600010005,in_age_018,15
2024,21030710020008,in_age_010,17
2024,21030560010005,in_age_019,N/A
2024,21030570010005,in_age_009,22
2024,21030680010205,in_age_016,8
2024,21030710020008,in_age_008,12
2024,21030660020101,in_age_017,10
2024,21030600010002,in_age_020,N/A
2024,21030570010012,in_age_018,17
2024,21030530010001,in_age_002,7
2024,21030550010004,in_age_015,38
2024,21030660010001,in_age_012,37
2024,21030520010601,in_age_018,N/A
2024,21030530020501,in_age_017,5
2024,21030600010001,in_age_006,9
2024,21030590010001,in_age_017,27
2024,21030570010013,in_age_007,19
2024,21030600010007,in_age_008,7
2024,21030520010009,in_age_005,16
2024,21030710020012,in_age_018,10
2024,21030700010007,in_age_008,16
2024,21030660020002,in_age_018,N/A
2024,21030510010005,in_age_010,38
2024,21030520010003,in_age_006,18
2024,21030710020004,in_age_007,27
2024,21030600010004,in_age_020,N/A
2024,21030590010007,in_age_012,36
2024,21030700010012,in_age_011,29
2024,21030520010006,in_age_019,N/A
2024,21030550010004,in_age_010,25
2024,21030550010006,in_age_014,54
2024,21030570010008,in_age_008,14
2024,21030600010001,in_age_005,23
2024,21030680010205,in_age_017,N/A
2024,21030570010010,in_age_003,10
2024,21030590010003,in_age_008,8
2024,21030660020101,in_age_001,12
2024,21030550010010,in_age_019,N/A
2024,21030600010004,in_age_003,11
2024,21030560010006,in_age_001,N/A
2024,21030530010002,in_age_002,N/A
2024,21030570010013,in_age_013,71
2024,21030700010003,in_age_018,14
2024,21030700020002,in_age_016,29
2024,21030710020005,in_age_009,19
2024,21030590010001,in_age_019,N/A
2024,21030700010009,in_age_011,35
2024,21030710020011,in_age_006,25
2024,21030700010402,in_age_009,20
2024,21030710020019,in_age_013,59
2024,21030700010002,in_age_015,58
2024,21030680010302,in_age_003,29
2024,21030570010009,in_age_013,66
2024,21030550010001,in_age_009,17
2024,21030600010006,in_age_011,28
2024,21030520010003,in_age_016,51
2024,21030510010006,in_age_015,26
2024,21030700010401,in_age_007,11
2024,21030680010302,in_age_014,37
2024,21030680010205,in_age_007,101
2024,21030710020009,in_age_005,7
2024,21030660020101,in_age_014,30
2024,21030570010001,in_age_008,32
2024,21030570010012,in_age_011,52
2024,21030590010007,in_age_014,48
2024,21030710010101,in_age_011,95
2024,21030710020001,in_age_014,64
2024,21030520010006,in_age_009,26
2024,21030550010010,in_age_008,15
2024,21030700010013,in_age_012,44
2024,21030520010004,in_age_005,28
2024,21030570010003,in_age_017,32
2024,21030530010001,in_age_008,24
2024,21030510010010,in_age_016,36
2024,21030570010007,in_age_012,38
2024,21030560010005,in_age_009,29
2024,21030520010006,in_age_014,41
2024,21030570010006,in_age_015,52
2024,21030510010009,in_age_009,41
2024,21030680010102,in_age_001,13
2024,21030510010009,in_age_003,12
2024,21030550010005,in_age_013,44
2024,21030680010101,in_age_010,57
2024,21030680020001,in_age_005,16
2024,21030530020102,in_age_001,58
2024,21030550010003,in_age_008,16
2024,21030530020504,in_age_003,40
2024,21030600010003,in_age_011,43
2024,21030560010201,in_age_003,31
2024,21030510010001,in_age_010,39
2024,21030660040201,in_age_012,28
2024,21030710020001,in_age_007,34
2024,21030550010006,in_age_018,21
2024,21030570010006,in_age_007,24
2024,21030700010006,in_age_003,15
2024,21030660020101,in_age_003,17
2024,21030570010006,in_age_018,8
2024,21030660040201,in_age_017,7
2024,21030530020503,in_age_015,16
2024,21030600010008,in_age_009,13
2024,21030700010010,in_age_016,38
2024,21030700010004,in_age_016,29
2024,21030570010004,in_age_001,N/A
2024,21030600010001,in_age_007,15
2024,21030570010103,in_age_012,53
2024,21030600010005,in_age_004,11
2024,21030520010601,in_age_010,32
2024,21030510010010,in_age_006,24
2024,21030700010007,in_age_020,N/A
2024,21030510010003,in_age_020,N/A
2024,21030550010005,in_age_018,11
2024,21030710010101,in_age_012,129
2024,21030530020005,in_age_017,10
2024,21030530020002,in_age_004,16
2024,21030600010009,in_age_011,38
2024,21030680010301,in_age_004,19
2024,21030560010004,in_age_014,40
2024,21030510010008,in_age_006,76
2024,21030660030001,in_age_013,51
2024,21030710020018,in_age_005,22
2024,21030570010014,in_age_011,31
2024,21030570010007,in_age_008,23
2024,21030570010102,in_age_016,23
2024,21030680010102,in_age_008,23
2024,21030680020001,in_age_019,7
2024,21030700010015,in_age_010,35
2024,21030510010002,in_age_005,16
2024,21030600010010,in_age_015,42
2024,21030570010014,in_age_002,7
2024,21030520010009,in_age_008,22
2024,21030680010205,in_age_013,28
2024,21030520010005,in_age_011,44
2024,21030530020007,in_age_013,15
2024,21030550010008,in_age_003,18
2024,21030700010002,in_age_007,25
2024,21030530020007,in_age_011,8
2024,21030710020002,in_age_006,15
2024,21030520010002,in_age_007,74
2024,21030710020008,in_age_017,14
2024,21030510010006,in_age_009,24
2024,21030600010005,in_age_019,N/A
2024,21030660040202,in_age_017,11
2024,21030590010003,in_age_013,51
2024,21030660030101,in_age_012,20
2024,21030530020006,in_age_001,N/A
2024,21030680010203,in_age_017,7
2024,21030710010101,in_age_019,7
2024,21030660030101,in_age_018,N/A
2024,21030710010101,in_age_006,55
2024,21030600010009,in_age_009,20
2024,21030700020101,in_age_014,37
2024,21030710020016,in_age_003,6
2024,21030590010006,in_age_019,N/A
2024,21030530020504,in_age_010,57
2024,21030710020012,in_age_010,32
2024,21030700010015,in_age_019,7
2024,21030570010012,in_age_001,N/A
2024,21030550010002,in_age_013,45
2024,21030590010001,in_age_008,8
2024,21030590010003,in_age_007,18
2024,21030510010004,in_age_017,24
2024,21030570010003,in_age_010,22
2024,21030700010012,in_age_005,8
2024,21030680010201,in_age_006,27
2024,21030550010009,in_age_005,21
2024,21030510010011,in_age_001,N/A
2024,21030560010003,in_age_011,46
2024,21030600010006,in_age_001,N/A
2024,21030530020101,in_age_005,33
2024,21030660030101,in_age_013,11
2024,21030530020502,in_age_006,18
2024,21030530020402,in_age_011,33
2024,21030700010010,in_age_012,26
2024,21030700010401,in_age_014,41
2024,21030710020019,in_age_012,40
2024,21030570010003,in_age_006,18
2024,21030700010009,in_age_004,9
2024,21030570010010,in_age_010,35
2024,21030590010005,in_age_007,16
2024,21030700010402,in_age_015,19
2024,21030590010006,in_age_005,14
2024,21030570010002,in_age_015,40
2024,21030550010004,in_age_004,16
2024,21030700020002,in_age_006,59
2024,21030600010009,in_age_015,48
2024,21030680010204,in_age_008,77
2024,21030570010006,in_age_001,N/A
2024,21030600010005,in_age_015,52
2024,21030590010001,in_age_014,46
2024,21030660040202,in_age_011,46
2024,21030700010016,in_age_019,N/A
2024,21030550010005,in_age_016,39
2024,21030510010011,in_age_005,11
2024,21030510010008,in_age_001,N/A
2024,21030710020004,in_age_012,50
2024,21030570010013,in_age_014,61
2024,21030600010001,in_age_004,13
2024,21030550010010,in_age_020,N/A
2024,21030660040204,in_age_015,20
2024,21030590010002,in_age_008,15
2024,21030660010002,in_age_016,41
2024,21030700010001,in_age_011,18
2024,21030530020103,in_age_005,19
2024,21030530020004,in_age_017,18
2024,21030700010012,in_age_018,11
2024,21030520010005,in_age_017,23
2024,21030530010001,in_age_012,44
2024,21030710020009,in_age_019,N/A
2024,21030530010901,in_age_002,6
2024,21030680010207,in_age_010,47
2024,21030510010007,in_age_003,12
2024,21030710020019,in_age_010,28
2024,21030660040204,in_age_013,41
2024,21030590010004,in_age_013,49
2024,21030520010003,in_age_020,N/A
2024,21030660040202,in_age_014,62
2024,21030680010102,in_age_003,28
2024,21030710020009,in_age_013,40
2024,21030710020017,in_age_016,35
2024,21030600010009,in_age_018,14
2024,21030530020003,in_age_019,7
2024,21030530020002,in_age_019,N/A
2024,21030550010002,in_age_001,N/A
2024,21030530010001,in_age_014,39
2024,21030530010501,in_age_020,N/A
2024,21030710010101,in_age_009,70
2024,21030510010010,in_age_018,9
2024,21030550010007,in_age_007,27
2024,21030700020002,in_age_011,24
2024,21030530020004,in_age_015,31
2024,21030700010012,in_age_006,24
2024,21030600010002,in_age_011,60
2024,21030710020015,in_age_006,59
2024,21030570010002,in_age_004,13
2024,21030520010201,in_age_007,13
2024,21030520010003,in_age_004,10
2024,21030550010001,in_age_003,9
2024,21030700020002,in_age_018,5
2024,21030510010007,in_age_010,44
2024,21030590010001,in_age_009,13
2024,21030600010002,in_age_016,52
2024,21030520010005,in_age_012,40
2024,21030710020002,in_age_007,16
2024,21030660010003,in_age_002,N/A
2024,21030570010002,in_age_012,36
2024,21030600010003,in_age_013,36
2024,21030570010006,in_age_017,30
2024,21030660040001,in_age_001,N/A
2024,21030510010005,in_age_006,38
2024,21030680010101,in_age_015,33
2024,21030530020101,in_age_019,N/A
2024,21030710020014,in_age_019,N/A
2024,21030590010002,in_age_013,55
2024,21030570010103,in_age_009,38
2024,21030700010006,in_age_009,33
2024,21030530020004,in_age_007,40
2024,21030710020007,in_age_013,79
2024,21030600010009,in_age_017,18
2024,21030590010002,in_age_016,50
2024,21030570010011,in_age_010,33
2024,21030520010009,in_age_007,28
2024,21030700020201,in_age_002,13
2024,21030660020001,in_age_008,34
2024,21030710020005,in_age_013,45
2024,21030570010007,in_age_009,23
2024,21030700010006,in_age_012,61
2024,21030550010001,in_age_011,24
2024,21030530010002,in_age_013,25
2024,21030700020002,in_age_007,36
2024,21030700010003,in_age_012,32
2024,21030570010003,in_age_018,10
2024,21030590010003,in_age_002,13
2024,21030550010006,in_age_016,35
2024,21030570010008,in_age_012,36
2024,21030520010008,in_age_016,28
2024,21030590010006,in_age_010,23
2024,21030600010001,in_age_014,58
2024,21030570010008,in_age_001,7
2024,21030600010002,in_age_017,37
2024,21030700010301,in_age_007,54
2024,21030700020101,in_age_005,28
2024,21030680010203,in_age_010,35
2024,21030530020003,in_age_016,21
2024,21030530020004,in_age_010,22
2024,21030530020001,in_age_010,22
2024,21030530020005,in_age_007,80
2024,21030710020006,in_age_015,41
2024,21030590010005,in_age_015,39
2024,21030710020013,in_age_007,43
2024,21030680010203,in_age_003,10
2024,21030680010204,in_age_018,N/A
2024,21030530020401,in_age_005,16
2024,21030660010002,in_age_020,N/A
2024,21030660010003,in_age_017,31
2024,21030700010001,in_age_008,8
2024,21030570010012,in_age_012,50
2024,21030510010002,in_age_007,19
2024,21030660040202,in_age_003,25
2024,21030700010006,in_age_011,42
2024,21030680010201,in_age_012,33
2024,21030700010401,in_age_015,33
2024,21030530010601,in_age_012,56
2024,21030530010201,in_age_010,23
2024,21030560010002,in_age_018,10
2024,21030530010501,in_age_002,28
2024,21030530010501,in_age_006,28
2024,21030530010002,in_age_015,8
2024,21030710020004,in_age_003,12
2024,21030550010004,in_age_009,21
2024,21030530010501,in_age_001,30
2024,21030510010010,in_age_013,47
2024,21030590010002,in_age_007,19
2024,21030570010010,in_age_011,39
2024,21030600010001,in_age_009,21
2024,21030700020002,in_age_003,N/A
2024,21030600010005,in_age_016,38
2024,21030710020017,in_age_004,6
2024,21030570010011,in_age_012,39
2024,21030710020016,in_age_007,15
2024,21030660030001,in_age_014,78
2024,21030520010201,in_age_018,7
2024,21030560010006,in_age_018,11
2024,21030710020011,in_age_013,65
2024,21030590010002,in_age_001,6
2024,21030520010002,in_age_011,32
2024,21030530020502,in_age_002,38
2024,21030600010010,in_age_018,8
2024,21030570010001,in_age_005,22
2024,21030530020402,in_age_009,84
2024,21030600010002,in_age_001,N/A
2024,21030700010016,in_age_003,15
2024,21030530020102,in_age_006,37
2024,21030530020005,in_age_006,78
2024,21030600010003,in_age_008,13
2024,21030700010016,in_age_006,23
2024,21030520010201,in_age_006,23
2024,21030550010009,in_age_017,31
2024,21030700010013,in_age_013,45
2024,21030530020502,in_age_013,38
2024,21030570010005,in_age_019,6
2024,21030520010009,in_age_018,10
2024,21030530020006,in_age_017,23
2024,21030520010004,in_age_001,N/A
2024,21030710020018,in_age_011,27
2024,21030550010005,in_age_008,17
2024,21030710020013,in_age_005,29
2024,21030510010001,in_age_017,25
2024,21030560010003,in_age_014,42
2024,21030520010001,in_age_015,62
2024,21030590010004,in_age_009,22
2024,21030680010206,in_age_002,51
2024,21030700010402,in_age_006,29
2024,21030600010002,in_age_019,7
2024,21030570010005,in_age_007,16
2024,21030710020011,in_age_007,16
2024,21030510010004,in_age_008,15
2024,21030710020019,in_age_016,57
2024,21030550010004,in_age_018,14
2024,21030570010002,in_age_013,62
2024,21030700010013,in_age_006,20
2024,21030530010501,in_age_013,44
2024,21030660040204,in_age_008,22
2024,21030530020003,in_age_009,27
2024,21030710020002,in_age_011,35
2024,21030550010002,in_age_016,41
2024,21030520010007,in_age_013,52
2024,21030570010004,in_age_019,N/A
2024,21030570010101,in_age_002,23
2024,21030710010002,in_age_014,11
2024,21030560010002,in_age_003,20
2024,21030530010201,in_age_013,17
2024,21030700010011,in_age_019,N/A
2024,21030700020101,in_age_004,29
2024,21030570010007,in_age_016,25
2024,21030570010011,in_age_014,67
2024,21030660030101,in_age_009,21
2024,21030570010003,in_age_011,33
2024,21030710020017,in_age_013,59
2024,21030590010005,in_age_020,N/A
2024,21030600010002,in_age_009,24
2024,21030710020010,in_age_003,9
2024,21030590010005,in_age_017,47
2024,21030530020001,in_age_012,33
2024,21030520010008,in_age_002,N/A
2024,21030530020503,in_age_009,77
2024,21030660020102,in_age_010,27
2024,21030520010010,in_age_011,35
2024,21030680020001,in_age_004,N/A
2024,21030660010003,in_age_007,25
2024,21030700010011,in_age_018,17
2024,21030590010002,in_age_004,15
2024,21030710020002,in_age_002,N/A
2024,21030520010001,in_age_009,33
2024,21030530010901,in_age_012,52
2024,21030710020015,in_age_019,N/A
2024,21030520010003,in_age_015,49
2024,21030700020002,in_age_009,31
2024,21030590010002,in_age_018,21
2024,21030710020012,in_age_020,N/A
2024,21030710020014,in_age_020,N/A
2024,21030560010003,in_age_010,35
2024,21030700010016,in_age_002,11
2024,21030700010015,in_age_017,29
2024,21030510010003,in_age_017,12
2024,21030550010001,in_age_012,47
2024,21030710020001,in_age_019,N/A
2024,21030530020501,in_age_005,20
2024,21030550010003,in_age_017,25
2024,21030700010002,in_age_019,5
2024,21030560010005,in_age_004,16
2024,21030530010002,in_age_012,23
2024,21030590010007,in_age_006,19
2024,21030600010001,in_age_019,N/A
2024,21030600010007,in_age_010,37
2024,21030710020016,in_age_018,5
2024,21030520010201,in_age_002,6
2024,21030700010014,in_age_016,36
2024,21030680010001,in_age_016,56
2024,21030600010007,in_age_012,53
2024,21030710020004,in_age_014,75
2024,21030660020002,in_age_010,61
2024,21030700010008,in_age_014,58
2024,21030530020401,in_age_010,40
2024,21030570010101,in_age_004,9
2024,21030710020008,in_age_001,N/A
2024,21030680010301,in_age_013,50
2024,21030530020402,in_age_014,17
2024,21030570010101,in_age_013,49
2024,21030700010016,in_age_008,17
2024,21030710010101,in_age_005,45
2024,21030550010007,in_age_005,7
2024,21030590010006,in_age_017,25
2024,21030600010009,in_age_007,25
2024,21030510010008,in_age_012,47
2024,21030710010101,in_age_020,N/A
2024,21030550010007,in_age_020,N/A
2024,21030550010005,in_age_021,N/A
2024,21030710020003,in_age_006,18
2024,21030700010012,in_age_001,N/A
2024,21030570010002,in_age_019,N/A
2024,21030710020006,in_age_002,N/A
2024,21030510010001,in_age_008,20
2024,21030530020005,in_age_016,12
2024,21030530020002,in_age_018,11
2024,21030560010006,in_age_005,24
2024,21030520010009,in_age_012,35
2024,21030550010005,in_age_011,73
2024,21030710020019,in_age_004,12
2024,21030680010001,in_age_021,N/A
2024,21030510010010,in_age_004,10
2024,21030570010006,in_age_003,8
2024,21030680010205,in_age_009,65
2024,21030510010010,in_age_012,27
2024,21030700010009,in_age_015,48
2024,21030570010012,in_age_019,5
2024,21030700010011,in_age_002,6
2024,21030660040204,in_age_003,16
2024,21030510010006,in_age_007,32
2024,21030510010005,in_age_005,21
2024,21030550010008,in_age_002,7
2024,21030550010009,in_age_020,N/A
2024,21030550010001,in_age_018,12
2024,21030570010010,in_age_014,55
2024,21030700010002,in_age_002,8
2024,21030680010101,in_age_007,36
2024,21030520010003,in_age_008,12
2024,21030710020004,in_age_017,26
2024,21030710020009,in_age_015,46
2024,21030710020005,in_age_014,48
2024,21030530010901,in_age_016,15
2024,21030680010205,in_age_015,11
2024,21030520010007,in_age_017,38
2024,21030570010013,in_age_015,53
2024,21030510010006,in_age_005,22
2024,21030560010201,in_age_020,N/A
2024,21030560010002,in_age_008,20
2024,21030520010007,in_age_002,6
2024,21030590010005,in_age_005,14
2024,21030560010201,in_age_008,28
2024,21030530020501,in_age_010,63
2024,21030570010008,in_age_014,51
2024,21030680010204,in_age_020,N/A
2024,21030700010010,in_age_019,N/A
2024,21030700010009,in_age_017,32
2024,21030710020018,in_age_001,17
2024,21030590010006,in_age_006,22
2024,21030700010402,in_age_018,6
2024,21030530020402,in_age_007,61
2024,21030590010005,in_age_012,39
2024,21030700020101,in_age_013,62
2024,21030710020016,in_age_012,32
2024,21030530010001,in_age_005,24
2024,21030700010012,in_age_019,8
2024,21030710020003,in_age_013,65
2024,21030550010003,in_age_011,43
2024,21030680010206,in_age_018,N/A
2024,21030550010008,in_age_016,34
2024,21030700010301,in_age_014,23
2024,21030530010601,in_age_006,43
2024,21030710020014,in_age_010,20
2024,21030700010401,in_age_009,19
2024,21030710020009,in_age_018,15
2024,21030590010007,in_age_021,N/A
2024,21030550010002,in_age_017,27
2024,21030520010006,in_age_006,33
2024,21030520010201,in_age_016,16
2024,21030530020401,in_age_002,54
2024,21030600010005,in_age_001,N/A
2024,21030530020004,in_age_013,42
2024,21030570010103,in_age_011,63
2024,21030520010005,in_age_014,44
2024,21030570010102,in_age_018,7
2024,21030510010003,in_age_003,N/A
2024,21030710020009,in_age_012,35
2024,21030700010016,in_age_018,10
2024,21030530010001,in_age_009,31
2024,21030590010002,in_age_019,N/A
2024,21030600010007,in_age_014,57
2024,21030530020502,in_age_012,34
2024,21030600010004,in_age_008,7
2024,21030530020501,in_age_002,71
2024,21030710020013,in_age_013,36
2024,21030510010002,in_age_013,50
2024,21030700010012,in_age_003,12
2024,21030710020018,in_age_020,N/A
2024,21030700010004,in_age_013,52
2024,21030550010007,in_age_012,35
2024,21030560010004,in_age_006,12
2024,21030530020006,in_age_021,N/A
2024,21030680010302,in_age_004,12
2024,21030710020016,in_age_010,38
2024,21030530010601,in_age_009,51
2024,21030510010003,in_age_018,N/A
2024,21030510010006,in_age_014,24
2024,21030590010006,in_age_012,40
2024,21030700010014,in_age_012,33
2024,21030710020017,in_age_005,15
2024,21030520010004,in_age_007,25
2024,21030700010015,in_age_013,72
2024,21030700010007,in_age_013,45
2024,21030550010010,in_age_009,23
2024,21030550010010,in_age_005,13
2024,21030550010004,in_age_017,22
2024,21030520010002,in_age_008,45
2024,21030590010004,in_age_005,22
2024,21030520010201,in_age_009,18
2024,21030530020002,in_age_005,32
2024,21030590010002,in_age_002,8
2024,21030530020504,in_age_018,N/A
2024,21030710020019,in_age_009,18
2024,21030570010002,in_age_003,14
2024,21030660040202,in_age_009,33
2024,21030570010011,in_age_004,21
2024,21030530020003,in_age_002,9
2024,21030570010013,in_age_012,52
2024,21030530010501,in_age_017,12
2024,21030520010010,in_age_006,55
2024,21030510010002,in_age_009,21
2024,21030600010007,in_age_015,59
2024,21030530020504,in_age_009,67
2024,21030590010007,in_age_005,13
2024,21030570010001,in_age_002,5
2024,21030570010006,in_age_014,49
2024,21030710020001,in_age_002,11
2024,21030660020001,in_age_005,11
2024,21030590010004,in_age_001,N/A
2024,21030710020013,in_age_004,5
2024,21030590010006,in_age_013,39
2024,21030520010006,in_age_012,36
2024,21030700010007,in_age_007,11
2024,21030710010002,in_age_012,N/A
2024,21030700010301,in_age_010,41
2024,21030570010103,in_age_005,29
2024,21030590010007,in_age_004,7
2024,21030600010008,in_age_012,37
2024,21030530020102,in_age_012,61
2024,21030600010001,in_age_011,36
2024,21030570010101,in_age_009,40
2024,21030570010008,in_age_011,34
2024,21030570010005,in_age_014,66
2024,21030510010005,in_age_017,20
2024,21030680010302,in_age_012,54
2024,21030590010006,in_age_003,11
2024,21030530020001,in_age_008,14
2024,21030530020503,in_age_013,23
2024,21030530020101,in_age_008,89
2024,21030570010103,in_age_003,10
2024,21030570010011,in_age_013,53
2024,21030530010601,in_age_011,43
2024,21030700010012,in_age_017,25
2024,21030710020018,in_age_014,31
2024,21030570010014,in_age_008,18
2024,21030700010004,in_age_005,28
2024,21030710020009,in_age_002,N/A
2024,21030680010206,in_age_004,27
2024,21030570010102,in_age_014,41
2024,21030520010006,in_age_001,9
2024,21030710020010,in_age_004,8
2024,21030660040203,in_age_006,19
2024,21030600010006,in_age_016,34
2024,21030560010006,in_age_006,80
2024,21030510010004,in_age_005,15
2024,21030530020007,in_age_012,17
2024,21030660010002,in_age_014,95
2024,21030660020002,in_age_013,33
2024,21030680020001,in_age_008,13
2024,21030510010004,in_age_007,23
2024,21030660020102,in_age_012,39
2024,21030600010003,in_age_004,13
2024,21030700020002,in_age_004,N/A
2024,21030520010010,in_age_005,15
2024,21030560010003,in_age_004,26
2024,21030700010301,in_age_017,9
2024,21030680010201,in_age_019,N/A
2024,21030550010010,in_age_013,55
2024,21030700010009,in_age_010,23
2024,21030660020002,in_age_009,51
2024,21030520010201,in_age_013,25
2024,21030530020003,in_age_013,55
2024,21030600010005,in_age_005,7
2024,21030530010401,in_age_004,36
2024,21030700010012,in_age_013,54
2024,21030560010004,in_age_011,25
2024,21030510010011,in_age_017,14
2024,21030550010007,in_age_011,43
2024,21030520010004,in_age_002,5
2024,21030710020015,in_age_004,7
2024,21030570010014,in_age_010,26
2024,21030600010009,in_age_006,18
2024,21030530010002,in_age_004,N/A
2024,21030710010002,in_age_016,10
2024,21030550010003,in_age_018,13
2024,21030550010001,in_age_008,8
2024,21030660020002,in_age_006,108
2024,21030560010001,in_age_016,53
2024,21030510010004,in_age_016,34
2024,21030510010005,in_age_016,39
2024,21030680010203,in_age_014,38
2024,21030660020001,in_age_003,8
2024,21030570010005,in_age_013,56
2024,21030520010003,in_age_017,33
2024,21030530010001,in_age_013,41
2024,21030510010007,in_age_013,46
2024,21030600010007,in_age_016,71
2024,21030520010007,in_age_007,33
2024,21030700010010,in_age_008,10
2024,21030710020005,in_age_015,30
2024,21030570010014,in_age_016,42
2024,21030590010001,in_age_013,36
2024,21030520010004,in_age_015,52
2024,21030700010008,in_age_016,30
2024,21030710020011,in_age_015,47
2024,21030520010005,in_age_015,38
2024,21030680010206,in_age_009,68
2024,21030570010007,in_age_006,20
2024,21030550010003,in_age_001,N/A
2024,21030570010012,in_age_004,18
2024,21030700020201,in_age_010,34
2024,21030560010002,in_age_017,28
2024,21030680020001,in_age_006,19
2024,21030710020003,in_age_011,38
2024,21030710020007,in_age_012,50
2024,21030570010103,in_age_004,17
2024,21030700010009,in_age_002,5
2024,21030660040203,in_age_007,37
2024,21030550010009,in_age_013,64
2024,21030530010201,in_age_008,40
2024,21030570010001,in_age_009,23
2024,21030520010001,in_age_010,34
2024,21030600010008,in_age_002,N/A
2024,21030550010006,in_age_005,7
2024,21030530020501,in_age_008,70
2024,21030560010002,in_age_011,31
2024,21030710020019,in_age_018,38
2024,21030510010005,in_age_003,18
2024,21030680010001,in_age_014,93
2024,21030520010004,in_age_014,38
2024,21030710020011,in_age_002,N/A
2024,21030660020001,in_age_002,12
2024,21030510010009,in_age_010,33
2024,21030680010205,in_age_012,28
2024,21030710020009,in_age_008,17
2024,21030700010015,in_age_015,46
2024,21030600010010,in_age_006,23
2024,21030680010302,in_age_007,95
2024,21030710020004,in_age_016,20
2024,21030660020101,in_age_013,36
2024,21030660040001,in_age_019,N/A
2024,21030570010010,in_age_009,31
2024,21030680010203,in_age_001,54
2024,21030680010204,in_age_013,34
2024,21030550010002,in_age_007,21
2024,21030520010010,in_age_016,20
2024,21030530010901,in_age_007,65
2024,21030530020001,in_age_016,23
2024,21030590010003,in_age_019,N/A
2024,21030700010013,in_age_015,50
2024,21030570010103,in_age_002,22
2024,21030660040204,in_age_012,55
2024,21030680010202,in_age_015,20
2024,21030680010102,in_age_009,35
2024,21030520010010,in_age_007,60
2024,21030570010014,in_age_012,39
2024,21030700010014,in_age_002,N/A
2024,21030700010004,in_age_009,44
2024,21030680010202,in_age_004,15
2024,21030570010008,in_age_005,14
2024,21030530020401,in_age_019,N/A
2024,21030700010301,in_age_006,48
2024,21030700010003,in_age_007,16
2024,21030520010006,in_age_017,18
2024,21030530020006,in_age_013,6
2024,21030530010401,in_age_017,7
2024,21030530020007,in_age_020,13
2024,21030560010002,in_age_001,9
2024,21030680010202,in_age_011,55
2024,21030660040001,in_age_002,N/A
2024,21030530020101,in_age_009,81
2024,21030590010004,in_age_018,17
2024,21030530010601,in_age_017,7
2024,21030520010004,in_age_012,41
2024,21030600010004,in_age_002,6
2024,21030530020001,in_age_014,43
2024,21030530020002,in_age_009,35
2024,21030710020005,in_age_012,54
2024,21030570010003,in_age_004,15
2024,21030680010101,in_age_002,27
2024,21030550010002,in_age_006,24
2024,21030700010010,in_age_013,39
2024,21030530020504,in_age_014,29
2024,21030700010009,in_age_016,36
2024,21030700020201,in_age_007,90
2024,21030660040202,in_age_005,23
2024,21030570010002,in_age_016,36
2024,21030660030002,in_age_015,47
2024,21030550010007,in_age_006,28
2024,21030710020007,in_age_002,10
2024,21030700010009,in_age_003,12
2024,21030520010006,in_age_003,6
2024,21030530020006,in_age_016,18
2024,21030570010013,in_age_008,28
2024,21030710020009,in_age_011,30
2024,21030700010007,in_age_015,55
2024,21030700010011,in_age_012,57
2024,21030550010001,in_age_019,6
2024,21030680010301,in_age_006,78
2024,21030710020014,in_age_001,N/A
2024,21030510010004,in_age_019,N/A
2024,21030570010007,in_age_002,6
2024,21030560010001,in_age_002,7
2024,21030600010003,in_age_015,35
2024,21030680020001,in_age_020,N/A
2024,21030530020102,in_age_011,70
2024,21030680010207,in_age_001,45
2024,21030710020006,in_age_003,6
2024,21030700010402,in_age_010,18
2024,21030700010008,in_age_002,N/A
2024,21030570010102,in_age_002,13
2024,21030680010001,in_age_008,13
2024,21030680010101,in_age_009,65
2024,21030680010202,in_age_014,21
2024,21030570010005,in_age_017,29
2024,21030570010012,in_age_010,33
2024,21030530010401,in_age_007,75
2024,21030550010005,in_age_019,6
2024,21030710020015,in_age_012,28
2024,21030520010008,in_age_006,39
2024,21030590010005,in_age_013,50
2024,21030570010009,in_age_007,27
2024,21030600010009,in_age_004,5
2024,21030510010010,in_age_009,34
2024,21030560010002,in_age_009,36
2024,21030530020501,in_age_009,92
2024,21030510010011,in_age_004,9
2024,21030510010007,in_age_016,33
2024,21030710020005,in_age_018,8
2024,21030560010001,in_age_015,61
2024,21030570010006,in_age_016,42
2024,21030660040203,in_age_009,35
2024,21030510010003,in_age_004,8
2024,21030710020010,in_age_012,58
2024,21030600010006,in_age_019,N/A
2024,21030530020502,in_age_011,31
2024,21030660030002,in_age_014,58
2024,21030550010006,in_age_007,21
2024,21030660030001,in_age_002,6
2024,21030710020008,in_age_009,30
2024,21030660030001,in_age_016,33
2024,21030700010016,in_age_009,24
2024,21030550010008,in_age_006,12
2024,21030510010002,in_age_019,N/A
2024,21030530010002,in_age_017,N/A
2024,21030530010901,in_age_008,46
2024,21030700010014,in_age_013,46
2024,21030530010601,in_age_008,39
2024,21030600010005,in_age_011,35
2024,21030570010101,in_age_001,31
2024,21030680010102,in_age_015,32
2024,21030510010004,in_age_010,23
2024,21030710020018,in_age_017,12
2024,21030550010009,in_age_001,N/A
2024,21030660030001,in_age_012,47
2024,21030710020016,in_age_016,32
2024,21030600010009,in_age_003,9
2024,21030550010001,in_age_007,16
2024,21030660010001,in_age_008,12
2024,21030710020005,in_age_016,20
2024,21030600010010,in_age_004,17
2024,21030710020001,in_age_012,44
2024,21030710020002,in_age_004,8
2024,21030570010003,in_age_005,21
2024,21030710020007,in_age_014,75
2024,21030600010006,in_age_013,37
2024,21030560010005,in_age_015,50
2024,21030570010101,in_age_003,12
2024,21030510010011,in_age_018,6
2024,21030710020018,in_age_002,6
2024,21030550010004,in_age_011,37
2024,21030660030001,in_age_004,10
2024,21030700010010,in_age_007,18
2024,21030660010002,in_age_006,28
2024,21030590010007,in_age_016,33
2024,21030560010002,in_age_016,32
2024,21030570010014,in_age_013,51
2024,21030570010012,in_age_002,7
2024,21030700010004,in_age_004,N/A
2024,21030530020006,in_age_009,15
2024,21030570010013,in_age_001,N/A
2024,21030680010301,in_age_019,N/A
2024,21030680010205,in_age_011,49
2024,21030660040201,in_age_016,14
2024,21030680010301,in_age_008,72
2024,21030520010201,in_age_015,25
2024,21030700010015,in_age_007,24
2024,21030680010201,in_age_007,97
2024,21030530020007,in_age_010,12
2024,21030570010002,in_age_006,14
2024,21030570010102,in_age_012,56
2024,21030520010010,in_age_012,28
2024,21030570010001,in_age_007,36
2024,21030530020401,in_age_008,65
2024,21030550010001,in_age_017,27
2024,21030550010003,in_age_013,37
2024,21030510010007,in_age_004,18
2024,21030700020002,in_age_012,23
2024,21030700010002,in_age_011,39
2024,21030710020011,in_age_004,13
2024,21030570010004,in_age_015,51
2024,21030700010006,in_age_019,6
2024,21030570010008,in_age_010,25
2024,21030530020005,in_age_002,5
2024,21030530020504,in_age_002,40
2024,21030530020003,in_age_008,13
2024,21030700010009,in_age_018,12
2024,21030600010004,in_age_005,23
2024,21030570010012,in_age_009,23
2024,21030590010001,in_age_002,N/A
2024,21030590010001,in_age_018,17
2024,21030710020017,in_age_002,8
2024,21030530010001,in_age_010,37
2024,21030570010002,in_age_008,13
2024,21030700010016,in_age_011,29
2024,21030710020012,in_age_003,13
2024,21030510010010,in_age_005,14
2024,21030520010201,in_age_010,24
2024,21030510010008,in_age_015,17
2024,21030530020501,in_age_018,N/A
2024,21030710020009,in_age_017,30
2024,21030560010001,in_age_010,33
2024,21030520010009,in_age_020,N/A
2024,21030700020002,in_age_015,23
2024,21030700020002,in_age_014,36
2024,21030520010001,in_age_016,28
2024,21030530020504,in_age_008,61
2024,21030710010002,in_age_017,24
2024,21030710020008,in_age_002,9
2024,21030510010009,in_age_013,35
2024,21030660040203,in_age_008,28
2024,21030530010001,in_age_018,N/A
2024,21030530010401,in_age_005,25
2024,21030570010004,in_age_012,34
2024,21030700010402,in_age_002,7
2024,21030530020004,in_age_012,32
2024,21030660040202,in_age_020,N/A
2024,21030680010301,in_age_017,5
2024,21030530020006,in_age_014,9
2024,21030680010205,in_age_005,31
2024,21030530020103,in_age_007,58
2024,21030710020010,in_age_011,36
2024,21030590010007,in_age_013,49
2024,21030530010201,in_age_018,N/A
2024,21030530020004,in_age_011,26
2024,21030510010007,in_age_019,5
2024,21030560010002,in_age_005,17
2024,21030570010001,in_age_011,38
2024,21030550010004,in_age_006,20
2024,21030510010007,in_age_015,58
2024,21030700020201,in_age_006,21
2024,21030710020007,in_age_007,20
2024,21030680010203,in_age_002,29
2024,21030550010006,in_age_009,20
2024,21030700020101,in_age_009,69
2024,21030660020002,in_age_007,103
2024,21030590010003,in_age_014,44
2024,21030530020001,in_age_011,36
2024,21030590010001,in_age_007,14
2024,21030560010002,in_age_014,46
2024,21030700010014,in_age_005,22
2024,21030530010901,in_age_006,46
2024,21030590010003,in_age_012,31
2024,21030710020014,in_age_013,56
2024,21030510010007,in_age_001,5
2024,21030680010201,in_age_009,68
2024,21030710020003,in_age_010,18
2024,21030530020003,in_age_017,23
2024,21030700010005,in_age_014,53
2024,21030510010003,in_age_010,38
2024,21030530020101,in_age_020,N/A
2024,21030660040202,in_age_018,N/A
2024,21030700010005,in_age_002,N/A
2024,21030700020002,in_age_008,19
2024,21030570010101,in_age_011,59
2024,21030660010001,in_age_007,33
2024,21030700010004,in_age_008,32
2024,21030700010402,in_age_014,41
2024,21030520010003,in_age_019,N/A
2024,21030520010009,in_age_011,27
2024,21030660020102,in_age_011,44
2024,21030710020008,in_age_013,55
2024,21030530020101,in_age_013,38
2024,21030600010003,in_age_001,N/A
2024,21030710020001,in_age_015,47
2024,21030700010012,in_age_014,43
2024,21030520010010,in_age_017,17
2024,21030700020101,in_age_017,14
2024,21030510010011,in_age_003,9
2024,21030530020103,in_age_010,69
2024,21030590010002,in_age_020,N/A
2024,21030550010004,in_age_003,7
2024,21030520010007,in_age_015,59
2024,21030530020101,in_age_007,122
2024,21030680010201,in_age_017,N/A
2024,21030710020017,in_age_012,42
2024,21030530020006,in_age_018,40
2024,21030530010201,in_age_003,N/A
2024,21030680010101,in_age_003,32
2024,21030710020007,in_age_015,59
2024,21030550010003,in_age_014,44
2024,21030510010006,in_age_006,42
2024,21030570010004,in_age_013,50
2024,21030710020002,in_age_017,33
2024,21030710020018,in_age_015,23
2024,21030700020101,in_age_003,20
2024,21030700010401,in_age_019,N/A
2024,21030550010008,in_age_020,N/A
2024,21030710020005,in_age_017,22
2024,21030560010201,in_age_002,21
2024,21030710020013,in_age_017,15
2024,21030700010005,in_age_017,31
2024,21030520010004,in_age_003,N/A
2024,21030530010201,in_age_016,N/A
2024,21030570010003,in_age_015,41
2024,21030510010008,in_age_019,N/A
2024,21030550010008,in_age_017,29
2024,21030710020006,in_age_014,51
2024,21030710020006,in_age_017,40
2024,21030530010201,in_age_006,177
2024,21030710020014,in_age_018,8
2024,21030700010009,in_age_007,15
2024,21030590010004,in_age_002,8
2024,21030590010001,in_age_001,N/A
2024,21030700010010,in_age_004,9
2024,21030530020002,in_age_011,38
2024,21030570010010,in_age_008,26
2024,21030700010007,in_age_014,71
2024,21030520010005,in_age_018,8
2024,21030570010001,in_age_018,10
2024,21030710020004,in_age_005,12
2024,21030710020010,in_age_013,44
2024,21030550010010,in_age_012,49
2024,21030520010004,in_age_013,37
2024,21030570010002,in_age_017,33
2024,21030710020001,in_age_005,23
2024,21030660020101,in_age_011,47
2024,21030710020001,in_age_001,10
2024,21030570010007,in_age_019,N/A
2024,21030660020102,in_age_003,7
2024,21030680010102,in_age_017,11
2024,21030550010007,in_age_017,45
2024,21030710020001,in_age_004,9
2024,21030530020005,in_age_004,7
2024,21030510010010,in_age_017,31
2024,21030680010207,in_age_016,15
2024,21030560010003,in_age_015,38
2024,21030600010002,in_age_008,26
2024,21030550010006,in_age_010,27
2024,21030510010001,in_age_006,39
2024,21030520010005,in_age_006,22
2024,21030660010001,in_age_016,29
2024,21030660010002,in_age_001,N/A
2024,21030530020501,in_age_013,28
2024,21030590010004,in_age_007,24
2024,21030570010004,in_age_005,14
2024,21030530020402,in_age_016,5
2024,21030520010201,in_age_014,29
2024,21030600010005,in_age_013,40
2024,21030710020010,in_age_017,39
2024,21030600010007,in_age_011,28
2024,21030710020010,in_age_006,33
2024,21030560010005,in_age_005,21
2024,21030550010004,in_age_005,5
2024,21030700010005,in_age_018,13
2024,21030710020014,in_age_004,11
2024,21030600010010,in_age_007,16
2024,21030660030002,in_age_003,5
2024,21030590010005,in_age_008,9
2024,21030550010002,in_age_014,74
2024,21030680010206,in_age_014,24
2024,21030700010301,in_age_012,32
2024,21030700010005,in_age_016,40
2024,21030570010101,in_age_012,39
2024,21030660020101,in_age_009,40
2024,21030700010001,in_age_010,13
2024,21030700010015,in_age_009,31
2024,21030700010401,in_age_011,37
2024,21030530020101,in_age_006,104
2024,21030710020004,in_age_018,16
2024,21030710020015,in_age_015,22
2024,21030660010003,in_age_003,9
2024,21030680010204,in_age_012,36
2024,21030590010002,in_age_012,55
2024,21030680010204,in_age_010,43
2024,21030680010101,in_age_013,40
2024,21030680010201,in_age_008,104
2024,21030660020002,in_age_011,57
2024,21030520010601,in_age_001,N/A
2024,21030700010002,in_age_003,7
2024,21030660020001,in_age_004,6
2024,21030520010010,in_age_008,49
2024,21030680010302,in_age_001,47
2024,21030680010201,in_age_004,28
2024,21030710020002,in_age_012,35
2024,21030520010007,in_age_008,17
2024,21030680010102,in_age_002,22
2024,21030700010003,in_age_003,5
2024,21030660040203,in_age_005,10
2024,21030530020003,in_age_006,34
2024,21030520010003,in_age_007,27
2024,21030600010005,in_age_020,N/A
2024,21030710020017,in_age_018,13
2024,21030660020002,in_age_019,N/A
2024,21030570010005,in_age_012,40
2024,21030710020003,in_age_020,N/A
2024,21030710010101,in_age_016,72
2024,21030600010001,in_age_017,29
2024,21030590010004,in_age_014,64
2024,21030700010004,in_age_018,9
2024,21030560010005,in_age_007,48
2024,21030600010008,in_age_006,28
2024,21030700010301,in_age_002,33
2024,21030710020004,in_age_011,28
2024,21030570010012,in_age_006,20
2024,21030570010005,in_age_004,13
2024,21030590010006,in_age_014,51
2024,21030660020101,in_age_012,43
2024,21030600010003,in_age_019,N/A
2024,21030600010007,in_age_019,8
2024,21030510010010,in_age_014,43
2024,21030710020004,in_age_009,25
2024,21030710020001,in_age_009,28
2024,21030680010101,in_age_005,23
2024,21030510010007,in_age_017,41
2024,21030700010003,in_age_013,57
2024,21030710020001,in_age_006,32
2024,21030530020402,in_age_001,40
2024,21030600010006,in_age_018,12
2024,21030710020015,in_age_003,5
2024,21030660020102,in_age_005,14
2024,21030510010001,in_age_018,10
2024,21030700010401,in_age_013,43
2024,21030570010013,in_age_018,17
2024,21030520010601,in_age_003,18
2024,21030510010009,in_age_002,7
2024,21030660010003,in_age_015,59
2024,21030600010007,in_age_018,21
2024,21030530020007,in_age_014,24
2024,21030530020102,in_age_010,69
2024,21030710020004,in_age_013,51
2024,21030530020005,in_age_005,9
2024,21030700010001,in_age_001,N/A
2024,21030710020010,in_age_016,47
2024,21030710020009,in_age_007,26
2024,21030700010014,in_age_003,N/A
2024,21030570010005,in_age_001,N/A
2024,21030510010006,in_age_008,39
2024,21030660010003,in_age_006,14
2024,21030520010008,in_age_012,43
2024,21030510010011,in_age_013,29
2024,21030700010003,in_age_010,28
2024,21030680010202,in_age_009,95
2024,21030570010011,in_age_019,7
2024,21030530020003,in_age_005,20
2024,21030510010002,in_age_004,16
2024,21030680010203,in_age_012,41
2024,21030660040204,in_age_017,9
2024,21030710020007,in_age_019,N/A
2024,21030600010007,in_age_020,N/A
2024,21030530020501,in_age_007,30
2024,21030700010301,in_age_013,34
2024,21030530010401,in_age_006,51
2024,21030510010003,in_age_009,53
2024,21030530020102,in_age_013,36
2024,21030700010003,in_age_005,17
2024,21030530020002,in_age_013,50
2024,21030530010401,in_age_011,68
2024,21030710020003,in_age_012,40
2024,21030710020008,in_age_018,7
2024,21030660020001,in_age_012,34
2024,21030700010008,in_age_009,21
2024,21030520010601,in_age_005,15
2024,21030680010301,in_age_018,N/A
2024,21030530010501,in_age_009,58
2024,21030700010015,in_age_001,7
2024,21030700010013,in_age_004,13
2024,21030710020018,in_age_006,60
2024,21030570010007,in_age_014,40
2024,21030520010201,in_age_011,25
2024,21030520010001,in_age_001,N/A
2024,21030590010001,in_age_003,N/A
2024,21030530020103,in_age_015,23
2024,21030510010009,in_age_019,N/A
2024,21030550010003,in_age_007,15
2024,21030570010004,in_age_011,25
2024,21030710020007,in_age_005,8
2024,21030700010009,in_age_009,37
2024,21030710020001,in_age_003,8
2024,21030550010008,in_age_010,37
2024,21030660010003,in_age_020,N/A
2024,21030660020101,in_age_008,21
2024,21030700010002,in_age_017,43
2024,21030660040201,in_age_006,16
2024,21030680010001,in_age_012,49
2024,21030560010001,in_age_004,12
2024,21030530020401,in_age_014,35
2024,21030710010101,in_age_003,33
2024,21030660020002,in_age_015,13
2024,21030570010010,in_age_015,33
2024,21030570010014,in_age_009,22
2024,21030700010401,in_age_010,17
2024,21030530010401,in_age_002,25
2024,21030700010015,in_age_004,19
2024,21030530010002,in_age_009,33
2024,21030570010003,in_age_019,N/A
2024,21030600010003,in_age_005,17
2024,21030680010202,in_age_005,36
2024,21030560010001,in_age_007,28
2024,21030530020006,in_age_019,33
2024,21030710020011,in_age_005,22
2024,21030710020015,in_age_009,50
2024,21030660040204,in_age_002,15
2024,21030600010003,in_age_002,5
2024,21030710020014,in_age_003,14
2024,21030510010007,in_age_011,32
2024,21030600010006,in_age_012,36
2024,21030700010015,in_age_002,17
2024,21030560010201,in_age_012,57
2024,21030710020008,in_age_007,26
2024,21030710020011,in_age_020,N/A
2024,21030550010004,in_age_020,N/A
2024,21030680010202,in_age_007,162
2024,21030570010102,in_age_013,50
2024,21030600010001,in_age_010,27
2024,21030510010008,in_age_004,6
2024,21030530020005,in_age_003,N/A
2024,21030710020003,in_age_017,31
2024,21030530020103,in_age_012,50
2024,21030570010012,in_age_005,24
2024,21030600010007,in_age_017,37
2024,21030680010001,in_age_005,16
2024,21030530020003,in_age_003,19
2024,21030560010201,in_age_014,54
2024,21030600010002,in_age_003,17
2024,21030510010004,in_age_009,33
2024,21030700010015,in_age_008,28
2024,21030590010002,in_age_009,30
2024,21030530020103,in_age_008,61
2024,21030520010007,in_age_019,8
2024,21030600010004,in_age_013,41
2024,21030590010006,in_age_007,16
2024,21030530020004,in_age_008,21
2024,21030520010009,in_age_009,25
2024,21030710020014,in_age_005,18
2024,21030530010501,in_age_007,49
2024,21030520010007,in_age_014,65
2024,21030700010001,in_age_019,35
2024,21030520010201,in_age_008,17
2024,21030520010201,in_age_017,8
2024,21030510010005,in_age_019,N/A
2024,21030550010010,in_age_004,24
2024,21030520010007,in_age_018,15
2024,21030700010013,in_age_002,8
2024,21030590010004,in_age_006,12
2024,21030530020002,in_age_010,29
2024,21030570010004,in_age_010,20
2024,21030710020001,in_age_017,27
2024,21030530020501,in_age_016,8
2024,21030710020005,in_age_005,9
2024,21030520010003,in_age_018,14
2024,21030510010009,in_age_007,80
2024,21030520010007,in_age_009,29
2024,21030700020002,in_age_017,21
2024,21030700010010,in_age_009,21
2024,21030700010006,in_age_018,17
2024,21030660040201,in_age_002,14
2024,21030660030002,in_age_008,25
2024,21030530020005,in_age_008,55
2024,21030710020016,in_age_002,13
2024,21030570010013,in_age_005,18
2024,21030660010001,in_age_013,53
2024,21030700010011,in_age_005,24
2024,21030570010007,in_age_013,42
2024,21030710020012,in_age_017,34
2024,21030550010001,in_age_015,33
2024,21030710020008,in_age_006,20
2024,21030710020004,in_age_001,N/A
2024,21030710020006,in_age_005,11
2024,21030550010001,in_age_010,23
2024,21030680010101,in_age_001,20
2024,21030570010013,in_age_011,33
2024,21030530020102,in_age_005,29
2024,21030530020402,in_age_002,53
2024,21030700010004,in_age_002,8
2024,21030600010006,in_age_021,N/A
2024,21030520010009,in_age_015,40
2024,21030530010601,in_age_003,14
2024,21030550010010,in_age_006,17
2024,21030710020012,in_age_012,35
2024,21030570010009,in_age_019,N/A
2024,21030680010202,in_age_018,N/A
2024,21030710020010,in_age_020,N/A
2024,21030710020015,in_age_018,5
2024,21030570010013,in_age_009,27
2024,21030530010601,in_age_004,18
2024,21030710020017,in_age_019,7
2024,21030680010203,in_age_006,39
2024,21030680010201,in_age_002,41
2024,21030530020102,in_age_015,16
2024,21030530020006,in_age_011,12
2024,21030520010004,in_age_006,35
2024,21030700010001,in_age_015,29
2024,21030600010001,in_age_001,N/A
2024,21030710020002,in_age_009,22
2024,21030700010003,in_age_002,11
2024,21030530020004,in_age_004,9
2024,21030710020019,in_age_005,9
2024,21030560010006,in_age_015,35
2024,21030700010002,in_age_001,8
2024,21030530020401,in_age_004,30
2024,21030570010101,in_age_016,16
2024,21030560010001,in_age_019,5
2024,21030700010003,in_age_015,45
2024,21030680010202,in_age_012,44
2024,21030710020007,in_age_016,41
2024,21030520010601,in_age_009,14
2024,21030710020014,in_age_006,26
2024,21030700020101,in_age_011,66
2024,21030710020016,in_age_017,20
2024,21030530020103,in_age_014,31
2024,21030710020011,in_age_014,51
2024,21030680010204,in_age_004,19
2024,21030570010011,in_age_006,20
2024,21030660030101,in_age_007,136
2024,21030660040202,in_age_016,17
2024,21030510010009,in_age_008,55
2024,21030710020006,in_age_006,32
2024,21030570010102,in_age_007,62
2024,21030530010501,in_age_003,26
2024,21030520010005,in_age_004,9
2024,21030710020006,in_age_011,31
2024,21030530010501,in_age_016,20
2024,21030530020102,in_age_017,8
2024,21030710010002,in_age_015,9
2024,21030700010005,in_age_008,15
2024,21030550010010,in_age_002,N/A
2024,21030700010002,in_age_013,61
2024,21030560010002,in_age_007,22
2024,21030570010102,in_age_005,25
2024,21030520010010,in_age_001,N/A
2024,21030550010003,in_age_010,29
2024,21030550010007,in_age_016,40
2024,21030520010002,in_age_017,14
2024,21030530010401,in_age_016,19
2024,21030530020003,in_age_004,13
2024,21030710020011,in_age_018,8
2024,21030530020003,in_age_001,N/A
2024,21030710020003,in_age_002,N/A
2024,21030680010206,in_age_007,81
2024,21030520010010,in_age_015,29
2024,21030520010001,in_age_012,57
2024,21030600010001,in_age_018,8
2024,21030700020101,in_age_012,63
2024,21030550010010,in_age_016,49
2024,21030710020015,in_age_011,32
2024,21030530020504,in_age_012,36
2024,21030560010005,in_age_018,7
2024,21030530020502,in_age_010,51
2024,21030680010204,in_age_016,15
2024,21030600010008,in_age_014,48
2024,21030600010002,in_age_002,N/A
2024,21030600010002,in_age_014,62
2024,21030680010101,in_age_017,24
2024,21030570010013,in_age_019,N/A
2024,21030590010005,in_age_003,5
2024,21030530020101,in_age_014,40
2024,21030700020101,in_age_008,111
2024,21030700010001,in_age_004,N/A
2024,21030510010007,in_age_018,14
2024,21030710020008,in_age_014,46
2024,21030510010007,in_age_007,29
2024,21030600010003,in_age_014,47
2024,21030530010201,in_age_015,13
2024,21030530010001,in_age_001,9
2024,21030550010002,in_age_002,N/A
2024,21030550010007,in_age_003,17
2024,21030600010004,in_age_019,N/A
2024,21030560010006,in_age_017,26
2024,21030600010007,in_age_006,33
2024,21030660030101,in_age_015,11
2024,21030600010010,in_age_019,N/A
2024,21030680010202,in_age_006,84
2024,21030530020103,in_age_018,N/A
2024,21030550010006,in_age_002,N/A
2024,21030710010002,in_age_018,29
2024,21030590010007,in_age_002,N/A
2024,21030710020012,in_age_016,26
2024,21030530020402,in_age_003,43
2024,21030530020002,in_age_003,8
2024,21030520010010,in_age_010,32
2024,21030710020019,in_age_020,6
2024,21030550010009,in_age_006,20
2024,21030710010002,in_age_006,N/A
2024,21030530020004,in_age_002,5
2024,21030520010004,in_age_018,8
2024,21030710020001,in_age_008,22
2024,21030700010001,in_age_021,N/A
2024,21030660040001,in_age_014,17
2024,21030660020101,in_age_007,28
2024,21030550010001,in_age_004,7
2024,21030560010004,in_age_012,42
2024,21030600010008,in_age_003,5
2024,21030520010006,in_age_008,22
2024,21030660030001,in_age_007,37
2024,21030700010007,in_age_018,18
2024,21030550010001,in_age_014,47
2024,21030600010004,in_age_018,9
2024,21030700010013,in_age_009,20
2024,21030510010011,in_age_016,17
2024,21030700010011,in_age_003,11
2024,21030510010007,in_age_009,30
2024,21030660040203,in_age_017,8
2024,21030570010013,in_age_006,28
2024,21030700020201,in_age_011,50
2024,21030520010007,in_age_010,31
2024,21030570010005,in_age_016,34
2024,21030520010004,in_age_009,21
2024,21030680010201,in_age_011,38
2024,21030680010101,in_age_018,8
2024,21030680010101,in_age_012,42
2024,21030590010007,in_age_019,N/A
2024,21030710020015,in_age_014,35
2024,21030660010002,in_age_013,65
2024,21030660030101,in_age_004,N/A
2024,21030700010014,in_age_011,40
2024,21030570010002,in_age_009,30
2024,21030710020012,in_age_006,30
2024,21030550010006,in_age_004,8
2024,21030660020101,in_age_016,12
2024,21030530010401,in_age_018,N/A
2024,21030680010001,in_age_018,28
2024,21030530010901,in_age_001,17
2024,21030560010201,in_age_017,22
2024,21030710020006,in_age_001,N/A
2024,21030710020012,in_age_011,50
2024,21030710020009,in_age_016,31
2024,21030680010204,in_age_002,31
2024,21030660030101,in_age_003,N/A
2024,21030700010004,in_age_012,40
2024,21030660020002,in_age_008,68
2024,21030710020013,in_age_015,15
2024,21030700010011,in_age_001,6
2024,21030700010013,in_age_017,34
2024,21030530020503,in_age_012,29
2024,21030520010007,in_age_005,19
2024,21030700010008,in_age_008,23
2024,21030700010011,in_age_015,38
2024,21030700020201,in_age_017,N/A
2024,21030530010601,in_age_002,13
2024,21030520010005,in_age_009,21
2024,21030520010005,in_age_010,20
2024,21030590010004,in_age_003,N/A
2024,21030700010013,in_age_008,14
2024,21030530010601,in_age_014,23
2024,21030600010008,in_age_010,17
2024,21030700010010,in_age_014,47
2024,21030700010007,in_age_006,21
2024,21030560010201,in_age_016,49
2024,21030600010001,in_age_002,9
2024,21030660010002,in_age_011,30
2024,21030600010003,in_age_018,11
2024,21030570010008,in_age_009,23
2024,21030590010002,in_age_006,30
2024,21030570010004,in_age_002,7
2024,21030560010006,in_age_010,29
2024,21030710020004,in_age_010,20
2024,21030700010006,in_age_017,23
2024,21030530020001,in_age_009,38
2024,21030550010003,in_age_006,23
2024,21030680010206,in_age_012,36
2024,21030510010008,in_age_002,N/A
2024,21030510010011,in_age_011,35
2024,21030700010004,in_age_017,20
2024,21030680010102,in_age_019,N/A
2024,21030680010101,in_age_004,32
2024,21030570010103,in_age_006,35
2024,21030530020501,in_age_001,49
2024,21030570010011,in_age_015,49
2024,21030530020502,in_age_003,30
2024,21030530020503,in_age_008,72
2024,21030550010004,in_age_019,N/A
2024,21030710020003,in_age_014,39
2024,21030520010001,in_age_008,32
2024,21030700020201,in_age_008,57
2024,21030700010007,in_age_005,18
2024,21030710020006,in_age_019,N/A
2024,21030530020002,in_age_007,48
2024,21030660030002,in_age_010,32
2024,21030710020012,in_age_008,25
2024,21030710020016,in_age_004,7
2024,21030680010302,in_age_002,36
2024,21030530020003,in_age_018,18
2024,21030660010002,in_age_018,9
2024,21030530020002,in_age_020,N/A
2024,21030600010006,in_age_006,17
2024,21030710020014,in_age_014,64
2024,21030660010003,in_age_004,8
2024,21030520010001,in_age_004,15
2024,21030530020101,in_age_015,28
2024,21030570010101,in_age_005,29
2024,21030660020102,in_age_006,16
2024,21030520010201,in_age_021,N/A
2024,21030700010012,in_age_007,16
2024,21030710020002,in_age_014,57
2024,21030550010002,in_age_019,7
2024,21030560010006,in_age_013,36
2024,21030570010002,in_age_002,12
2024,21030560010001,in_age_006,27
2024,21030700010003,in_age_016,43
2024,21030510010002,in_age_003,11
2024,21030530020003,in_age_015,40
2024,21030550010003,in_age_005,19
2024,21030700010002,in_age_009,40
2024,21030600010002,in_age_013,55
2024,21030530020402,in_age_019,N/A
2024,21030680020001,in_age_018,22
2024,21030590010006,in_age_016,44
2024,21030570010010,in_age_019,N/A
2024,21030700010005,in_age_003,7
2024,21030700010004,in_age_014,54
2024,21030530010401,in_age_008,61
2024,21030600010002,in_age_018,17
2024,21030510010002,in_age_020,N/A
2024,21030510010004,in_age_002,5
2024,21030710020009,in_age_021,N/A
2024,21030530010501,in_age_008,44
2024,21030660040203,in_age_004,22
2024,21030590010005,in_age_011,33
2024,21030710020004,in_age_002,12
2024,21030590010007,in_age_011,28
2024,21030700010001,in_age_018,58
2024,21030510010006,in_age_013,35
2024,21030530010201,in_age_004,N/A
2024,21030710020004,in_age_015,47
2024,21030550010009,in_age_019,10
2024,21030710020019,in_age_007,17
2024,21030560010005,in_age_002,5
2024,21030710020015,in_age_001,9
2024,21030700010005,in_age_012,51
2024,21030570010008,in_age_017,20
2024,21030530020402,in_age_005,14
2024,21030560010004,in_age_009,26
2024,21030570010101,in_age_014,38
2024,21030570010007,in_age_011,32
2024,21030520010005,in_age_013,42
2024,21030570010101,in_age_015,21
2024,21030560010004,in_age_002,15
2024,21030520010003,in_age_002,N/A
2024,21030660040001,in_age_007,7
2024,21030520010001,in_age_017,33
2024,21030680010001,in_age_009,27
2024,21030660030001,in_age_003,8
2024,21030510010003,in_age_006,78
2024,21030600010005,in_age_017,25
2024,21030700020101,in_age_002,29
2024,21030660030101,in_age_011,19
2024,21030710020018,in_age_012,29
2024,21030590010001,in_age_004,9
2024,21030700010003,in_age_014,44
2024,21030550010003,in_age_003,11
2024,21030660020001,in_age_011,45
2024,21030710020019,in_age_008,12
2024,21030710020001,in_age_013,56
2024,21030510010009,in_age_001,7
2024,21030550010005,in_age_007,33
2024,21030660030001,in_age_018,13
2024,21030680010204,in_age_019,N/A
2024,21030700010010,in_age_003,9
2024,21030600010008,in_age_001,N/A
2024,21030520010002,in_age_013,34
2024,21030590010004,in_age_004,10
2024,21030710020017,in_age_007,22
2024,21030570010009,in_age_008,19
2024,21030570010004,in_age_006,20
2024,21030550010007,in_age_014,56
2024,21030680010203,in_age_007,81
2024,21030710020001,in_age_018,17
2024,21030520010001,in_age_003,9
2024,21030510010001,in_age_014,61
2024,21030660040201,in_age_004,18
2024,21030600010005,in_age_008,13
2024,21030700010002,in_age_012,46
2024,21030680010001,in_age_006,19
2024,21030560010201,in_age_019,N/A
2024,21030570010009,in_age_017,35
2024,21030710020013,in_age_012,35
2024,21030570010008,in_age_015,60
2024,21030710020019,in_age_003,9
2024,21030570010014,in_age_006,16
2024,21030700010007,in_age_011,38
2024,21030530020503,in_age_002,51
2024,21030680010207,in_age_007,85
2024,21030510010009,in_age_015,25
2024,21030520010006,in_age_007,33
2024,21030530010002,in_age_010,28
2024,21030700010010,in_age_005,15
2024,21030570010008,in_age_013,49
2024,21030660020001,in_age_015,38
2024,21030570010010,in_age_006,42
2024,21030600010009,in_age_014,35
2024,21030600010007,in_age_003,15
2024,21030680010201,in_age_001,64
2024,21030520010009,in_age_003,N/A
2024,21030550010009,in_age_004,16
2024,21030660040202,in_age_015,41
2024,21030560010201,in_age_011,62
2024,21030700010006,in_age_005,18
2024,21030660020002,in_age_002,N/A
2024,21030710020012,in_age_002,6
2024,21030710010101,in_age_001,17
2024,21030590010005,in_age_016,44
2024,21030510010003,in_age_008,71
2024,21030700010007,in_age_016,49
2024,21030710020016,in_age_005,13
2024,21030530010901,in_age_015,44
2024,21030660030001,in_age_009,28
2024,21030570010001,in_age_001,N/A
2024,21030530020501,in_age_004,18
2024,21030660020002,in_age_001,N/A
2024,21030600010008,in_age_019,5
2024,21030530020005,in_age_013,16
2024,21030550010004,in_age_008,13
2024,21030550010008,in_age_012,41
2024,21030570010001,in_age_006,41
2024,21030550010006,in_age_011,27
2024,21030530020101,in_age_001,45
2024,21030710020017,in_age_001,5
2024,21030680010201,in_age_018,N/A
2024,21030570010009,in_age_010,39
2024,21030700010402,in_age_004,9
2024,21030660040001,in_age_011,21
2024,21030700010004,in_age_011,40
2024,21030570010102,in_age_011,51
2024,21030550010007,in_age_018,19
2024,21030530020501,in_age_006,16
2024,21030660030001,in_age_005,8
2024,21030590010006,in_age_015,32
2024,21030530020005,in_age_015,17
2024,21030680010001,in_age_011,41
2024,21030520010601,in_age_008,10
2024,21030700010007,in_age_012,36
2024,21030520010001,in_age_011,46
2024,21030700020201,in_age_004,17
2024,21030550010010,in_age_001,N/A
2024,21030530020502,in_age_016,12
2024,21030700010016,in_age_010,40
2024,21030700010402,in_age_005,14
2024,21030710020008,in_age_011,32
2024,21030560010003,in_age_007,21
2024,21030530020503,in_age_010,49
2024,21030570010014,in_age_015,60
2024,21030510010003,in_age_001,N/A
2024,21030550010002,in_age_011,39
2024,21030680010204,in_age_017,N/A
2024,21030590010005,in_age_001,N/A
2024,21030680010203,in_age_009,55
2024,21030700010009,in_age_013,42
2024,21030590010001,in_age_012,36
2024,21030530020103,in_age_003,35
2024,21030660010002,in_age_010,16
2024,21030530010601,in_age_010,49
2024,21030570010103,in_age_013,61
2024,21030510010002,in_age_012,40
2024,21030520010009,in_age_004,N/A
2024,21030560010001,in_age_001,N/A
2024,21030520010007,in_age_016,43
2024,21030710010002,in_age_020,N/A
2024,21030710020015,in_age_010,24
2024,21030570010002,in_age_007,22
2024,21030550010009,in_age_014,68
2024,21030510010008,in_age_014,19
2024,21030600010003,in_age_016,39
2024,21030710010002,in_age_013,5
2024,21030530010002,in_age_011,25
2024,21030700010012,in_age_010,22
2024,21030710020005,in_age_004,17
2024,21030570010101,in_age_006,59
2024,21030570010007,in_age_004,14
2024,21030710020015,in_age_017,17
2024,21030530020502,in_age_015,10
2024,21030680010207,in_age_015,17
2024,21030550010004,in_age_013,53
2024,21030660040202,in_age_006,34
2024,21030570010009,in_age_009,31
2024,21030530020001,in_age_017,19
2024,21030710020010,in_age_002,N/A
2024,21030660040203,in_age_013,42
2024,21030700010002,in_age_020,N/A
2024,21030700010001,in_age_007,6
2024,21030510010008,in_age_017,N/A
2024,21030700020101,in_age_015,18
2024,21030510010001,in_age_003,13
2024,21030700010005,in_age_007,22
2024,21030570010005,in_age_006,25
2024,21030680010302,in_age_017,14
2024,21030570010013,in_age_017,32
2024,21030600010002,in_age_004,16
2024,21030660020001,in_age_013,37
2024,21030680010201,in_age_005,15
2024,21030600010010,in_age_003,9
2024,21030700010301,in_age_005,17
2024,21030710020002,in_age_001,N/A
2024,21030510010005,in_age_002,9
2024,21030550010003,in_age_009,16
2024,21030700010009,in_age_008,8
2024,21030570010014,in_age_019,N/A
2024,21030600010005,in_age_012,32
2024,21030700020101,in_age_007,137
2024,21030680010206,in_age_013,33
2024,21030590010006,in_age_018,7
2024,21030510010001,in_age_001,N/A
2024,21030700010003,in_age_008,15
2024,21030700010005,in_age_005,28
2024,21030700020101,in_age_018,6
2024,21030700010008,in_age_004,16
2024,21030660020101,in_age_019,N/A
2024,21030680010102,in_age_006,22
2024,21030570010008,in_age_018,10
2024,21030700010003,in_age_001,N/A
2024,21030700010011,in_age_016,48
2024,21030660010003,in_age_008,17
2024,21030600010002,in_age_010,35
2024,21030700010402,in_age_003,12
2024,21030680010001,in_age_004,6
2024,21030680010204,in_age_015,21
2024,21030710020016,in_age_011,32
2024,21030550010008,in_age_019,N/A
2024,21030560010004,in_age_018,14
2024,21030710020014,in_age_015,47
2024,21030510010005,in_age_011,39
2024,21030700010301,in_age_009,67
2024,21030590010003,in_age_004,11
2024,21030550010005,in_age_004,27
2024,21030530010001,in_age_003,N/A
2024,21030510010001,in_age_009,28
2024,21030710010002,in_age_019,15
2024,21030680010102,in_age_014,38
2024,21030700010006,in_age_016,43
2024,21030530020504,in_age_013,20
2024,21030680010207,in_age_018,N/A
2024,21030660040203,in_age_018,6
2024,21030660030002,in_age_011,49
2024,21030520010201,in_age_003,12
2024,21030550010004,in_age_002,6
2024,21030530020402,in_age_008,61
2024,21030700010006,in_age_021,N/A
2024,21030530020501,in_age_012,30
2024,21030570010103,in_age_017,7
2024,21030530020006,in_age_015,16
2024,21030530010501,in_age_014,51
2024,21030560010005,in_age_006,42
2024,21030710020003,in_age_018,13
2024,21030710020006,in_age_012,41
2024,21030550010006,in_age_001,5
2024,21030660010001,in_age_011,33
2024,21030570010004,in_age_004,11
2024,21030530020401,in_age_015,21
2024,21030700010014,in_age_019,N/A
2024,21030700010008,in_age_011,37
2024,21030530020401,in_age_007,36
2024,21030520010601,in_age_007,15
2024,21030530020007,in_age_006,18
2024,21030570010001,in_age_010,27
2024,21030510010004,in_age_011,35
2024,21030660040202,in_age_001,21
2024,21030700010001,in_age_014,29
2024,21030600010010,in_age_010,25
2024,21030660020001,in_age_006,31
2024,21030680010206,in_age_011,48
2024,21030510010002,in_age_018,8
2024,21030590010001,in_age_011,41
2024,21030710020018,in_age_004,10
2024,21030560010002,in_age_004,17
2024,21030710010101,in_age_007,57
2024,21030700020002,in_age_010,18
2024,21030530020101,in_age_011,50
2024,21030710020002,in_age_018,16
2024,21030680020001,in_age_011,36
2024,21030660040202,in_age_008,31
2024,21030660040203,in_age_003,17
2024,21030560010003,in_age_006,32
2024,21030530010901,in_age_004,21
2024,21030680010205,in_age_002,39
2024,21030660040201,in_age_003,19
2024,21030680010206,in_age_003,27
2024,21030570010102,in_age_009,41
2024,21030530020503,in_age_018,N/A
2024,21030510010005,in_age_014,55
2024,21030560010001,in_age_011,47
2024,21030570010010,in_age_002,7
2024,21030530020504,in_age_007,35
2024,21030570010004,in_age_016,40
2024,21030660030002,in_age_009,30
2024,21030710020002,in_age_008,11
2024,21030700010007,in_age_003,15
2024,21030510010008,in_age_013,35
2024,21030700010402,in_age_008,11
2024,21030510010002,in_age_015,43
2024,21030530010201,in_age_014,13
2024,21030600010003,in_age_007,21
2024,21030680010102,in_age_013,30
2024,21030570010007,in_age_010,39
2024,21030570010008,in_age_006,14
2024,21030710020010,in_age_009,15
2024,21030710020005,in_age_008,19
2024,21030550010005,in_age_014,51
2024,21030700010002,in_age_018,15
2024,21030520010009,in_age_017,22
2024,21030660040001,in_age_017,13
2024,21030680010203,in_age_015,16
2024,21030510010011,in_age_007,40
2024,21030510010011,in_age_002,7
2024,21030590010004,in_age_011,57
2024,21030530010201,in_age_007,109
2024,21030600010001,in_age_003,8
2024,21030530020504,in_age_016,11
2024,21030590010004,in_age_015,46
2024,21030660040202,in_age_007,38
2024,21030710020017,in_age_015,49
2024,21030560010201,in_age_010,56
2024,21030530020004,in_age_005,16
2024,21030710020016,in_age_013,54
2024,21030530020102,in_age_018,N/A
2024,21030520010201,in_age_004,11
2024,21030680010204,in_age_003,25
2024,21030530020103,in_age_016,6
2024,21030530020004,in_age_009,26
2024,21030530020101,in_age_016,32
2024,21030530020007,in_age_007,41
2024,21030600010001,in_age_016,34
2024,21030660010001,in_age_019,N/A
2024,21030710020017,in_age_014,86
2024,21030600010006,in_age_004,11
2024,21030710020005,in_age_010,18
2024,21030660010002,in_age_007,25
2024,21030710020007,in_age_009,27
2024,21030700010011,in_age_013,69
2024,21030710020010,in_age_007,13
2024,21030510010006,in_age_001,5
2024,21030520010007,in_age_003,9
2024,21030520010008,in_age_020,N/A
2024,21030710020006,in_age_010,19
2024,21030600010010,in_age_014,54
2024,21030530010901,in_age_014,54
2024,21030530010401,in_age_009,59
2024,21030700010013,in_age_011,58
2024,21030530020101,in_age_018,N/A
2024,21030660040204,in_age_006,28
2024,21030550010006,in_age_015,39
2024,21030570010101,in_age_019,N/A
2024,21030660030001,in_age_011,34
2024,21030570010009,in_age_006,30
2024,21030570010011,in_age_001,9
2024,21030660030101,in_age_001,N/A
2024,21030530020006,in_age_006,121
2024,21030700010006,in_age_004,15
2024,21030570010002,in_age_011,40
2024,21030710020014,in_age_011,40
2024,21030560010003,in_age_017,21
2024,21030520010002,in_age_015,27
2024,21030660030002,in_age_020,N/A
2024,21030510010006,in_age_003,12
2024,21030520010601,in_age_002,5
2024,21030710020014,in_age_008,19
2024,21030700010015,in_age_005,23
2024,21030710020006,in_age_008,13
2024,21030520010201,in_age_012,33
2024,21030710020018,in_age_019,N/A
2024,21030600010005,in_age_002,6
2024,21030550010009,in_age_015,57
2024,21030660020001,in_age_010,32
2024,21030510010004,in_age_012,46
2024,21030520010003,in_age_013,46
2024,21030560010001,in_age_005,30
2024,21030680010301,in_age_001,42
2024,21030550010002,in_age_018,21
2024,21030570010005,in_age_002,N/A
2024,21030520010006,in_age_016,31
2024,21030510010001,in_age_005,31
2024,21030710020018,in_age_008,29
2024,21030710020013,in_age_002,5
2024,21030680010204,in_age_014,18
2024,21030700010006,in_age_006,40
2024,21030710020016,in_age_001,5
2024,21030550010008,in_age_007,30
2024,21030700010003,in_age_006,14
2024,21030680010101,in_age_019,N/A
2024,21030710020003,in_age_009,12
2024,21030570010006,in_age_012,40
2024,21030510010001,in_age_012,48
2024,21030660040001,in_age_004,N/A
2024,21030710020011,in_age_010,19
2024,21030510010008,in_age_009,33
2024,21030600010002,in_age_007,33
2024,21030680010302,in_age_006,47
2024,21030660020102,in_age_019,N/A
2024,21030660010001,in_age_018,13
2024,21030550010006,in_age_003,6
2024,21030680010201,in_age_016,6
2024,21030660010003,in_age_014,69
2024,21030510010006,in_age_016,14
2024,21030680010301,in_age_003,20
2024,21030590010007,in_age_009,16
2024,21030560010003,in_age_008,25
2024,21030680010302,in_age_009,90
2024,21030550010005,in_age_015,54
2024,21030700010006,in_age_008,15
2024,21030700020201,in_age_013,29
2024,21030510010011,in_age_006,44
2024,21030560010004,in_age_013,37
2024,21030710020015,in_age_016,17
2024,21030550010008,in_age_009,30
2024,21030680020001,in_age_002,N/A
2024,21030590010005,in_age_018,30
2024,21030600010005,in_age_014,51
2024,21030680010102,in_age_018,6
2024,21030700010001,in_age_017,51
2024,21030530020001,in_age_003,18
2024,21030550010007,in_age_001,N/A
2024,21030530010201,in_age_017,N/A
2024,21030510010010,in_age_011,43
2024,21030510010002,in_age_011,33
2024,21030510010003,in_age_007,92
2024,21030510010004,in_age_015,39
2024,21030700010005,in_age_015,37
2024,21030510010010,in_age_007,33
2024,21030530020001,in_age_015,27
2024,21030700010402,in_age_012,56
2024,21030660040203,in_age_001,22
2024,21030600010001,in_age_008,11
2024,21030600010005,in_age_006,19
2024,21030570010006,in_age_002,N/A
2024,21030710020017,in_age_017,35
2024,21030550010005,in_age_002,13
2024,21030680010302,in_age_011,66
2024,21030700010008,in_age_007,22
2024,21030660040203,in_age_015,14
2024,21030560010201,in_age_006,27
2024,21030680010302,in_age_015,31
2024,21030710020013,in_age_018,15
2024,21030530020004,in_age_018,7
2024,21030710020005,in_age_006,20
2024,21030600010004,in_age_016,21
2024,21030530020503,in_age_006,53
2024,21030680010201,in_age_010,56
2024,21030530020006,in_age_012,8
2024,21030710020011,in_age_017,27
2024,21030570010003,in_age_013,36
2024,21030530010001,in_age_017,N/A
2024,21030510010009,in_age_006,93
2024,21030710020009,in_age_001,N/A
2024,21030700010014,in_age_006,37
2024,21030530010002,in_age_007,65
2024,21030710020010,in_age_005,19
2024,21030510010005,in_age_015,52
2024,21030530020005,in_age_012,25
2024,21030680010205,in_age_004,19
2024,21030510010005,in_age_009,37
2024,21030660030002,in_age_019,N/A
2024,21030660010002,in_age_019,N/A
2024,21030570010102,in_age_006,35
2024,21030530010002,in_age_014,13
2024,21030530020007,in_age_005,N/A
2024,21030550010002,in_age_009,17
2024,21030530020402,in_age_015,15
2024,21030680010207,in_age_013,41
2024,21030530020402,in_age_010,51
2024,21030660010002,in_age_015,50
2024,21030510010002,in_age_016,31
2024,21030560010201,in_age_015,40
2024,21030530010201,in_age_005,56
2024,21030660040001,in_age_006,8
2024,21030680010301,in_age_011,57
2024,21030710020006,in_age_009,22
2024,21030660040001,in_age_018,9
2024,21030590010003,in_age_006,13
2024,21030530020001,in_age_020,N/A
2024,21030600010008,in_age_008,6
2024,21030520010002,in_age_001,7
2024,21030520010010,in_age_009,43
2024,21030710020001,in_age_010,30
2024,21030570010103,in_age_001,27
2024,21030520010006,in_age_018,10
2024,21030660010002,in_age_017,30
2024,21030570010101,in_age_018,N/A
2024,21030710020012,in_age_004,9
2024,21030700010005,in_age_019,N/A
2024,21030660040204,in_age_001,11
2024,21030570010010,in_age_018,13
2024,21030710020011,in_age_003,6
2024,21030700010401,in_age_003,10
2024,21030660040204,in_age_016,10
2024,21030700010008,in_age_010,37
2024,21030560010201,in_age_009,47
2024,21030530010401,in_age_013,58
2024,21030570010006,in_age_005,22
2024,21030700010401,in_age_004,17
2024,21030560010003,in_age_019,N/A
2024,21030530020004,in_age_006,34
2024,21030680010101,in_age_006,23
2024,21030530020003,in_age_012,47
2024,21030520010002,in_age_005,17
2024,21030680010101,in_age_014,51
2024,21030510010007,in_age_002,6
2024,21030710020013,in_age_001,6
2024,21030660040202,in_age_019,N/A
2024,21030600010005,in_age_010,23
2024,21030680010301,in_age_016,10
2024,21030710020013,in_age_014,21
2024,21030600010004,in_age_010,27
2024,21030530020401,in_age_003,30
2024,21030510010002,in_age_010,28
2024,21030710020006,in_age_018,18
2024,21030560010004,in_age_001,N/A
2024,21030710020006,in_age_007,20
2024,21030710010101,in_age_010,80
2024,21030530020002,in_age_001,5
2024,21030560010006,in_age_012,39
2024,21030570010008,in_age_007,23
2024,21030710020018,in_age_016,17
2024,21030660020001,in_age_001,19
2024,21030710010101,in_age_018,20
2024,21030600010006,in_age_015,38
2024,21030550010005,in_age_005,33
2024,21030510010008,in_age_011,47
2024,21030530010901,in_age_018,11
2024,21030710020013,in_age_003,6
2024,21030560010005,in_age_003,7
2024,21030520010008,in_age_008,21
2024,21030520010007,in_age_020,N/A
2024,21030700010002,in_age_008,25
2024,21030550010007,in_age_008,25
2024,21030680010203,in_age_013,43
2024,21030530020102,in_age_002,40
2024,21030510010008,in_age_016,12
2024,21030530020502,in_age_004,25
2024,21030680010001,in_age_015,80
2024,21030530020501,in_age_014,24
2024,21030530020001,in_age_019,N/A
2024,21030570010004,in_age_018,10
2024,21030710010002,in_age_005,N/A
2024,21030510010010,in_age_003,15
2024,21030710020007,in_age_006,18
2024,21030560010006,in_age_009,19
2024,21030600010010,in_age_002,N/A
2024,21030530010901,in_age_009,42
2024,21030570010102,in_age_017,10
2024,21030560010006,in_age_014,43
2024,21030510010008,in_age_018,N/A
2024,21030660010002,in_age_008,14
2024,21030700010005,in_age_011,40
2024,21030570010102,in_age_010,35
2024,21030590010006,in_age_002,7
2024,21030510010008,in_age_008,44
2024,21030660020102,in_age_016,12
2024,21030700010008,in_age_013,55
2024,21030550010005,in_age_009,22
2024,21030530020502,in_age_018,N/A
2024,21030600010004,in_age_017,19
2024,21030560010004,in_age_004,16
2024,21030530010901,in_age_010,41
2024,21030700010001,in_age_003,5
2024,21030530020503,in_age_017,N/A
2024,21030700010401,in_age_008,5
2024,21030570010006,in_age_009,17
2024,21030570010005,in_age_003,21
2024,21030570010013,in_age_004,9
2024,21030590010003,in_age_017,41
2024,21030700010013,in_age_003,8
2024,21030700010013,in_age_005,26
2024,21030660020001,in_age_018,N/A
2024,21030660020101,in_age_006,21
2024,21030660030001,in_age_010,34
2024,21030510010003,in_age_002,N/A
2024,21030660040201,in_age_014,34
2024,21030710010101,in_age_017,62
2024,21030680010302,in_age_005,23
2024,21030680010101,in_age_008,38
2024,21030510010011,in_age_009,28
2024,21030660030101,in_age_006,145
2024,21030520010001,in_age_006,34
2024,21030530020402,in_age_004,24
2024,21030710020012,in_age_001,7
2024,21030700010006,in_age_010,40
2024,21030570010014,in_age_018,6
2024,21030700010401,in_age_005,20
2024,21030530010901,in_age_011,60
2024,21030570010014,in_age_004,7
2024,21030560010005,in_age_001,N/A
2024,21030700010014,in_age_018,13
2024,21030710020013,in_age_009,23
2024,21030550010009,in_age_002,N/A
2024,21030700010007,in_age_002,6
2024,21030530020502,in_age_019,N/A
2024,21030700010015,in_age_014,57
2024,21030700010008,in_age_015,37
2024,21030680020001,in_age_007,12
2024,21030550010006,in_age_006,19
2024,21030600010009,in_age_010,22
2024,21030710010101,in_age_008,52
2024,21030660010003,in_age_012,38
2024,21030560010003,in_age_003,21
2024,21030660040001,in_age_009,5
2024,21030710020001,in_age_016,45
2024,21030710020014,in_age_012,33
2024,21030660010002,in_age_002,N/A
2024,21030570010001,in_age_012,31
2024,21030590010004,in_age_010,15
2024,21030560010006,in_age_004,17
2024,21030510010006,in_age_017,16
2024,21030710010002,in_age_008,N/A
2024,21030680010204,in_age_005,15
2024,21030570010103,in_age_007,58
2024,21030520010004,in_age_004,7
2024,21030570010008,in_age_004,14
2024,21030600010008,in_age_004,23
2024,21030660040202,in_age_010,55
2024,21030710020015,in_age_013,38
2024,21030700010015,in_age_018,16
2024,21030710010002,in_age_007,N/A
2024,21030520010006,in_age_015,43
2024,21030660010001,in_age_017,26
2024,21030710020013,in_age_016,23
2024,21030710020017,in_age_010,20
2024,21030680010202,in_age_003,19
2024,21030520010008,in_age_011,33
2024,21030710020019,in_age_019,16
2024,21030520010003,in_age_010,32
2024,21030700010005,in_age_020,N/A
2024,21030660040204,in_age_018,N/A
2024,21030700020201,in_age_012,33
2024,21030680020001,in_age_017,51
2024,21030700010016,in_age_001,N/A
2024,21030510010001,in_age_013,52
2024,21030700010014,in_age_007,22
2024,21030700010010,in_age_006,16
2024,21030560010001,in_age_012,57
2024,21030680010204,in_age_009,89
2024,21030600010009,in_age_008,5
2024,21030600010003,in_age_009,17
2024,21030660040001,in_age_016,7
2024,21030680010301,in_age_007,107
2024,21030570010010,in_age_016,29
2024,21030700010014,in_age_017,22
2024,21030560010004,in_age_010,32
2024,21030680010301,in_age_009,67
2024,21030660030002,in_age_006,71
2024,21030560010003,in_age_013,33
2024,21030660030002,in_age_021,N/A
2024,21030680010204,in_age_011,43
2024,21030680010001,in_age_019,7
2024,21030710020004,in_age_020,N/A
2024,21030530020002,in_age_015,36
2024,21030660010003,in_age_019,8
2024,21030680010203,in_age_016,10
2024,21030590010001,in_age_006,16
2024,21030520010003,in_age_011,34
2024,21030510010003,in_age_012,21
2024,21030680010205,in_age_001,60
2024,21030710020011,in_age_012,49
2024,21030570010004,in_age_007,22
2024,21030660040201,in_age_010,37
2024,21030710020011,in_age_019,N/A
2024,21030710020002,in_age_015,51
2024,21030660010003,in_age_011,21
2024,21030660020102,in_age_004,15
2024,21030700010013,in_age_001,N/A
2024,21030520010007,in_age_001,N/A
2024,21030660020102,in_age_015,9
2024,21030700010011,in_age_006,21
2024,21030570010012,in_age_008,17
2024,21030560010201,in_age_001,15
2024,21030660040204,in_age_004,24
2024,21030660010001,in_age_004,N/A
2024,21030710020014,in_age_002,5
2024,21030680010102,in_age_007,33
2024,21030510010002,in_age_008,15
2024,21030660020101,in_age_018,5
2024,21030710020011,in_age_001,N/A
2024,21030570010005,in_age_015,49
2024,21030570010012,in_age_003,12
2024,21030700010401,in_age_001,N/A
2024,21030530010601,in_age_007,72
2024,21030530010002,in_age_008,35
2024,21030680010102,in_age_016,23
2024,21030680010205,in_age_010,43
2024,21030530020401,in_age_006,23
2024,21030530020503,in_age_007,57
2024,21030530020102,in_age_014,27
2024,21030710020002,in_age_016,26
2024,21030570010002,in_age_001,N/A
2024,21030710020012,in_age_009,24
2024,21030600010004,in_age_011,44
2024,21030710020007,in_age_011,35
2024,21030520010010,in_age_018,7
2024,21030600010003,in_age_003,16
2024,21030510010005,in_age_004,10
2024,21030660030001,in_age_019,5
2024,21030520010008,in_age_017,34
2024,21030700010007,in_age_009,22
2024,21030570010012,in_age_013,57
2024,21030680010001,in_age_002,N/A
2024,21030600010003,in_age_012,37
2024,21030700010010,in_age_011,30
2024,21030700010011,in_age_010,25
2024,21030570010001,in_age_019,5
2024,21030560010003,in_age_012,36
2024,21030570010102,in_age_003,10
2024,21030510010001,in_age_019,5
2024,21030520010009,in_age_016,24
2024,21030530010501,in_age_012,48
2024,21030520010003,in_age_005,11
2024,21030710020007,in_age_003,10
2024,21030710020018,in_age_007,70
2024,21030590010007,in_age_017,29
2024,21030600010004,in_age_001,N/A
2024,21030700010012,in_age_020,N/A
2024,21030660020002,in_age_003,N/A
2024,21030710020012,in_age_014,40
2024,21030530020502,in_age_007,40
2024,21030700020101,in_age_016,8
2024,21030660030002,in_age_012,58
2024,21030570010004,in_age_009,21
2024,21030660020102,in_age_013,41
2024,21030510010009,in_age_018,N/A
2024,21030680010101,in_age_016,23
2024,21030530020001,in_age_006,23
2024,21030530020102,in_age_007,76
2024,21030680020001,in_age_015,44
2024,21030710020006,in_age_004,12
2024,21030530020101,in_age_004,17
2024,21030700010002,in_age_004,16
2024,21030660030001,in_age_017,28
2024,21030570010103,in_age_018,N/A
2024,21030550010009,in_age_012,51
2024,21030680010206,in_age_006,22
2024,21030660040202,in_age_002,20
2024,21030560010003,in_age_005,22
2024,21030530020401,in_age_009,77
2024,21030560010001,in_age_009,26
2024,21030710020018,in_age_018,7
2024,21030530020501,in_age_015,24
2024,21030560010006,in_age_008,26
2024,21030590010004,in_age_019,N/A
2024,21030600010008,in_age_005,17
2024,21030520010009,in_age_006,17
2024,21030660020102,in_age_017,N/A
2024,21030570010011,in_age_009,28
2024,21030530010401,in_age_001,35
2024,21030530010401,in_age_003,23
2024,21030510010006,in_age_004,13
2024,21030680010201,in_age_003,36
2024,21030530010601,in_age_013,42
2024,21030700010012,in_age_009,25
2024,21030660030001,in_age_006,26
2024,21030660010001,in_age_020,N/A
2024,21030710020003,in_age_015,36
2024,21030520010004,in_age_017,16
2024,21030510010005,in_age_012,51
2024,21030660030001,in_age_015,51
2024,21030520010002,in_age_016,15
2024,21030710020009,in_age_006,18
2024,21030530020006,in_age_008,43
2024,21030560010005,in_age_010,45
2024,21030660020102,in_age_009,19
2024,21030520010008,in_age_004,11
2024,21030660040201,in_age_005,9
2024,21030700010402,in_age_007,14
2024,21030660030001,in_age_020,N/A
2024,21030530020102,in_age_009,73
2024,21030570010005,in_age_010,32
2024,21030550010006,in_age_012,36
2024,21030680010202,in_age_001,74
2024,21030600010010,in_age_016,38
2024,21030550010007,in_age_019,N/A
2024,21030530010401,in_age_012,57
2024,21030660020001,in_age_017,15
2024,21030510010007,in_age_006,13
2024,21030600010008,in_age_016,38
2024,21030660020002,in_age_012,51
2024,21030700010016,in_age_013,42
2024,21030530020001,in_age_018,14
2024,21030700010006,in_age_007,35
2024,21030700020002,in_age_013,27
2024,21030570010003,in_age_002,N/A
2024,21030530020401,in_age_013,36
2024,21030660040001,in_age_013,17
2024,21030710020002,in_age_003,8
2024,21030570010009,in_age_002,16
2024,21030530020103,in_age_002,43
2024,21030530020102,in_age_004,34
2024,21030530020503,in_age_001,29
2024,21030560010006,in_age_002,N/A
2024,21030700010015,in_age_012,56
2024,21030700010011,in_age_009,21
2024,21030510010001,in_age_004,23
2024,21030570010009,in_age_001,N/A
2024,21030570010005,in_age_011,35
2024,21030700010008,in_age_005,18
2024,21030530020103,in_age_017,7
2024,21030590010003,in_age_005,13
2024,21030710020012,in_age_019,N/A
2024,21030700020201,in_age_014,25
2024,21030560010003,in_age_009,32
2024,21030520010002,in_age_003,8
2024,21030590010002,in_age_011,49
2024,21030680010205,in_age_003,10
2024,21030530020502,in_age_014,16
2024,21030710010101,in_age_014,153
2024,21030530010401,in_age_014,44
2024,21030510010006,in_age_038,23
2024,21030710020010,in_age_042,31
2024,21030520010006,in_age_040,13
2024,21030570010101,in_age_043,19
2024,21030570010009,in_age_043,34
2024,21030680010203,in_age_037,33
2024,21030560010005,in_age_035,9
2024,21030700010401,in_age_036,10
2024,21030550010007,in_age_037,13
2024,21030710020019,in_age_048,9
2024,21030570010011,in_age_044,29
2024,21030700010003,in_age_042,16
2024,21030710020005,in_age_046,5
2024,21030710010101,in_age_043,46
2024,21030530020002,in_age_036,30
2024,21030710020016,in_age_043,23
2024,21030520010004,in_age_031,N/A
2024,21030530020401,in_age_035,9
2024,21030510010010,in_age_041,26
2024,21030530010201,in_age_037,37
2024,21030570010011,in_age_039,16
2024,21030710020009,in_age_040,10
2024,21030710020008,in_age_042,17
2024,21030710020013,in_age_047,N/A
2024,21030530020001,in_age_039,20
2024,21030700010013,in_age_047,13
2024,21030700010401,in_age_042,16
2024,21030570010007,in_age_039,10
2024,21030570010008,in_age_035,6
2024,21030600010010,in_age_047,10
2024,21030660030101,in_age_046,N/A
2024,21030710020003,in_age_031,N/A
2024,21030530020504,in_age_037,17
2024,21030520010010,in_age_047,7
2024,21030530010002,in_age_040,19
2024,21030560010001,in_age_045,27
2024,21030530010501,in_age_032,11
2024,21030710020014,in_age_045,17
2024,21030590010003,in_age_047,13
2024,21030590010007,in_age_044,20
2024,21030600010007,in_age_043,39
2024,21030700010002,in_age_041,23
2024,21030700010015,in_age_044,28
2024,21030700010004,in_age_045,20
2024,21030550010006,in_age_032,N/A
2024,21030660020001,in_age_046,10
2024,21030700010003,in_age_048,5
2024,21030560010002,in_age_036,11
2024,21030600010005,in_age_043,14
2024,21030700010012,in_age_045,11
2024,21030700010015,in_age_036,24
2024,21030660020001,in_age_038,16
2024,21030570010101,in_age_040,16
2024,21030590010007,in_age_048,N/A
2024,21030590010001,in_age_043,21
2024,21030520010008,in_age_049,N/A
2024,21030680010001,in_age_044,50
2024,21030530020101,in_age_035,13
2024,21030520010004,in_age_048,5
2024,21030530020103,in_age_041,20
2024,21030600010007,in_age_042,26
2024,21030600010005,in_age_036,11
2024,21030570010008,in_age_048,N/A
2024,21030530020102,in_age_040,35
2024,21030600010002,in_age_042,28
2024,21030570010002,in_age_045,20
2024,21030510010005,in_age_035,14
2024,21030700010005,in_age_033,N/A
2024,21030530010002,in_age_043,19
2024,21030660030001,in_age_031,N/A
2024,21030680010206,in_age_045,10
2024,21030700020201,in_age_043,13
2024,21030510010011,in_age_048,N/A
2024,21030700010008,in_age_036,16
2024,21030550010004,in_age_046,11
2024,21030510010004,in_age_032,N/A
2024,21030600010002,in_age_038,16
2024,21030530020007,in_age_048,18
2024,21030510010009,in_age_048,N/A
2024,21030660020002,in_age_047,N/A
2024,21030680010203,in_age_032,13
2024,21030700010010,in_age_042,14
2024,21030600010006,in_age_042,22
2024,21030600010004,in_age_033,8
2024,21030700010301,in_age_047,N/A
2024,21030700020201,in_age_036,9
2024,21030530020502,in_age_045,N/A
2024,21030560010006,in_age_039,13
2024,21030600010010,in_age_033,7
2024,21030520010201,in_age_047,6
2024,21030570010004,in_age_049,N/A
2024,21030520010006,in_age_031,6
2024,21030710020013,in_age_034,N/A
2024,21030530020102,in_age_047,5
2024,21030520010004,in_age_033,N/A
2024,21030590010004,in_age_035,16
2024,21030560010003,in_age_044,15
2024,21030570010007,in_age_036,11
2024,21030570010010,in_age_036,22
2024,21030570010005,in_age_031,N/A
2024,21030660020102,in_age_042,15
2024,21030570010001,in_age_033,6
2024,21030660020002,in_age_045,6
2024,21030700010402,in_age_047,N/A
2024,21030660010002,in_age_043,29
2024,21030710020002,in_age_046,9
2024,21030520010004,in_age_040,12
2024,21030710010002,in_age_045,8
2024,21030530020402,in_age_039,36
2024,21030680010205,in_age_038,45
2024,21030560010201,in_age_047,10
2024,21030660020002,in_age_049,N/A
2024,21030660040201,in_age_041,19
2024,21030660030002,in_age_045,31
2024,21030570010003,in_age_046,5
2024,21030590010004,in_age_043,25
2024,21030530020102,in_age_036,17
2024,21030700010014,in_age_043,19
2024,21030710020014,in_age_046,12
2024,21030570010101,in_age_035,14
2024,21030710020011,in_age_033,N/A
2024,21030570010013,in_age_037,15
2024,21030660020101,in_age_048,N/A
2024,21030510010008,in_age_034,5
2024,21030520010007,in_age_031,N/A
2024,21030710020015,in_age_046,6
2024,21030550010007,in_age_048,6
2024,21030560010002,in_age_032,14
2024,21030710020007,in_age_041,24
2024,21030710020016,in_age_035,10
2024,21030520010201,in_age_048,N/A
2024,21030510010009,in_age_041,18
2024,21030550010008,in_age_032,6
2024,21030560010002,in_age_047,12
2024,21030660020102,in_age_045,N/A
2024,21030520010010,in_age_035,6
2024,21030700010301,in_age_032,19
2024,21030710020014,in_age_047,10
2024,21030570010103,in_age_045,10
2024,21030550010002,in_age_034,10
2024,21030520010005,in_age_041,19
2024,21030570010010,in_age_048,5
2024,21030710020018,in_age_035,6
2024,21030710020006,in_age_045,18
2024,21030660030001,in_age_040,19
2024,21030530020001,in_age_043,20
2024,21030700010007,in_age_034,6
2024,21030530010501,in_age_035,17
2024,21030530020004,in_age_038,14
2024,21030710020017,in_age_032,5
2024,21030660040201,in_age_047,N/A
2024,21030710020015,in_age_033,N/A
2024,21030510010004,in_age_044,21
2024,21030660020002,in_age_039,26
2024,21030530020004,in_age_047,7
2024,21030710020013,in_age_045,9
2024,21030710020018,in_age_049,N/A
2024,21030660030001,in_age_033,N/A
2024,21030680010001,in_age_036,9
2024,21030530020007,in_age_035,N/A
2024,21030590010005,in_age_044,32
2024,21030710020012,in_age_050,N/A
2024,21030700020101,in_age_041,33
2024,21030530020002,in_age_044,22
2024,21030590010007,in_age_042,21
2024,21030510010005,in_age_037,24
2024,21030530020003,in_age_036,21
2024,21030520010003,in_age_033,8
2024,21030570010103,in_age_032,10
2024,21030530020504,in_age_031,20
2024,21030700010015,in_age_045,24
2024,21030660030002,in_age_044,28
2024,21030560010002,in_age_042,30
2024,21030570010102,in_age_034,9
2024,21030660030101,in_age_045,6
2024,21030510010003,in_age_040,26
2024,21030550010010,in_age_044,39
2024,21030530020003,in_age_047,8
2024,21030570010014,in_age_045,26
2024,21030520010201,in_age_032,5
2024,21030700010003,in_age_033,N/A
2024,21030710020017,in_age_042,26
2024,21030530010401,in_age_033,10
2024,21030700010007,in_age_045,25
2024,21030680010101,in_age_046,9
2024,21030680010207,in_age_035,15
2024,21030530020103,in_age_032,26
2024,21030710020004,in_age_046,7
2024,21030680010102,in_age_045,15
2024,21030520010601,in_age_032,N/A
2024,21030660040201,in_age_046,7
2024,21030710010101,in_age_031,7
2024,21030680010102,in_age_035,17
2024,21030710010101,in_age_035,18
2024,21030710020002,in_age_038,6
2024,21030520010008,in_age_048,5
2024,21030680010207,in_age_040,24
2024,21030520010601,in_age_039,6
2024,21030530020001,in_age_047,8
2024,21030660010001,in_age_048,6
2024,21030550010003,in_age_037,9
2024,21030510010007,in_age_047,22
2024,21030520010010,in_age_043,19
2024,21030570010003,in_age_041,18
2024,21030710020010,in_age_034,5
2024,21030510010009,in_age_044,15
2024,21030600010002,in_age_040,19
2024,21030570010009,in_age_031,N/A
2024,21030700010009,in_age_031,N/A
2024,21030570010005,in_age_040,17
2024,21030680010206,in_age_037,34
2024,21030600010006,in_age_032,N/A
2024,21030530020006,in_age_034,N/A
2024,21030700010015,in_age_046,10
2024,21030700020002,in_age_036,28
2024,21030530020502,in_age_039,32
2024,21030560010001,in_age_046,20
2024,21030710020005,in_age_045,15
2024,21030680010204,in_age_037,37
2024,21030520010005,in_age_038,N/A
2024,21030700010010,in_age_043,17
2024,21030680010302,in_age_046,11
2024,21030530020102,in_age_048,N/A
2024,21030710020010,in_age_043,17
2024,21030700010401,in_age_046,12
2024,21030530020402,in_age_031,20
2024,21030510010007,in_age_048,N/A
2024,21030600010005,in_age_035,N/A
2024,21030520010005,in_age_037,13
2024,21030570010009,in_age_046,13
2024,21030550010006,in_age_044,30
2024,21030570010101,in_age_044,18
2024,21030700010004,in_age_047,14
2024,21030660040001,in_age_038,N/A
2024,21030710020010,in_age_035,7
2024,21030700010012,in_age_046,14
2024,21030520010001,in_age_048,7
2024,21030510010003,in_age_037,68
2024,21030570010013,in_age_046,11
2024,21030700010010,in_age_015,43
2024,21030700010013,in_age_014,65
2024,21030510010005,in_age_007,38
2024,21030520010009,in_age_019,N/A
2024,21030680010202,in_age_013,39
2024,21030710020005,in_age_001,N/A
2024,21030550010005,in_age_012,42
2024,21030660020002,in_age_016,9
2024,21030700010014,in_age_008,13
2024,21030530020501,in_age_011,37
2024,21030560010004,in_age_003,24
2024,21030590010003,in_age_015,42
2024,21030680020001,in_age_012,30
2024,21030600010009,in_age_002,N/A
2024,21030660010001,in_age_015,43
2024,21030700010008,in_age_003,16
2024,21030550010001,in_age_016,29
2024,21030710020014,in_age_007,20
2024,21030570010001,in_age_016,39
2024,21030530010001,in_age_004,6
2024,21030590010007,in_age_010,16
2024,21030600010001,in_age_013,45
2024,21030550010008,in_age_005,16
2024,21030710020008,in_age_016,11
2024,21030530020006,in_age_002,N/A
2024,21030710020013,in_age_008,35
2024,21030680010302,in_age_013,46
2024,21030710020006,in_age_013,40
2024,21030560010004,in_age_015,33
2024,21030550010009,in_age_009,26
2024,21030660010002,in_age_004,N/A
2024,21030600010006,in_age_017,33
2024,21030510010007,in_age_008,16
2024,21030510010004,in_age_013,37
2024,21030510010002,in_age_006,20
2024,21030700020201,in_age_015,14
2024,21030560010001,in_age_014,76
2024,21030600010008,in_age_018,10
2024,21030700010010,in_age_017,29
2024,21030520010004,in_age_016,27
2024,21030510010004,in_age_001,N/A
2024,21030550010002,in_age_010,35
2024,21030530020004,in_age_016,21
2024,21030550010007,in_age_015,59
2024,21030510010009,in_age_004,6
2024,21030600010007,in_age_007,24
2024,21030700010401,in_age_012,38
2024,21030530010501,in_age_010,54
2024,21030600010010,in_age_001,N/A
2024,21030710020018,in_age_009,30
2024,21030660020001,in_age_007,33
2024,21030600010008,in_age_017,28
2024,21030700010004,in_age_015,38
2024,21030570010003,in_age_009,30
2024,21030520010007,in_age_011,52
2024,21030520010005,in_age_016,30
2024,21030710020019,in_age_017,58
2024,21030530020502,in_age_008,45
2024,21030570010010,in_age_005,19
2024,21030550010008,in_age_011,35
2024,21030570010103,in_age_014,35
2024,21030550010001,in_age_002,6
2024,21030600010009,in_age_019,5
2024,21030710020017,in_age_006,10
2024,21030660030101,in_age_008,43
2024,21030520010008,in_age_005,17
2024,21030590010004,in_age_012,51
2024,21030710020005,in_age_019,N/A
2024,21030590010007,in_age_003,5
2024,21030520010601,in_age_015,43
2024,21030520010601,in_age_013,40
2024,21030600010006,in_age_010,26
2024,21030560010003,in_age_016,32
2024,21030710020004,in_age_006,20
2024,21030510010009,in_age_017,13
2024,21030710020002,in_age_019,N/A
2024,21030700010012,in_age_002,9
2024,21030550010001,in_age_006,27
2024,21030550010008,in_age_013,52
2024,21030520010008,in_age_010,23
2024,21030700010002,in_age_016,48
2024,21030700010005,in_age_010,22
2024,21030710020003,in_age_003,N/A
2024,21030710020001,in_age_011,31
2024,21030660040204,in_age_011,54
2024,21030520010601,in_age_004,10
2024,21030590010001,in_age_010,19
2024,21030570010101,in_age_008,83
2024,21030570010006,in_age_013,39
2024,21030570010007,in_age_001,6
2024,21030510010002,in_age_014,55
2024,21030700010011,in_age_020,N/A
2024,21030700010004,in_age_003,9
2024,21030660010001,in_age_010,26
2024,21030660020001,in_age_014,40
2024,21030530020003,in_age_007,19
2024,21030520010003,in_age_012,28
2024,21030600010007,in_age_009,29
2024,21030700010011,in_age_007,19
2024,21030700010004,in_age_001,6
2024,21030700020101,in_age_006,47
2024,21030550010009,in_age_008,26
2024,21030700010013,in_age_016,38
2024,21030590010002,in_age_017,40
2024,21030700020101,in_age_001,70
2024,21030660040201,in_age_008,25
2024,21030520010005,in_age_008,7
2024,21030660020101,in_age_004,8
2024,21030710020007,in_age_017,30
2024,21030700010011,in_age_004,10
2024,21030660030002,in_age_016,31
2024,21030600010009,in_age_013,55
2024,21030710020010,in_age_019,N/A
2024,21030520010010,in_age_019,N/A
2024,21030700010001,in_age_012,26
2024,21030700010004,in_age_007,64
2024,21030590010002,in_age_010,33
2024,21030530010901,in_age_013,80
2024,21030530010401,in_age_043,22
2024,21030700010010,in_age_041,18
2024,21030570010011,in_age_032,N/A
2024,21030530010501,in_age_039,27
2024,21030710020002,in_age_041,17
2024,21030680010302,in_age_040,32
2024,21030700010402,in_age_035,7
2024,21030530020003,in_age_037,14
2024,21030590010001,in_age_033,N/A
2024,21030710020010,in_age_032,N/A
2024,21030700010004,in_age_040,21
2024,21030530020102,in_age_041,33
2024,21030590010003,in_age_033,N/A
2024,21030700010011,in_age_038,7
2024,21030520010002,in_age_040,16
2024,21030550010003,in_age_034,16
2024,21030530020103,in_age_045,11
2024,21030600010010,in_age_031,N/A
2024,21030550010007,in_age_039,19
2024,21030570010008,in_age_031,N/A
2024,21030700010015,in_age_040,20
2024,21030700010012,in_age_041,16
2024,21030710020013,in_age_038,20
2024,21030520010005,in_age_032,N/A
2024,21030660040202,in_age_038,15
2024,21030520010009,in_age_036,6
2024,21030710020018,in_age_036,25
2024,21030680010301,in_age_046,N/A
2024,21030700010011,in_age_044,31
2024,21030570010010,in_age_045,14
2024,21030590010001,in_age_031,N/A
2024,21030680010102,in_age_047,5
2024,21030570010006,in_age_031,N/A
2024,21030570010009,in_age_045,20
2024,21030660030101,in_age_044,7
2024,21030700010006,in_age_047,12
2024,21030710020009,in_age_032,N/A
2024,21030680020001,in_age_041,21
2024,21030550010009,in_age_032,N/A
2024,21030570010014,in_age_047,12
2024,21030520010001,in_age_049,N/A
2024,21030570010103,in_age_046,10
2024,21030570010102,in_age_045,12
2024,21030510010001,in_age_044,24
2024,21030570010101,in_age_033,5
2024,21030660040204,in_age_038,11
2024,21030570010009,in_age_032,6
2024,21030680010302,in_age_045,11
2024,21030680010201,in_age_032,23
2024,21030660030101,in_age_036,40
2024,21030660020102,in_age_039,11
2024,21030590010002,in_age_040,21
2024,21030530020101,in_age_031,19
2024,21030570010008,in_age_041,22
2024,21030570010101,in_age_048,N/A
2024,21030700010014,in_age_035,13
2024,21030710020013,in_age_037,17
2024,21030660020001,in_age_035,7
2024,21030570010012,in_age_035,14
2024,21030710020009,in_age_036,9
2024,21030680010302,in_age_047,5
2024,21030680010204,in_age_047,N/A
2024,21030530020007,in_age_044,15
2024,21030680010301,in_age_041,34
2024,21030530020006,in_age_042,6
2024,21030700010007,in_age_039,12
2024,21030590010001,in_age_038,5
2024,21030600010004,in_age_031,N/A
2024,21030600010006,in_age_046,11
2024,21030510010007,in_age_038,5
2024,21030550010006,in_age_047,6
2024,21030710010002,in_age_046,6
2024,21030680010001,in_age_045,33
2024,21030530020003,in_age_039,13
2024,21030700010015,in_age_033,8
2024,21030700010301,in_age_046,N/A
2024,21030710020013,in_age_040,19
2024,21030710020006,in_age_037,8
2024,21030510010011,in_age_042,17
2024,21030560010005,in_age_043,30
2024,21030600010003,in_age_042,18
2024,21030700010004,in_age_041,23
2024,21030600010003,in_age_045,13
2024,21030530010501,in_age_048,N/A
2024,21030660020002,in_age_038,36
2024,21030710010101,in_age_042,57
2024,21030530020504,in_age_034,14
2024,21030590010004,in_age_034,5
2024,21030570010001,in_age_034,7
2024,21030710020004,in_age_041,15
2024,21030600010002,in_age_043,24
2024,21030530020503,in_age_036,21
2024,21030530020004,in_age_036,16
2024,21030700010008,in_age_041,18
2024,21030680010206,in_age_033,16
2024,21030550010002,in_age_044,37
2024,21030600010003,in_age_037,12
2024,21030530010901,in_age_041,25
2024,21030530010501,in_age_044,27
2024,21030660040203,in_age_031,9
2024,21030530010901,in_age_036,23
2024,21030660020001,in_age_044,14
2024,21030700010014,in_age_048,N/A
2024,21030680010001,in_age_049,N/A
2024,21030570010001,in_age_031,N/A
2024,21030680010201,in_age_038,56
2024,21030510010004,in_age_031,N/A
2024,21030680010207,in_age_032,18
2024,21030710020015,in_age_037,28
2024,21030600010005,in_age_046,17
2024,21030510010008,in_age_039,15
2024,21030660010003,in_age_039,6
2024,21030660020102,in_age_044,19
2024,21030600010010,in_age_045,16
2024,21030600010003,in_age_048,5
2024,21030570010009,in_age_033,6
2024,21030600010004,in_age_039,12
2024,21030710020016,in_age_033,N/A
2024,21030530020102,in_age_046,N/A
2024,21030570010001,in_age_040,15
2024,21030700010009,in_age_032,N/A
2024,21030530020002,in_age_049,N/A
2024,21030550010010,in_age_042,28
2024,21030700010002,in_age_035,8
2024,21030710020013,in_age_044,9
2024,21030530020102,in_age_039,38
2024,21030570010004,in_age_045,20
2024,21030700010003,in_age_032,N/A
2024,21030660040204,in_age_044,21
2024,21030570010009,in_age_036,15
2024,21030660020102,in_age_031,N/A
2024,21030520010001,in_age_038,12
2024,21030590010002,in_age_039,17
2024,21030700010401,in_age_048,N/A
2024,21030600010002,in_age_050,N/A
2024,21030530010001,in_age_046,N/A
2024,21030660040202,in_age_047,N/A
2024,21030530020501,in_age_047,N/A
2024,21030570010011,in_age_031,7
2024,21030530020004,in_age_040,8
2024,21030660030001,in_age_032,N/A
2024,21030560010001,in_age_044,32
2024,21030520010008,in_age_033,N/A
2024,21030660040001,in_age_040,7
2024,21030530020101,in_age_042,25
2024,21030710020001,in_age_040,19
2024,21030680010001,in_age_033,N/A
2024,21030680010207,in_age_043,24
2024,21030530010001,in_age_034,N/A
2024,21030660010002,in_age_038,6
2024,21030530020503,in_age_040,24
2024,21030530010601,in_age_044,16
2024,21030520010006,in_age_038,11
2024,21030700010008,in_age_038,10
2024,21030700010012,in_age_032,7
2024,21030600010010,in_age_041,22
2024,21030600010005,in_age_049,N/A
2024,21030530020402,in_age_046,N/A
2024,21030550010008,in_age_037,19
2024,21030680020001,in_age_046,20
2024,21030680010204,in_age_036,15
2024,21030530020503,in_age_032,22
2024,21030600010002,in_age_039,10
2024,21030590010004,in_age_031,N/A
2024,21030570010013,in_age_036,19
2024,21030700010401,in_age_034,8
2024,21030600010006,in_age_035,6
2024,21030570010102,in_age_036,14
2024,21030710020008,in_age_049,N/A
2024,21030530020006,in_age_044,N/A
2024,21030510010011,in_age_043,15
2024,21030710020008,in_age_047,5
2024,21030510010005,in_age_034,5
2024,21030510010002,in_age_033,5
2024,21030700010003,in_age_043,27
2024,21030570010009,in_age_014,72
2024,21030660040201,in_age_009,25
2024,21030530020007,in_age_019,48
2024,21030600010010,in_age_005,16
2024,21030710020015,in_age_008,39
2024,21030680010207,in_age_011,62
2024,21030550010003,in_age_004,23
2024,21030700010009,in_age_006,18
2024,21030700010016,in_age_005,21
2024,21030710020007,in_age_010,29
2024,21030660010002,in_age_005,12
2024,21030700010001,in_age_016,39
2024,21030510010011,in_age_010,28
2024,21030590010006,in_age_011,40
2024,21030710020012,in_age_007,22
2024,21030700010008,in_age_001,N/A
2024,21030660040203,in_age_010,40
2024,21030700020201,in_age_009,46
2024,21030590010007,in_age_007,16
2024,21030510010008,in_age_003,5
2024,21030530010001,in_age_007,32
2024,21030700010401,in_age_016,24
2024,21030550010006,in_age_008,11
2024,21030530020502,in_age_017,N/A
2024,21030550010004,in_age_016,32
2024,21030570010011,in_age_005,28
2024,21030700010013,in_age_018,16
2024,21030530020103,in_age_013,35
2024,21030530010501,in_age_004,18
2024,21030570010013,in_age_002,6
2024,21030550010009,in_age_007,17
2024,21030660010001,in_age_003,N/A
2024,21030510010011,in_age_012,38
2024,21030700010008,in_age_006,28
2024,21030590010005,in_age_002,N/A
2024,21030710020007,in_age_008,16
2024,21030700010007,in_age_019,N/A
2024,21030590010005,in_age_006,13
2024,21030700010301,in_age_008,55
2024,21030510010009,in_age_011,40
2024,21030520010005,in_age_020,N/A
2024,21030560010005,in_age_012,41
2024,21030570010009,in_age_004,14
2024,21030510010010,in_age_019,N/A
2024,21030680010207,in_age_002,35
2024,21030570010013,in_age_016,31
2024,21030700010011,in_age_017,26
2024,21030560010201,in_age_018,6
2024,21030520010601,in_age_012,34
2024,21030530010001,in_age_015,14
2024,21030530020007,in_age_009,31
2024,21030520010201,in_age_001,N/A
2024,21030550010007,in_age_004,9
2024,21030660030002,in_age_007,32
2024,21030600010004,in_age_007,17
2024,21030520010001,in_age_018,15
2024,21030710020011,in_age_008,19
2024,21030530010601,in_age_005,32
2024,21030570010007,in_age_003,16
2024,21030700010009,in_age_001,N/A
2024,21030550010003,in_age_012,36
2024,21030520010006,in_age_002,9
2024,21030530020402,in_age_017,6
2024,21030700010301,in_age_004,16
2024,21030660040001,in_age_012,12
2024,21030710020009,in_age_003,7
2024,21030530020502,in_age_001,37
2024,21030710020014,in_age_009,22
2024,21030700010005,in_age_009,18
2024,21030680010302,in_age_016,16
2024,21030520010008,in_age_007,19
2024,21030600010009,in_age_012,36
2024,21030590010003,in_age_016,30
2024,21030510010006,in_age_010,37
2024,21030550010009,in_age_011,40
2024,21030510010010,in_age_002,8
2024,21030710010002,in_age_010,6
2024,21030600010001,in_age_015,39
2024,21030520010007,in_age_004,10
2024,21030560010003,in_age_018,8
2024,21030530020504,in_age_017,14
2024,21030530010002,in_age_005,36
2024,21030680010301,in_age_005,22
2024,21030530020005,in_age_010,19
2024,21030590010001,in_age_042,21
2024,21030660010002,in_age_041,23
2024,21030510010006,in_age_033,6
2024,21030700010002,in_age_033,N/A
2024,21030700010004,in_age_043,25
2024,21030710020014,in_age_031,N/A
2024,21030590010002,in_age_042,25
2024,21030700010301,in_age_035,9
2024,21030510010009,in_age_042,24
2024,21030530020003,in_age_043,23
2024,21030590010002,in_age_037,10
2024,21030510010010,in_age_033,9
2024,21030660010001,in_age_049,N/A
2024,21030680010302,in_age_034,8
2024,21030570010014,in_age_046,21
2024,21030710020001,in_age_047,11
2024,21030710020004,in_age_045,27
2024,21030680010301,in_age_045,8
2024,21030700010011,in_age_039,11
2024,21030530010901,in_age_033,N/A
2024,21030530010401,in_age_032,13
2024,21030530020101,in_age_043,18
2024,21030550010003,in_age_038,12
2024,21030550010004,in_age_050,N/A
2024,21030570010010,in_age_034,5
2024,21030520010010,in_age_049,N/A
2024,21030680010203,in_age_031,25
2024,21030700010005,in_age_034,5
2024,21030680010302,in_age_036,23
2024,21030600010007,in_age_031,N/A
2024,21030550010008,in_age_033,11
2024,21030530020103,in_age_037,25
2024,21030680010203,in_age_034,N/A
2024,21030700010009,in_age_043,17
2024,21030700010015,in_age_047,14
2024,21030660010002,in_age_032,N/A
2024,21030560010005,in_age_044,24
2024,21030570010010,in_age_041,18
2024,21030510010004,in_age_036,10
2024,21030710020011,in_age_038,7
2024,21030660040203,in_age_042,17
2024,21030520010010,in_age_038,12
2024,21030570010014,in_age_036,8
2024,21030530020004,in_age_034,7
2024,21030600010007,in_age_040,23
2024,21030660020102,in_age_033,N/A
2024,21030510010005,in_age_044,27
2024,21030530020003,in_age_048,6
2024,21030680010201,in_age_045,7
2024,21030710020015,in_age_045,6
2024,21030510010011,in_age_039,14
2024,21030530020101,in_age_050,N/A
2024,21030560010201,in_age_039,25
2024,21030680010203,in_age_039,34
2024,21030570010010,in_age_046,8
2024,21030600010001,in_age_041,23
2024,21030660020101,in_age_033,10
2024,21030530020004,in_age_042,17
2024,21030700010002,in_age_034,12
2024,21030530020101,in_age_036,37
2024,21030710020012,in_age_033,7
2024,21030660020002,in_age_042,30
2024,21030710020009,in_age_039,18
2024,21030510010004,in_age_037,18
2024,21030710020002,in_age_045,21
2024,21030570010006,in_age_035,14
2024,21030570010012,in_age_033,8
2024,21030680010202,in_age_032,18
2024,21030710020011,in_age_032,N/A
2024,21030700020101,in_age_036,21
2024,21030710020017,in_age_036,6
2024,21030590010003,in_age_039,13
2024,21030570010004,in_age_031,N/A
2024,21030600010009,in_age_046,14
2024,21030710020012,in_age_038,12
2024,21030700010016,in_age_039,12
2024,21030520010601,in_age_046,8
2024,21030510010009,in_age_043,15
2024,21030590010005,in_age_045,21
2024,21030520010002,in_age_033,N/A
2024,21030700020101,in_age_040,35
2024,21030510010002,in_age_041,20
2024,21030590010001,in_age_035,6
2024,21030700020101,in_age_038,58
2024,21030590010004,in_age_039,14
2024,21030700010015,in_age_043,33
2024,21030570010012,in_age_044,28
2024,21030520010009,in_age_047,7
2024,21030530020401,in_age_034,13
2024,21030680010205,in_age_041,17
2024,21030700010004,in_age_038,17
2024,21030520010004,in_age_043,14
2024,21030660040202,in_age_039,14
2024,21030660020001,in_age_048,N/A
2024,21030530020504,in_age_035,9
2024,21030520010201,in_age_036,10
2024,21030520010008,in_age_040,15
2024,21030710020007,in_age_033,N/A
2024,21030530020503,in_age_033,19
2024,21030600010001,in_age_048,N/A
2024,21030510010007,in_age_036,6
2024,21030560010006,in_age_046,10
2024,21030530020004,in_age_044,15
2024,21030710020004,in_age_038,7
2024,21030520010601,in_age_036,10
2024,21030660020001,in_age_043,15
2024,21030660040201,in_age_042,15
2024,21030710020009,in_age_043,18
2024,21030710020009,in_age_046,15
2024,21030710020004,in_age_040,9
2024,21030520010003,in_age_032,N/A
2024,21030700010007,in_age_043,20
2024,21030530010901,in_age_034,12
2024,21030600010006,in_age_050,N/A
2024,21030680020001,in_age_042,18
2024,21030710020007,in_age_048,6
2024,21030710020001,in_age_031,5
2024,21030520010006,in_age_032,7
2024,21030700010006,in_age_048,6
2024,21030600010008,in_age_037,7
2024,21030520010002,in_age_039,19
2024,21030700020201,in_age_035,15
2024,21030600010003,in_age_036,8
2024,21030700010001,in_age_041,10
2024,21030710020018,in_age_038,13
2024,21030710020012,in_age_047,12
2024,21030510010001,in_age_042,22
2024,21030700010008,in_age_035,9
2024,21030570010007,in_age_043,20
2024,21030590010002,in_age_049,N/A
2024,21030700020201,in_age_032,N/A
2024,21030530020501,in_age_038,30
2024,21030660040202,in_age_044,32
2024,21030700010014,in_age_034,N/A
2024,21030590010004,in_age_047,20
2024,21030530020501,in_age_046,5
2024,21030710020007,in_age_036,11
2024,21030700010001,in_age_044,17
2024,21030680010206,in_age_048,N/A
2024,21030570010010,in_age_047,8
2024,21030530020001,in_age_046,9
2024,21030590010007,in_age_043,24
2024,21030660020101,in_age_031,8
2024,21030570010012,in_age_036,6
2024,21030700010001,in_age_037,N/A
2024,21030680010207,in_age_037,44
2024,21030520010002,in_age_031,N/A
2024,21030700010014,in_age_039,9
2024,21030700010006,in_age_033,10
2024,21030700010010,in_age_047,12
2024,21030510010010,in_age_046,17
2024,21030710010101,in_age_044,69
2024,21030710020003,in_age_040,9
2024,21030680010205,in_age_036,14
2024,21030520010004,in_age_047,7
2024,21030680010001,in_age_047,11
2024,21030570010011,in_age_046,23
2024,21030710020002,in_age_049,N/A
2024,21030530020003,in_age_040,17
2024,21030680010202,in_age_047,N/A
2024,21030530020504,in_age_038,27
2024,21030680010302,in_age_035,9
2024,21030700010002,in_age_044,29
2024,21030710020018,in_age_031,5
2024,21030680010207,in_age_038,34
2024,21030680010102,in_age_040,22
2024,21030590010006,in_age_045,15
2024,21030550010009,in_age_035,10
2024,21030560010001,in_age_049,N/A
2024,21030560010201,in_age_036,15
2024,21030550010009,in_age_041,13
2024,21030530010201,in_age_035,7
2024,21030510010006,in_age_041,24
2024,21030700010014,in_age_033,N/A
2024,21030530010001,in_age_042,21
2024,21030700010003,in_age_036,7
2024,21030710020018,in_age_046,8
2024,21030660030101,in_age_037,61
2024,21030530020007,in_age_036,17
2024,21030660040203,in_age_033,8
2024,21030680010205,in_age_034,9
2024,21030710020011,in_age_045,20
2024,21030530010201,in_age_048,N/A
2024,21030600010005,in_age_032,N/A
2024,21030700010007,in_age_046,23
2024,21030710020010,in_age_033,5
2024,21030530010201,in_age_039,10
2024,21030570010011,in_age_040,17
2024,21030660040204,in_age_048,N/A
2024,21030510010001,in_age_046,15
2024,21030700010008,in_age_040,19
2024,21030570010008,in_age_037,12
2024,21030530010601,in_age_046,N/A
2024,21030700010006,in_age_045,20
2024,21030530020001,in_age_036,11
2024,21030680010206,in_age_041,23
2024,21030530010901,in_age_038,27
2024,21030590010006,in_age_048,N/A
2024,21030660010003,in_age_040,17
2024,21030530010601,in_age_039,25
2024,21030590010005,in_age_047,13
2024,21030530010001,in_age_043,24
2024,21030570010006,in_age_047,11
2024,21030700010001,in_age_048,14
2024,21030700010010,in_age_037,11
2024,21030530010002,in_age_034,N/A
2024,21030710020012,in_age_048,N/A
2024,21030700010003,in_age_046,20
2024,21030550010008,in_age_043,30
2024,21030510010004,in_age_047,9
2024,21030710020003,in_age_038,9
2024,21030510010002,in_age_042,19
2024,21030530020402,in_age_036,7
2024,21030530020005,in_age_031,N/A
2024,21030600010008,in_age_044,25
2024,21030590010005,in_age_046,13
2024,21030700010009,in_age_045,23
2024,21030680010203,in_age_049,N/A
2024,21030680010206,in_age_040,25
2024,21030520010201,in_age_038,7
2024,21030570010006,in_age_004,9
2024,21030550010010,in_age_018,19
2024,21030570010011,in_age_007,24
2024,21030520010008,in_age_015,43
2024,21030550010007,in_age_013,66
2024,21030510010004,in_age_018,6
2024,21030700010007,in_age_017,36
2024,21030520010001,in_age_007,22
2024,21030530020102,in_age_016,13
2024,21030680020001,in_age_009,19
2024,21030700010301,in_age_011,45
2024,21030520010004,in_age_011,31
2024,21030570010004,in_age_014,43
2024,21030660020102,in_age_002,7
2024,21030510010010,in_age_010,41
2024,21030520010002,in_age_010,29
2024,21030590010003,in_age_003,5
2024,21030600010006,in_age_009,13
2024,21030530020007,in_age_018,93
2024,21030710020007,in_age_001,N/A
2024,21030570010004,in_age_017,25
2024,21030550010008,in_age_001,N/A
2024,21030600010007,in_age_005,12
2024,21030710020017,in_age_009,16
2024,21030570010003,in_age_007,17
2024,21030570010011,in_age_002,7
2024,21030700010003,in_age_011,40
2024,21030590010003,in_age_001,N/A
2024,21030590010006,in_age_009,21
2024,21030570010012,in_age_007,26
2024,21030570010014,in_age_014,54
2024,21030530020002,in_age_012,41
2024,21030700010008,in_age_017,27
2024,21030530020002,in_age_017,19
2024,21030660040202,in_age_004,19
2024,21030700010016,in_age_007,11
2024,21030510010005,in_age_013,41
2024,21030570010103,in_age_016,15
2024,21030700010014,in_age_004,7
2024,21030660010002,in_age_003,5
2024,21030510010003,in_age_014,25
2024,21030600010010,in_age_017,26
2024,21030680010204,in_age_006,38
2024,21030600010008,in_age_015,34
2024,21030700010001,in_age_002,6
2024,21030530020002,in_age_016,27
2024,21030600010006,in_age_008,13
2024,21030700010009,in_age_005,12
2024,21030530010501,in_age_011,55
2024,21030710020016,in_age_006,15
2024,21030570010005,in_age_045,17
2024,21030680010203,in_age_035,8
2024,21030550010010,in_age_046,20
2024,21030520010003,in_age_031,N/A
2024,21030570010012,in_age_049,N/A
2024,21030520010006,in_age_045,18
2024,21030550010006,in_age_046,21
2024,21030700020201,in_age_037,46
2024,21030510010002,in_age_040,12
2024,21030700010010,in_age_033,5
2024,21030590010002,in_age_035,18
2024,21030700010016,in_age_036,14
2024,21030680010204,in_age_048,N/A
2024,21030520010007,in_age_039,18
2024,21030560010001,in_age_039,11
2024,21030680010207,in_age_031,24
2024,21030550010010,in_age_040,22
2024,21030550010003,in_age_035,14
2024,21030530010601,in_age_035,17
2024,21030600010008,in_age_048,N/A
2024,21030550010002,in_age_032,N/A
2024,21030710020005,in_age_039,14
2024,21030510010010,in_age_034,N/A
2024,21030680010203,in_age_044,24
2024,21030530010501,in_age_047,5
2024,21030600010008,in_age_033,N/A
2024,21030710020007,in_age_039,16
2024,21030700020101,in_age_043,29
2024,21030520010001,in_age_032,10
2024,21030710020017,in_age_041,21
2024,21030570010002,in_age_042,17
2024,21030550010004,in_age_044,11
2024,21030550010002,in_age_047,8
2024,21030700010016,in_age_041,12
2024,21030590010006,in_age_038,8
2024,21030660040201,in_age_035,6
2024,21030680010302,in_age_048,N/A
2024,21030550010008,in_age_040,18
2024,21030700010301,in_age_041,18
2024,21030700020101,in_age_032,5
2024,21030530020401,in_age_047,N/A
2024,21030700010011,in_age_041,21
2024,21030600010009,in_age_037,15
2024,21030590010005,in_age_039,13
2024,21030530010601,in_age_031,8
2024,21030700010008,in_age_045,16
2024,21030560010003,in_age_049,N/A
2024,21030700010301,in_age_038,21
2024,21030530020004,in_age_049,N/A
2024,21030710020012,in_age_045,19
2024,21030570010003,in_age_037,13
2024,21030660040001,in_age_045,5
2024,21030530020004,in_age_043,24
2024,21030700010002,in_age_045,26
2024,21030530010501,in_age_045,11
2024,21030520010007,in_age_041,25
2024,21030660040204,in_age_039,13
2024,21030520010005,in_age_044,17
2024,21030530010501,in_age_034,10
2024,21030700010002,in_age_046,21
2024,21030680010001,in_age_046,25
2024,21030570010103,in_age_031,12
2024,21030510010009,in_age_031,5
2024,21030590010006,in_age_034,6
2024,21030660040201,in_age_044,14
2024,21030520010601,in_age_042,10
2024,21030710010101,in_age_033,17
2024,21030590010005,in_age_031,N/A
2024,21030590010001,in_age_040,9
2024,21030570010010,in_age_035,13
2024,21030530020503,in_age_042,16
2024,21030520010004,in_age_034,N/A
2024,21030550010009,in_age_033,7
2024,21030710020004,in_age_032,7
2024,21030530020504,in_age_040,34
2024,21030570010014,in_age_042,17
2024,21030660030002,in_age_033,N/A
2024,21030560010004,in_age_043,20
2024,21030680010101,in_age_032,13
2024,21030530020005,in_age_046,5
2024,21030560010005,in_age_041,27
2024,21030700010001,in_age_042,16
2024,21030520010601,in_age_038,N/A
2024,21030700010011,in_age_042,26
2024,21030530020402,in_age_045,7
2024,21030700010006,in_age_038,6
2024,21030570010102,in_age_041,23
2024,21030520010009,in_age_041,15
2024,21030550010007,in_age_046,16
2024,21030570010011,in_age_038,10
2024,21030590010007,in_age_046,16
2024,21030680010205,in_age_043,10
2024,21030530020006,in_age_039,6
2024,21030710020007,in_age_044,35
2024,21030590010001,in_age_039,9
2024,21030660020002,in_age_043,20
2024,21030570010006,in_age_042,18
2024,21030570010006,in_age_040,15
2024,21030600010003,in_age_043,15
2024,21030550010008,in_age_048,5
2024,21030520010006,in_age_033,N/A
2024,21030510010007,in_age_031,N/A
2024,21030530020501,in_age_042,14
2024,21030530020001,in_age_037,12
2024,21030700010009,in_age_044,32
2024,21030560010004,in_age_044,18
2024,21030660010001,in_age_044,29
2024,21030700010013,in_age_037,7
2024,21030710020008,in_age_034,9
2024,21030530020007,in_age_040,10
2024,21030660030002,in_age_036,29
2024,21030530020501,in_age_034,5
2024,21030530020101,in_age_037,52
2024,21030510010010,in_age_047,12
2024,21030710020004,in_age_031,N/A
2024,21030700010402,in_age_038,5
2024,21030530020003,in_age_045,21
2024,21030560010006,in_age_031,N/A
2024,21030560010004,in_age_038,10
2024,21030520010001,in_age_037,6
2024,21030550010002,in_age_039,12
2024,21030680010101,in_age_039,31
2024,21030510010005,in_age_047,8
2024,21030570010008,in_age_046,16
2024,21030710020018,in_age_033,N/A
2024,21030600010007,in_age_033,7
2024,21030600010009,in_age_041,21
2024,21030530020401,in_age_039,41
2024,21030700010010,in_age_048,7
2024,21030530020006,in_age_038,14
2024,21030700010004,in_age_042,20
2024,21030510010006,in_age_042,11
2024,21030550010008,in_age_039,13
2024,21030660010003,in_age_045,27
2024,21030560010005,in_age_038,13
2024,21030570010103,in_age_044,15
2024,21030590010005,in_age_038,5
2024,21030520010004,in_age_041,10
2024,21030530020501,in_age_035,9
2024,21030700010006,in_age_036,20
2024,21030570010101,in_age_045,12
2024,21030570010006,in_age_032,N/A
2024,21030510010004,in_age_048,N/A
2024,21030660020002,in_age_041,42
2024,21030700010002,in_age_036,17
2024,21030550010010,in_age_043,24
2024,21030570010002,in_age_031,N/A
2024,21030680010202,in_age_044,11
2024,21030700010013,in_age_038,7
2024,21030600010009,in_age_043,25
2024,21030510010002,in_age_046,20
2024,21030700010007,in_age_048,6
2024,21030570010005,in_age_036,14
2024,21030600010002,in_age_033,11
2024,21030680010101,in_age_041,28
2024,21030590010002,in_age_044,35
2024,21030560010005,in_age_036,22
2024,21030680010101,in_age_048,N/A
2024,21030710020008,in_age_038,8
2024,21030600010010,in_age_035,10
2024,21030710020009,in_age_037,14
2024,21030700010008,in_age_034,6
2024,21030700010006,in_age_046,14
2024,21030660040204,in_age_045,11
2024,21030600010006,in_age_045,21
2024,21030600010006,in_age_036,6
2024,21030560010004,in_age_034,7
2024,21030680010001,in_age_035,10
2024,21030590010004,in_age_032,5
2024,21030510010008,in_age_047,N/A
2024,21030600010005,in_age_048,N/A
2024,21030560010201,in_age_033,16
2024,21030700010011,in_age_048,6
2024,21030710010101,in_age_034,15
2024,21030710020018,in_age_037,28
2024,21030710020003,in_age_048,5
2024,21030570010008,in_age_039,13
2024,21030700010003,in_age_044,20
2024,21030710010101,in_age_036,29
2024,21030520010007,in_age_043,26
2024,21030510010007,in_age_042,24
2024,21030520010008,in_age_035,5
2024,21030700010014,in_age_047,9
2024,21030510010011,in_age_046,7
2024,21030660020101,in_age_036,11
2024,21030700010012,in_age_036,13
2024,21030710020001,in_age_041,11
2024,21030660010002,in_age_050,N/A
2024,21030570010103,in_age_048,N/A
2024,21030660040204,in_age_043,22
2024,21030560010201,in_age_046,23
2024,21030520010201,in_age_043,14
2024,21030570010002,in_age_035,6
2024,21030520010007,in_age_037,20
2024,21030520010007,in_age_045,26
2024,21030570010005,in_age_034,11
2024,21030570010007,in_age_042,11
2024,21030710020015,in_age_050,N/A
2024,21030680020001,in_age_038,11
2024,21030550010006,in_age_034,N/A
2024,21030710020015,in_age_049,N/A
2024,21030550010008,in_age_046,19
2024,21030570010010,in_age_033,6
2024,21030600010007,in_age_046,30
2024,21030680010201,in_age_043,19
2024,21030660040202,in_age_042,28
2024,21030520010009,in_age_035,9
2024,21030660030101,in_age_041,9
2024,21030660010002,in_age_040,9
2024,21030530020501,in_age_040,34
2024,21030570010010,in_age_031,N/A
2024,21030710020006,in_age_042,21
2024,21030570010001,in_age_042,17
2024,21030570010008,in_age_045,28
2024,21030520010006,in_age_046,17
2024,21030550010005,in_age_049,N/A
2024,21030700010015,in_age_038,15
2024,21030550010008,in_age_049,N/A
2024,21030680010204,in_age_039,48
2024,21030660020101,in_age_035,N/A
2024,21030600010001,in_age_039,11
2024,21030710020015,in_age_035,10
2024,21030660020101,in_age_039,19
2024,21030680020001,in_age_044,38
2024,21030530010501,in_age_043,18
2024,21030530020102,in_age_045,6
2024,21030530010201,in_age_036,66
2024,21030680020001,in_age_036,11
2024,21030710020002,in_age_031,N/A
2024,21030530020005,in_age_048,N/A
2024,21030660040001,in_age_037,N/A
2024,21030520010007,in_age_038,6
2024,21030530010002,in_age_031,N/A
2024,21030510010010,in_age_042,16
2024,21030530010401,in_age_031,19
2024,21030530020504,in_age_015,17
2024,21030660030002,in_age_005,25
2024,21030680010207,in_age_003,19
2024,21030530020006,in_age_004,N/A
2024,21030660030002,in_age_017,15
2024,21030600010010,in_age_013,54
2024,21030570010001,in_age_014,48
2024,21030600010006,in_age_007,14
2024,21030660040201,in_age_007,20
2024,21030510010011,in_age_014,42
2024,21030530020003,in_age_011,42
2024,21030680010301,in_age_012,58
2024,21030710020015,in_age_005,16
2024,21030530020402,in_age_018,N/A
2024,21030570010003,in_age_008,9
2024,21030530020006,in_age_010,19
2024,21030680010206,in_age_015,23
2024,21030710020011,in_age_016,42
2024,21030700010008,in_age_018,16
2024,21030520010006,in_age_010,22
2024,21030520010005,in_age_007,24
2024,21030680010204,in_age_001,52
2024,21030660020102,in_age_007,28
2024,21030550010003,in_age_019,N/A
2024,21030710020001,in_age_020,N/A
2024,21030700010015,in_age_003,14
2024,21030680010102,in_age_010,43
2024,21030700010013,in_age_019,N/A
2024,21030530020401,in_age_016,20
2024,21030710020010,in_age_010,25
2024,21030710020003,in_age_046,15
2024,21030510010002,in_age_048,N/A
2024,21030710020017,in_age_048,N/A
2024,21030590010005,in_age_043,24
2024,21030590010006,in_age_046,16
2024,21030570010009,in_age_041,34
2024,21030520010007,in_age_046,23
2024,21030530010201,in_age_045,9
2024,21030570010012,in_age_047,11
2024,21030550010008,in_age_034,10
2024,21030560010004,in_age_032,5
2024,21030530020005,in_age_047,5
2024,21030700010013,in_age_049,N/A
2024,21030530020504,in_age_043,9
2024,21030660040203,in_age_040,20
2024,21030520010201,in_age_035,7
2024,21030600010005,in_age_038,10
2024,21030550010007,in_age_049,N/A
2024,21030520010003,in_age_050,N/A
2024,21030680010206,in_age_044,12
2024,21030590010004,in_age_037,15
2024,21030660040203,in_age_039,15
2024,21030510010003,in_age_047,7
2024,21030710020013,in_age_048,6
2024,21030710020015,in_age_039,29
2024,21030550010001,in_age_047,11
2024,21030530020004,in_age_033,N/A
2024,21030700020002,in_age_044,19
2024,21030530010901,in_age_045,16
2024,21030550010004,in_age_041,22
2024,21030710020009,in_age_047,13
2024,21030590010005,in_age_048,12
2024,21030530020102,in_age_043,19
2024,21030710020014,in_age_042,19
2024,21030530020006,in_age_036,47
2024,21030680010302,in_age_044,16
2024,21030520010201,in_age_045,14
2024,21030520010601,in_age_033,13
2024,21030600010004,in_age_048,N/A
2024,21030710020003,in_age_041,19
2024,21030560010004,in_age_046,10
2024,21030520010006,in_age_042,16
2024,21030520010004,in_age_032,N/A
2024,21030570010103,in_age_038,15
2024,21030520010009,in_age_043,27
2024,21030700010011,in_age_043,37
2024,21030700020201,in_age_038,34
2024,21030600010008,in_age_047,10
2024,21030570010003,in_age_038,6
2024,21030520010007,in_age_040,16
2024,21030700010005,in_age_042,31
2024,21030510010002,in_age_036,13
2024,21030700010402,in_age_034,N/A
2024,21030520010006,in_age_043,19
2024,21030700010001,in_age_032,N/A
2024,21030710020003,in_age_034,N/A
2024,21030520010003,in_age_049,N/A
2024,21030570010005,in_age_039,14
2024,21030710020016,in_age_031,N/A
2024,21030680010206,in_age_043,13
2024,21030530010901,in_age_037,36
2024,21030700010301,in_age_034,10
2024,21030710010101,in_age_049,N/A
2024,21030530020003,in_age_033,10
2024,21030510010001,in_age_039,19
2024,21030590010005,in_age_035,9
2024,21030530010401,in_age_045,11
2024,21030520010010,in_age_041,17
2024,21030700020201,in_age_034,8
2024,21030680010201,in_age_047,N/A
2024,21030710020001,in_age_043,25
2024,21030700010004,in_age_039,28
2024,21030710020001,in_age_042,27
2024,21030570010011,in_age_045,25
2024,21030680010101,in_age_038,19
2024,21030530020103,in_age_046,N/A
2024,21030700010002,in_age_048,N/A
2024,21030570010006,in_age_041,16
2024,21030660020002,in_age_031,N/A
2024,21030600010006,in_age_044,22
2024,21030530020006,in_age_041,7
2024,21030680010201,in_age_036,10
2024,21030530020402,in_age_044,6
2024,21030530020007,in_age_050,5
2024,21030550010009,in_age_037,9
2024,21030700010002,in_age_040,25
2024,21030600010007,in_age_036,16
2024,21030550010001,in_age_043,23
2024,21030660020001,in_age_041,21
2024,21030660010002,in_age_033,N/A
2024,21030550010004,in_age_047,7
2024,21030600010004,in_age_035,13
2024,21030700010012,in_age_038,10
2024,21030530020501,in_age_048,N/A
2024,21030520010003,in_age_044,21
2024,21030520010009,in_age_050,N/A
2024,21030700010301,in_age_045,8
2024,21030680010203,in_age_046,N/A
2024,21030700010402,in_age_044,22
2024,21030560010004,in_age_037,8
2024,21030570010004,in_age_040,11
2024,21030510010005,in_age_043,17
2024,21030660040204,in_age_040,13
2024,21030510010008,in_age_044,11
2024,21030590010003,in_age_048,5
2024,21030660010001,in_age_045,24
2024,21030680010203,in_age_043,17
2024,21030530020402,in_age_040,33
2024,21030710020003,in_age_044,23
2024,21030550010005,in_age_036,16
2024,21030700010009,in_age_040,12
2024,21030550010010,in_age_036,10
2024,21030680010202,in_age_035,15
2024,21030710020001,in_age_036,15
2024,21030600010001,in_age_042,27
2024,21030520010002,in_age_045,15
2024,21030570010011,in_age_037,10
2024,21030510010003,in_age_034,5
2024,21030710020012,in_age_035,12
2024,21030710020006,in_age_035,7
2024,21030700020002,in_age_037,20
2024,21030680010101,in_age_035,16
2024,21030590010004,in_age_036,10
2024,21030550010005,in_age_040,24
2024,21030530020005,in_age_034,5
2024,21030590010003,in_age_045,15
2024,21030700010016,in_age_044,17
2024,21030530010001,in_age_035,13
2024,21030570010009,in_age_049,N/A
2024,21030600010010,in_age_036,14
2024,21030550010009,in_age_042,28
2024,21030700010015,in_age_034,9
2024,21030530020502,in_age_035,8
2024,21030660020101,in_age_042,22
2024,21030700010301,in_age_043,16
2024,21030530010401,in_age_039,28
2024,21030570010013,in_age_049,N/A
2024,21030510010009,in_age_045,16
2024,21030570010009,in_age_034,7
2024,21030710020015,in_age_042,17
2024,21030570010002,in_age_046,20
2024,21030660010003,in_age_046,19
2024,21030700020101,in_age_045,9
2024,21030550010009,in_age_047,12
2024,21030570010006,in_age_036,18
2024,21030660030001,in_age_035,5
2024,21030570010006,in_age_049,N/A
2024,21030710020010,in_age_036,22
2024,21030710020008,in_age_048,N/A
2024,21030510010003,in_age_036,33
2024,21030710020006,in_age_036,23
2024,21030700010301,in_age_036,25
2024,21030550010003,in_age_047,8
2024,21030570010013,in_age_042,24
2024,21030680010102,in_age_042,18
2024,21030520010004,in_age_049,N/A
2024,21030710020011,in_age_040,13
2024,21030530020005,in_age_045,N/A
2024,21030510010007,in_age_034,12
2024,21030700010011,in_age_035,14
2024,21030660030002,in_age_040,24
2024,21030600010004,in_age_046,7
2024,21030700010009,in_age_037,8
2024,21030560010002,in_age_031,8
2024,21030560010201,in_age_043,25
2024,21030680010206,in_age_046,N/A
2024,21030680010204,in_age_031,26
2024,21030700010008,in_age_044,26
2024,21030530010601,in_age_037,36
2024,21030660010001,in_age_047,5
2024,21030510010008,in_age_036,30
2024,21030570010013,in_age_044,31
2024,21030530010601,in_age_047,N/A
2024,21030680010101,in_age_042,19
2024,21030520010009,in_age_044,31
2024,21030550010006,in_age_045,14
2024,21030680010301,in_age_032,11
2024,21030550010001,in_age_037,10
2024,21030680010302,in_age_033,12
2024,21030710020015,in_age_040,14
2024,21030700010004,in_age_031,N/A
2024,21030560010002,in_age_037,13
2024,21030710020002,in_age_047,11
2024,21030530020001,in_age_044,22
2024,21030590010004,in_age_040,8
2024,21030660040204,in_age_032,9
2024,21030710020018,in_age_040,8
2024,21030510010011,in_age_047,8
2024,21030520010601,in_age_041,10
2024,21030570010006,in_age_033,6
2024,21030560010005,in_age_040,29
2024,21030660020101,in_age_046,N/A
2024,21030660030002,in_age_046,17
2024,21030590010002,in_age_046,23
2024,21030520010001,in_age_043,29
2024,21030510010011,in_age_041,16
2024,21030710020002,in_age_042,23
2024,21030550010007,in_age_032,N/A
2024,21030530010001,in_age_033,N/A
2024,21030660010002,in_age_046,19
2024,21030660030101,in_age_043,6
2024,21030710020003,in_age_045,17
2024,21030680010201,in_age_033,20
2024,21030510010009,in_age_040,15
2024,21030660010001,in_age_043,31
2024,21030710020009,in_age_045,21
2024,21030710020001,in_age_033,N/A
2024,21030700010001,in_age_038,6
2024,21030660040201,in_age_043,22
2024,21030590010006,in_age_041,19
2024,21030530010401,in_age_044,17
2024,21030570010103,in_age_042,26
2024,21030660040202,in_age_045,23
2024,21030550010007,in_age_031,N/A
2024,21030680010101,in_age_050,N/A
2024,21030660030101,in_age_039,12
2024,21030510010007,in_age_045,22
2024,21030590010007,in_age_039,7
2024,21030590010007,in_age_041,14
2024,21030570010007,in_age_032,N/A
2024,21030700010004,in_age_044,27
2024,21030590010003,in_age_037,11
2024,21030560010006,in_age_047,9
2024,21030710020003,in_age_037,13
2024,21030710010101,in_age_046,36
2024,21030710020009,in_age_034,N/A
2024,21030700010009,in_age_039,20
2024,21030710020006,in_age_043,15
2024,21030550010005,in_age_044,27
2024,21030510010001,in_age_043,24
2024,21030520010601,in_age_045,14
2024,21030660010001,in_age_041,15
2024,21030530020007,in_age_038,30
2024,21030530020007,in_age_031,N/A
2024,21030510010006,in_age_043,19
2024,21030710010101,in_age_038,22
2024,21030520010601,in_age_040,12
2024,21030570010004,in_age_038,9
2024,21030710020008,in_age_043,30
2024,21030710020007,in_age_037,14
2024,21030530010002,in_age_046,N/A
2024,21030510010005,in_age_045,19
2024,21030510010007,in_age_035,8
2024,21030530010002,in_age_032,N/A
2024,21030510010003,in_age_038,52
2024,21030530010002,in_age_039,23
2024,21030530020102,in_age_037,34
2024,21030550010009,in_age_036,11
2024,21030710020004,in_age_033,6
2024,21030530010002,in_age_038,22
2024,21030510010011,in_age_045,9
2024,21030510010010,in_age_031,N/A
2024,21030700010401,in_age_045,14
2024,21030700010002,in_age_032,N/A
2024,21030570010004,in_age_032,5
2024,21030710020001,in_age_039,16
2024,21030530020103,in_age_039,40
2024,21030680010101,in_age_043,15
2024,21030520010001,in_age_034,6
2024,21030600010002,in_age_034,8
2024,21030570010101,in_age_047,N/A
2024,21030560010004,in_age_031,N/A
2024,21030510010011,in_age_031,N/A
2024,21030660010002,in_age_036,17
2024,21030550010008,in_age_035,7
2024,21030520010009,in_age_037,16
2024,21030600010002,in_age_044,30
2024,21030530010601,in_age_036,22
2024,21030560010002,in_age_041,15
2024,21030550010003,in_age_036,15
2024,21030660010002,in_age_034,N/A
2024,21030710020015,in_age_041,19
2024,21030530020002,in_age_040,14
2024,21030710020015,in_age_034,N/A
2024,21030660030101,in_age_033,N/A
2024,21030530020502,in_age_036,7
2024,21030680010201,in_age_037,43
2024,21030570010013,in_age_033,11
2024,21030660040001,in_age_034,N/A
2024,21030700010012,in_age_048,5
2024,21030520010004,in_age_042,23
2024,21030600010004,in_age_032,N/A
2024,21030530010501,in_age_040,32
2024,21030700010401,in_age_049,N/A
2024,21030660030001,in_age_039,15
2024,21030660020001,in_age_050,N/A
2024,21030600010003,in_age_032,N/A
2024,21030510010001,in_age_047,8
2024,21030660040202,in_age_043,31
2024,21030570010004,in_age_047,9
2024,21030530020502,in_age_044,9
2024,21030660040203,in_age_034,13
2024,21030510010003,in_age_039,46
2024,21030530010601,in_age_038,23
2024,21030550010010,in_age_034,16
2024,21030560010201,in_age_038,13
2024,21030680010101,in_age_031,10
2024,21030560010002,in_age_045,18
2024,21030600010008,in_age_041,12
2024,21030700010401,in_age_037,5
2024,21030660010001,in_age_034,N/A
2024,21030680010301,in_age_037,55
2024,21030680010001,in_age_048,5
2024,21030530020103,in_age_048,N/A
2024,21030550010006,in_age_038,7
2024,21030600010004,in_age_043,21
2024,21030660030001,in_age_037,18
2024,21030570010003,in_age_048,N/A
2024,21030530020103,in_age_044,16
2024,21030560010002,in_age_040,26
2024,21030710020008,in_age_041,16
2024,21030530010401,in_age_034,19
2024,21030700020101,in_age_042,27
2024,21030700010011,in_age_040,15
2024,21030710010002,in_age_049,N/A
2024,21030600010005,in_age_040,11
2024,21030510010003,in_age_041,22
2024,21030530020002,in_age_046,13
2024,21030700010012,in_age_033,7
2024,21030530020101,in_age_032,30
2024,21030570010001,in_age_048,N/A
2024,21030680010207,in_age_034,8
2024,21030530020503,in_age_041,21
2024,21030680020001,in_age_034,N/A
2024,21030590010002,in_age_034,9
2024,21030520010201,in_age_051,N/A
2024,21030530020004,in_age_035,7
2024,21030600010001,in_age_038,N/A
2024,21030700010001,in_age_035,5
2024,21030560010003,in_age_034,15
2024,21030680010301,in_age_047,N/A
2024,21030520010201,in_age_033,5
2024,21030700010401,in_age_043,17
2024,21030680010205,in_age_039,35
2024,21030600010007,in_age_037,11
2024,21030700010007,in_age_042,20
2024,21030570010102,in_age_037,30
2024,21030570010011,in_age_043,24
2024,21030600010006,in_age_048,N/A
2024,21030680010202,in_age_031,32
2024,21030700010012,in_age_050,N/A
2024,21030710010101,in_age_047,28
2024,21030710020011,in_age_042,27
2024,21030570010102,in_age_032,6
2024,21030700010004,in_age_037,38
2024,21030710020013,in_age_039,11
2024,21030590010006,in_age_047,11
2024,21030550010007,in_age_047,13
2024,21030660010001,in_age_035,5
2024,21030570010101,in_age_041,30
2024,21030520010010,in_age_032,N/A
2024,21030700010011,in_age_037,12
2024,21030550010009,in_age_038,12
2024,21030560010005,in_age_039,16
2024,21030710020007,in_age_045,31
2024,21030590010006,in_age_044,26
2024,21030600010002,in_age_046,20
2024,21030590010001,in_age_045,17
2024,21030530020501,in_age_039,47
2024,21030530020003,in_age_034,5
2024,21030560010006,in_age_038,15
2024,21030660040202,in_age_032,12
2024,21030660030101,in_age_038,18
2024,21030590010007,in_age_034,N/A
2024,21030510010010,in_age_040,21
2024,21030550010006,in_age_042,15
2024,21030530010001,in_age_031,6
2024,21030570010012,in_age_039,16
2024,21030700010006,in_age_043,37
2024,21030520010005,in_age_045,12
2024,21030660020001,in_age_034,N/A
2024,21030660040001,in_age_047,5
2024,21030700010301,in_age_033,10
2024,21030710020006,in_age_038,8
2024,21030680010202,in_age_036,39
2024,21030660010001,in_age_037,18
2024,21030710020002,in_age_048,N/A
2024,21030710020014,in_age_044,29
2024,21030660040202,in_age_050,N/A
2024,21030700010003,in_age_038,9
2024,21030710020015,in_age_036,18
2024,21030550010002,in_age_041,19
2024,21030710020017,in_age_046,15
2024,21030520010010,in_age_034,N/A
2024,21030560010006,in_age_036,33
2024,21030510010009,in_age_039,26
2024,21030510010009,in_age_046,N/A
2024,21030510010007,in_age_037,16
2024,21030570010013,in_age_040,17
2024,21030700010001,in_age_033,N/A
2024,21030600010004,in_age_042,21
2024,21030560010003,in_age_033,12
2024,21030530020001,in_age_034,6
2024,21030570010003,in_age_040,12
2024,21030560010003,in_age_039,15
2024,21030710020012,in_age_046,15
2024,21030700010009,in_age_034,N/A
2024,21030570010101,in_age_037,47
2024,21030710010101,in_age_039,30
2024,21030590010001,in_age_034,N/A
2024,21030530020003,in_age_041,24
2024,21030530020504,in_age_042,18
2024,21030560010001,in_age_036,9
2024,21030510010005,in_age_038,11
2024,21030560010201,in_age_045,17
2024,21030530020503,in_age_034,6
2024,21030590010007,in_age_035,10
2024,21030530010201,in_age_044,5
2024,21030600010002,in_age_049,N/A
2024,21030520010006,in_age_041,18
2024,21030550010003,in_age_032,N/A
2024,21030550010001,in_age_035,13
2024,21030570010004,in_age_039,11
2024,21030710020019,in_age_046,25
2024,21030600010007,in_age_049,N/A
2024,21030710020005,in_age_036,9
2024,21030680010301,in_age_043,20
2024,21030660010003,in_age_035,11
2024,21030510010006,in_age_035,10
2024,21030510010001,in_age_033,5
2024,21030560010005,in_age_047,7
2024,21030660010002,in_age_035,9
2024,21030710020016,in_age_040,18
2024,21030520010002,in_age_044,15
2024,21030570010013,in_age_041,21
2024,21030510010002,in_age_047,7
2024,21030590010003,in_age_049,N/A
2024,21030600010008,in_age_040,10
2024,21030520010007,in_age_042,26
2024,21030710020001,in_age_037,16
2024,21030710020003,in_age_050,N/A
2024,21030520010002,in_age_038,10
2024,21030590010001,in_age_041,21
2024,21030700020101,in_age_047,N/A
2024,21030550010009,in_age_031,N/A
2024,21030520010009,in_age_033,N/A
2024,21030570010012,in_age_034,11
2024,21030560010002,in_age_039,22
2024,21030520010001,in_age_044,19
2024,21030530020401,in_age_044,19
2024,21030700020101,in_age_034,14
2024,21030700010005,in_age_049,N/A
2024,21030660030001,in_age_034,N/A
2024,21030570010008,in_age_036,7
2024,21030600010004,in_age_040,9
2024,21030530010201,in_age_034,N/A
2024,21030700010010,in_age_040,17
2024,21030600010008,in_age_036,16
2024,21030710020010,in_age_039,11
2024,21030600010002,in_age_037,20
2024,21030530020007,in_age_049,9
2024,21030520010005,in_age_048,N/A
2024,21030530020003,in_age_044,26
2024,21030600010010,in_age_046,16
2024,21030700020201,in_age_046,N/A
2024,21030700010003,in_age_041,24
2024,21030600010010,in_age_040,15
2024,21030520010005,in_age_046,13
2024,21030700010401,in_age_032,N/A
2024,21030510010011,in_age_035,5
2024,21030700020002,in_age_042,12
2024,21030520010010,in_age_046,8
2024,21030700010012,in_age_043,28
2024,21030680020001,in_age_032,N/A
2024,21030530020501,in_age_043,12
2024,21030530020504,in_age_047,N/A
2024,21030570010014,in_age_048,N/A
2024,21030520010009,in_age_046,10
2024,21030530010201,in_age_033,N/A
2024,21030590010002,in_age_047,13
2024,21030700010004,in_age_046,13
2024,21030530020006,in_age_035,N/A
2024,21030530020503,in_age_044,8
2024,21030600010001,in_age_031,N/A
2024,21030530010601,in_age_042,23
2024,21030700010005,in_age_038,9
2024,21030550010004,in_age_034,6
2024,21030590010001,in_age_032,N/A
2024,21030520010002,in_age_036,17
2024,21030700010013,in_age_042,20
2024,21030560010006,in_age_048,N/A
2024,21030530020102,in_age_044,13
2024,21030700010402,in_age_043,20
2024,21030590010002,in_age_041,32
2024,21030530020006,in_age_045,8
2024,21030520010008,in_age_044,23
2024,21030600010003,in_age_047,12
2024,21030550010005,in_age_047,16
2024,21030530010401,in_age_048,N/A
2024,21030700010012,in_age_035,N/A
2024,21030700010007,in_age_031,N/A
2024,21030520010201,in_age_044,8
2024,21030710010002,in_age_040,6
2024,21030700010011,in_age_046,17
2024,21030510010001,in_age_049,N/A
2024,21030680010204,in_age_044,5
2024,21030570010008,in_age_040,11
2024,21030710020017,in_age_034,N/A
2024,21030700020101,in_age_046,N/A
2024,21030660020002,in_age_037,60
2024,21030530010401,in_age_035,16
2024,21030710020001,in_age_044,26
2024,21030530010401,in_age_040,28
2024,21030700010401,in_age_035,5
2024,21030570010011,in_age_048,7
2024,21030570010009,in_age_038,11
2024,21030710020007,in_age_032,N/A
2024,21030700010011,in_age_036,14
2024,21030560010201,in_age_031,9
2024,21030600010008,in_age_035,7
2024,21030590010003,in_age_032,6
2024,21030700010008,in_age_037,12
2024,21030710020017,in_age_049,N/A
2024,21030560010005,in_age_048,N/A
2024,21030510010005,in_age_036,18
2024,21030560010005,in_age_037,25
2024,21030660010003,in_age_044,31
2024,21030570010005,in_age_035,5
2024,21030710020018,in_age_041,11
2024,21030710020007,in_age_038,9
2024,21030710020004,in_age_039,14
2024,21030680010202,in_age_034,N/A
2024,21030700010009,in_age_047,9
2024,21030570010007,in_age_047,5
2024,21030590010003,in_age_031,N/A
2024,21030570010002,in_age_033,6
2024,21030530010001,in_age_048,N/A
2024,21030570010006,in_age_039,11
2024,21030530020503,in_age_035,9
2024,21030510010004,in_age_043,15
2024,21030560010003,in_age_048,N/A
2024,21030600010006,in_age_031,N/A
2024,21030600010005,in_age_034,6
2024,21030660040001,in_age_036,N/A
2024,21030680010206,in_age_039,42
2024,21030590010003,in_age_042,20
2024,21030530010401,in_age_037,34
2024,21030550010001,in_age_045,12
2024,21030710020005,in_age_041,20
2024,21030660040204,in_age_031,N/A
2024,21030680010302,in_age_031,24
2024,21030550010006,in_age_043,21
2024,21030530020002,in_age_034,9
2024,21030530010901,in_age_047,5
2024,21030530020102,in_age_035,12
2024,21030700010001,in_age_046,15
2024,21030530020501,in_age_044,12
2024,21030710020014,in_age_039,12
2024,21030710020018,in_age_032,N/A
2024,21030710020017,in_age_045,25
2024,21030710020004,in_age_037,15
2024,21030660010003,in_age_041,12
2024,21030530020103,in_age_033,19
2024,21030600010009,in_age_040,12
2024,21030510010009,in_age_047,5
2024,21030700010005,in_age_046,22
2024,21030680010001,in_age_040,16
2024,21030530010001,in_age_036,10
2024,21030660010003,in_age_043,33
2024,21030700010004,in_age_035,14
2024,21030710020015,in_age_047,6
2024,21030530020504,in_age_032,21
2024,21030710020005,in_age_042,26
2024,21030570010001,in_age_036,15
2024,21030570010102,in_age_031,17
2024,21030590010003,in_age_038,N/A
2024,21030600010008,in_age_046,17
2024,21030530020002,in_age_047,8
2024,21030700010007,in_age_044,36
2024,21030710020004,in_age_043,28
2024,21030570010004,in_age_041,12
2024,21030710020004,in_age_034,6
2024,21030700010402,in_age_048,N/A
2024,21030520010002,in_age_047,6
2024,21030710020003,in_age_033,N/A
2024,21030680010302,in_age_032,24
2024,21030570010014,in_age_044,23
2024,21030510010004,in_age_041,20
2024,21030710010002,in_age_047,N/A
2024,21030550010007,in_age_038,16
2024,21030600010004,in_age_045,10
2024,21030570010011,in_age_047,12
2024,21030660030001,in_age_047,11
2024,21030570010008,in_age_032,N/A
2024,21030520010001,in_age_041,30
2024,21030520010001,in_age_039,14
2024,21030550010003,in_age_046,10
2024,21030710020009,in_age_042,22
2024,21030710020019,in_age_039,14
2024,21030530020004,in_age_037,23
2024,21030700010005,in_age_036,19
2024,21030590010003,in_age_040,15
2024,21030570010013,in_age_032,N/A
2024,21030700010014,in_age_036,17
2024,21030550010005,in_age_048,N/A
2024,21030570010008,in_age_043,27
2024,21030520010006,in_age_044,21
2024,21030570010001,in_age_045,15
2024,21030710020008,in_age_039,16
2024,21030550010005,in_age_045,18
2024,21030700010016,in_age_047,N/A
2024,21030530010501,in_age_037,28
2024,21030550010002,in_age_043,21
2024,21030530020002,in_age_041,20
2024,21030530020006,in_age_031,N/A
2024,21030530020005,in_age_032,N/A
2024,21030590010006,in_age_035,7
2024,21030510010008,in_age_035,12
2024,21030660040203,in_age_032,6
2024,21030560010002,in_age_046,9
2024,21030710020006,in_age_047,14
2024,21030530020103,in_age_038,32
2024,21030550010001,in_age_036,18
2024,21030700010402,in_age_046,9
2024,21030660020002,in_age_048,N/A
2024,21030530020005,in_age_041,12
2024,21030680010302,in_age_043,23
2024,21030710020015,in_age_032,N/A
2024,21030520010004,in_age_044,20
2024,21030570010008,in_age_033,N/A
2024,21030570010002,in_age_034,N/A
2024,21030700010015,in_age_049,N/A
2024,21030660040204,in_age_037,6
2024,21030600010001,in_age_046,13
2024,21030570010002,in_age_039,18
2024,21030700020002,in_age_047,8
2024,21030660040001,in_age_043,8
2024,21030590010007,in_age_047,7
2024,21030510010010,in_age_039,17
2024,21030660040203,in_age_038,15
2024,21030710020011,in_age_044,24
2024,21030520010010,in_age_040,17
2024,21030520010007,in_age_033,5
2024,21030570010101,in_age_031,13
2024,21030680010101,in_age_034,18
2024,21030560010006,in_age_043,21
2024,21030680010207,in_age_045,8
2024,21030510010003,in_age_035,15
2024,21030560010004,in_age_045,11
2024,21030570010101,in_age_038,41
2024,21030680010201,in_age_049,N/A
2024,21030680010301,in_age_040,29
2024,21030570010006,in_age_045,19
2024,21030510010006,in_age_045,13
2024,21030530010901,in_age_048,5
2024,21030710020007,in_age_034,N/A
2024,21030510010002,in_age_044,25
2024,21030700010001,in_age_045,18
2024,21030680010207,in_age_036,16
2024,21030560010201,in_age_035,28
2024,21030600010009,in_age_034,N/A
2024,21030510010002,in_age_039,11
2024,21030660020101,in_age_038,12
2024,21030530010002,in_age_036,42
2024,21030660040202,in_age_034,9
2024,21030560010003,in_age_045,20
2024,21030530020103,in_age_047,N/A
2024,21030680010102,in_age_044,19
2024,21030510010006,in_age_044,12
2024,21030530020502,in_age_037,20
2024,21030660030001,in_age_046,14
2024,21030600010003,in_age_038,9
2024,21030570010004,in_age_044,19
2024,21030530020503,in_age_046,N/A
2024,21030590010002,in_age_036,11
2024,21030520010201,in_age_046,6
2024,21030510010007,in_age_043,19
2024,21030570010013,in_age_034,5
2024,21030550010002,in_age_037,8
2024,21030530010901,in_age_040,17
2024,21030710020017,in_age_044,40
2024,21030530020003,in_age_049,N/A
2024,21030510010004,in_age_039,18
2024,21030520010006,in_age_036,18
2024,21030710020011,in_age_047,10
2024,21030660040001,in_age_033,N/A
2024,21030530020003,in_age_042,26
2024,21030680010101,in_age_033,16
2024,21030660040201,in_age_045,10
2024,21030700010009,in_age_038,N/A
2024,21030530020402,in_age_037,31
2024,21030570010010,in_age_040,19
2024,21030570010103,in_age_041,28
2024,21030570010013,in_age_035,9
2024,21030570010008,in_age_047,6
2024,21030530010901,in_age_032,N/A
2024,21030520010005,in_age_033,5
2024,21030550010010,in_age_032,N/A
2024,21030680020001,in_age_039,12
2024,21030510010009,in_age_037,40
2024,21030570010004,in_age_046,16
2024,21030550010001,in_age_034,6
2024,21030520010010,in_age_033,N/A
2024,21030700010008,in_age_048,5
2024,21030570010102,in_age_040,13
2024,21030660040201,in_age_036,8
2024,21030520010003,in_age_047,12
2024,21030570010014,in_age_033,6
2024,21030570010009,in_age_040,22
2024,21030700010015,in_age_037,14
2024,21030520010005,in_age_035,7
2024,21030680010301,in_age_038,40
2024,21030510010005,in_age_041,22
2024,21030700010009,in_age_036,13
2024,21030680010102,in_age_033,12
2024,21030700010006,in_age_042,26
2024,21030660040201,in_age_039,13
2024,21030700010013,in_age_032,6
2024,21030680010205,in_age_042,12
2024,21030600010004,in_age_034,9
2024,21030570010007,in_age_046,8
2024,21030710020012,in_age_039,12
2024,21030710020007,in_age_046,14
2024,21030530020401,in_age_032,33
2024,21030660020102,in_age_047,N/A
2024,21030530020003,in_age_038,7
2024,21030590010007,in_age_037,10
2024,21030680010001,in_age_032,N/A
2024,21030570010014,in_age_032,N/A
2024,21030680010202,in_age_039,48
2024,21030530010901,in_age_046,6
2024,21030530020005,in_age_039,24
2024,21030530020501,in_age_045,11
2024,21030530020006,in_age_049,N/A
2024,21030560010002,in_age_034,9
2024,21030700010007,in_age_033,9
2024,21030590010004,in_age_048,7
2024,21030530020504,in_age_036,12
2024,21030520010009,in_age_042,17
2024,21030530020001,in_age_035,5
2024,21030700010301,in_age_042,15
2024,21030700010006,in_age_040,22
2024,21030700010012,in_age_034,N/A
2024,21030570010012,in_age_043,28
2024,21030710020008,in_age_032,6
2024,21030550010007,in_age_045,37
2024,21030660030002,in_age_047,5
2024,21030660010003,in_age_036,8
2024,21030510010008,in_age_032,N/A
2024,21030700010006,in_age_032,N/A
2024,21030550010002,in_age_042,26
2024,21030710020009,in_age_033,5
2024,21030520010003,in_age_041,17
2024,21030520010005,in_age_039,10
2024,21030530020101,in_age_049,N/A
2024,21030710020004,in_age_035,7
2024,21030710020005,in_age_043,22
2024,21030530020503,in_age_043,10
2024,21030520010005,in_age_034,6
2024,21030570010102,in_age_047,N/A
2024,21030680010206,in_age_042,17
2024,21030660020101,in_age_045,6
2024,21030570010102,in_age_044,22
2024,21030680010202,in_age_037,83
2024,21030710020012,in_age_037,14
2024,21030510010011,in_age_034,N/A
2024,21030550010006,in_age_035,5
2024,21030550010006,in_age_031,N/A
2024,21030550010009,in_age_044,32
2024,21030680010203,in_age_045,10
2024,21030520010005,in_age_047,10
2024,21030560010001,in_age_034,7
2024,21030560010005,in_age_033,N/A
2024,21030680010207,in_age_042,25
2024,21030550010008,in_age_045,23
2024,21030700010301,in_age_031,26
2024,21030700010009,in_age_046,15
2024,21030710020007,in_age_047,14
2024,21030530020103,in_age_036,13
2024,21030570010012,in_age_038,8
2024,21030660020001,in_age_032,5
2024,21030660040202,in_age_040,28
2024,21030680020001,in_age_035,12
2024,21030520010009,in_age_039,12
2024,21030570010013,in_age_038,13
2024,21030520010006,in_age_047,8
2024,21030600010006,in_age_038,6
2024,21030680010203,in_age_041,28
2024,21030520010008,in_age_038,12
2024,21030710020001,in_age_049,N/A
2024,21030560010002,in_age_044,24
2024,21030520010601,in_age_049,N/A
2024,21030530020001,in_age_048,6
2024,21030570010004,in_age_043,22
2024,21030530020005,in_age_040,10
2024,21030530020401,in_age_037,16
2024,21030700020101,in_age_048,N/A
2024,21030530010201,in_age_038,22
2024,21030710020019,in_age_041,25
2024,21030700010002,in_age_047,16
2024,21030700010401,in_age_040,9
2024,21030570010005,in_age_044,28
2024,21030530020102,in_age_042,31
2024,21030710020006,in_age_049,N/A
2024,21030700010013,in_age_040,13
2024,21030710020011,in_age_039,11
2024,21030700010008,in_age_033,10
2024,21030550010009,in_age_049,N/A
2024,21030560010002,in_age_043,13
2024,21030550010007,in_age_042,20
2024,21030590010001,in_age_036,8
2024,21030710020003,in_age_043,29
2024,21030680010206,in_age_036,12
2024,21030530020402,in_age_047,5
2024,21030710020016,in_age_039,21
2024,21030570010103,in_age_037,31
2024,21030510010010,in_age_043,27
2024,21030600010003,in_age_035,9
2024,21030660010003,in_age_049,N/A
2024,21030520010601,in_age_037,9
2024,21030520010007,in_age_032,N/A
2024,21030520010201,in_age_041,12
2024,21030520010009,in_age_040,8
2024,21030710020012,in_age_032,N/A
2024,21030710020002,in_age_044,29
2024,21030700010011,in_age_045,14
2024,21030700010402,in_age_042,25
2024,21030530010601,in_age_041,21
2024,21030660020002,in_age_046,5
2024,21030710020019,in_age_035,6
2024,21030680010202,in_age_041,28
2024,21030530020007,in_age_046,18
2024,21030710020007,in_age_040,15
2024,21030660010001,in_age_046,14
2024,21030590010005,in_age_042,27
2024,21030550010009,in_age_034,8
2024,21030700010008,in_age_042,22
2024,21030520010002,in_age_046,8
2024,21030590010006,in_age_040,15
2024,21030600010010,in_age_032,N/A
2024,21030710020013,in_age_042,21
2024,21030710020005,in_age_035,6
2024,21030600010005,in_age_037,10
2024,21030550010003,in_age_045,19
2024,21030550010003,in_age_033,7
2024,21030520010006,in_age_039,16
2024,21030600010001,in_age_045,17
2024,21030550010002,in_age_040,18
2024,21030680010201,in_age_042,13
2024,21030530020501,in_age_037,11
2024,21030660040204,in_age_034,9
2024,21030550010010,in_age_039,15
2024,21030700020002,in_age_039,18
2024,21030660010003,in_age_047,10
2024,21030710020007,in_age_043,45
2024,21030510010005,in_age_046,15
2024,21030550010006,in_age_033,N/A
2024,21030570010101,in_age_034,5
2024,21030590010006,in_age_049,N/A
2024,21030560010201,in_age_032,9
2024,21030700010016,in_age_046,18
2024,21030710020006,in_age_041,23
2024,21030510010011,in_age_032,N/A
2024,21030570010003,in_age_042,22
2024,21030700010006,in_age_041,21
2024,21030660040202,in_age_041,21
2024,21030530020502,in_age_033,14
2024,21030590010004,in_age_033,N/A
2024,21030660040204,in_age_036,17
2024,21030710020002,in_age_039,16
2024,21030550010010,in_age_033,11
2024,21030680020001,in_age_049,N/A
2024,21030570010002,in_age_048,N/A
2024,21030700010004,in_age_036,30
2024,21030660030002,in_age_043,39
2024,21030530010501,in_age_042,20
2024,21030710020014,in_age_037,12
2024,21030680010201,in_age_031,40
2024,21030710020016,in_age_034,N/A
2024,21030530010201,in_age_040,10
2024,21030680010001,in_age_041,25
2024,21030680010202,in_age_043,24
2024,21030520010201,in_age_042,14
2024,21030570010002,in_age_032,5
2024,21030570010103,in_age_047,N/A
2024,21030680010204,in_age_045,14
2024,21030590010004,in_age_044,35
2024,21030660040203,in_age_046,N/A
2024,21030520010001,in_age_031,N/A
2024,21030710020013,in_age_041,13
2024,21030560010006,in_age_041,29
2024,21030660020102,in_age_043,17
2024,21030700010010,in_age_036,7
2024,21030510010005,in_age_032,5
2024,21030560010005,in_age_045,27
2024,21030680010205,in_age_033,N/A
2024,21030570010002,in_age_041,21
2024,21030560010001,in_age_031,N/A
2024,21030570010007,in_age_035,10
2024,21030660020102,in_age_034,N/A
2024,21030520010004,in_age_046,12
2024,21030710020005,in_age_037,9
2024,21030660020101,in_age_032,12
2024,21030710020012,in_age_040,20
2024,21030570010102,in_age_043,22
2024,21030530020502,in_age_032,25
2024,21030710020014,in_age_034,6
2024,21030570010003,in_age_043,15
2024,21030550010006,in_age_037,13
2024,21030570010001,in_age_039,12
2024,21030660040001,in_age_039,N/A
2024,21030520010008,in_age_036,13
2024,21030710020011,in_age_037,9
2024,21030530010002,in_age_045,5
2024,21030600010003,in_age_034,10
2024,21030530010001,in_age_039,20
2024,21030700010016,in_age_045,13
2024,21030700010015,in_age_035,14
2024,21030710020018,in_age_043,17
2024,21030600010007,in_age_038,N/A
2024,21030700010014,in_age_041,16
2024,21030710020004,in_age_044,31
2024,21030680010202,in_age_033,5
2024,21030530010401,in_age_038,34
2024,21030660020101,in_age_037,14
2024,21030520010010,in_age_037,13
2024,21030530020402,in_age_033,21
2024,21030570010004,in_age_035,10
2024,21030710020019,in_age_044,39
2024,21030680010205,in_age_031,33
2024,21030710020018,in_age_034,N/A
2024,21030590010006,in_age_036,13
2024,21030560010006,in_age_049,N/A
2024,21030680010102,in_age_039,19
2024,21030660030001,in_age_045,30
2024,21030530020002,in_age_048,N/A
2024,21030700010010,in_age_039,12
2024,21030700010004,in_age_032,N/A
2024,21030550010004,in_age_042,16
2024,21030520010010,in_age_048,N/A
2024,21030710020014,in_age_049,N/A
2024,21030700010003,in_age_040,19
2024,21030520010007,in_age_048,7
2024,21030660040201,in_age_033,10
2024,21030700010402,in_age_045,11
2024,21030510010006,in_age_040,21
2024,21030700010013,in_age_033,5
2024,21030700020002,in_age_048,N/A
2024,21030700010013,in_age_036,8
2024,21030530020003,in_age_035,11
2024,21030680010205,in_age_037,47
2024,21030700010013,in_age_034,6
2024,21030680010301,in_age_044,23
2024,21030710020004,in_age_042,23
2024,21030710020011,in_age_041,25
2024,21030680010207,in_age_046,6
2024,21030520010009,in_age_049,N/A
2024,21030530020005,in_age_035,N/A
2024,21030680010302,in_age_039,45
2024,21030700010003,in_age_039,16
2024,21030710020007,in_age_049,N/A
2024,21030660020001,in_age_037,19
2024,21030550010010,in_age_031,N/A
2024,21030520010001,in_age_040,14
2024,21030700010010,in_age_034,6
2024,21030660030001,in_age_048,5
2024,21030680010202,in_age_042,15
2024,21030710020004,in_age_048,N/A
2024,21030530020006,in_age_047,8
2024,21030700010013,in_age_041,30
2024,21030530010901,in_age_043,35
2024,21030530020402,in_age_032,26
2024,21030600010004,in_age_049,N/A
2024,21030600010003,in_age_031,N/A
2024,21030560010005,in_age_042,22
2024,21030530010901,in_age_044,31
2024,21030530020103,in_age_042,22
2024,21030710020012,in_age_042,20
2024,21030520010201,in_age_039,10
2024,21030680010102,in_age_048,N/A
2024,21030570010014,in_age_035,6
2024,21030520010009,in_age_034,N/A
2024,21030570010014,in_age_039,10
2024,21030570010003,in_age_034,9
2024,21030560010201,in_age_048,N/A
2024,21030660040203,in_age_044,11
2024,21030530020007,in_age_047,38
2024,21030700010016,in_age_040,21
2024,21030660010003,in_age_037,15
2024,21030700010005,in_age_032,N/A
2024,21030600010007,in_age_045,19
2024,21030600010003,in_age_039,9
2024,21030660040202,in_age_046,8
2024,21030660030101,in_age_047,N/A
2024,21030530020004,in_age_046,11
2024,21030510010007,in_age_046,8
2024,21030530010002,in_age_037,41
2024,21030700010010,in_age_049,N/A
2024,21030660010003,in_age_032,N/A
2024,21030550010003,in_age_042,23
2024,21030660010003,in_age_038,10
2024,21030660010003,in_age_048,N/A
2024,21030530020101,in_age_045,11
2024,21030600010007,in_age_039,17
2024,21030570010014,in_age_049,N/A
2024,21030710020012,in_age_044,16
2024,21030600010009,in_age_035,9
2024,21030510010004,in_age_045,16
2024,21030700010016,in_age_033,10
2024,21030570010103,in_age_043,24
2024,21030700010002,in_age_038,15
2024,21030560010002,in_age_033,7
2024,21030570010001,in_age_037,19
2024,21030710020019,in_age_047,20
2024,21030710020017,in_age_035,11
2024,21030520010002,in_age_041,17
2024,21030710020008,in_age_037,17
2024,21030530020102,in_age_031,27
2024,21030560010003,in_age_038,15
2024,21030600010005,in_age_044,22
2024,21030520010010,in_age_039,12
2024,21030710020011,in_age_036,8
2024,21030550010010,in_age_038,9
2024,21030570010005,in_age_033,9
2024,21030560010001,in_age_042,32
2024,21030530020101,in_age_034,10
2024,21030550010003,in_age_041,24
2024,21030520010601,in_age_035,N/A
2024,21030700010001,in_age_049,6
2024,21030710020017,in_age_047,16
2024,21030510010004,in_age_046,14
2024,21030510010004,in_age_040,11
2024,21030560010003,in_age_042,19
2024,21030590010004,in_age_049,N/A
2024,21030570010101,in_age_042,17
2024,21030700020002,in_age_035,N/A
2024,21030530020501,in_age_036,11
2024,21030680010302,in_age_042,31
2024,21030700020201,in_age_031,19
2024,21030530010501,in_age_031,14
2024,21030710020014,in_age_051,N/A
2024,21030530020001,in_age_032,9
2024,21030600010006,in_age_047,10
2024,21030700020101,in_age_044,19
2024,21030600010005,in_age_041,20
2024,21030510010007,in_age_040,22
2024,21030700020101,in_age_039,37
2024,21030700010014,in_age_046,16
2024,21030560010002,in_age_048,N/A
2024,21030590010003,in_age_035,10
2024,21030520010001,in_age_035,8
2024,21030700010001,in_age_039,9
2024,21030590010003,in_age_036,9
2024,21030680010205,in_age_035,10
2024,21030530010001,in_age_038,13
2024,21030660040001,in_age_044,9
2024,21030570010012,in_age_045,22
2024,21030510010003,in_age_046,5
2024,21030600010010,in_age_038,11
2024,21030660010002,in_age_037,17
2024,21030530020101,in_age_040,27
2024,21030710020007,in_age_042,25
2024,21030530010002,in_age_041,19
2024,21030680020001,in_age_033,N/A
2024,21030520010008,in_age_042,22
2024,21030710020006,in_age_044,22
2024,21030700010007,in_age_036,14
2024,21030590010006,in_age_032,N/A
2024,21030710020001,in_age_034,5
2024,21030530020502,in_age_046,8
2024,21030560010005,in_age_034,6
2024,21030510010002,in_age_037,14
2024,21030510010006,in_age_031,N/A
2024,21030660020101,in_age_043,18
2024,21030660030101,in_age_042,10
2024,21030510010010,in_age_048,N/A
2024,21030560010006,in_age_034,12
2024,21030520010007,in_age_049,N/A
2024,21030570010102,in_age_048,N/A
2024,21030550010004,in_age_033,5
2024,21030530020101,in_age_047,8
2024,21030660010001,in_age_040,15
2024,21030530020401,in_age_049,N/A
2024,21030550010003,in_age_048,N/A
2024,21030710020008,in_age_033,9
2024,21030710020012,in_age_043,27
2024,21030530020504,in_age_033,18
2024,21030600010009,in_age_038,N/A
2024,21030530020007,in_age_041,7
2024,21030520010002,in_age_034,N/A
2024,21030710020013,in_age_031,N/A
2024,21030530020001,in_age_041,20
2024,21030680010204,in_age_035,8
2024,21030530020502,in_age_043,18
2024,21030680010206,in_age_034,12
2024,21030590010002,in_age_033,6
2024,21030700010015,in_age_032,8
2024,21030660030001,in_age_041,24
2024,21030600010004,in_age_036,8
2024,21030700010402,in_age_041,14
2024,21030570010001,in_age_041,21
2024,21030700020002,in_age_045,7
2024,21030680010302,in_age_038,39
2024,21030600010002,in_age_047,10
2024,21030550010001,in_age_039,11
2024,21030660020101,in_age_040,17
2024,21030710010002,in_age_037,N/A
2024,21030520010001,in_age_046,11
2024,21030530010201,in_age_041,18
2024,21030530010001,in_age_037,18
2024,21030570010001,in_age_043,11
2024,21030570010003,in_age_039,13
2024,21030530020103,in_age_031,16
2024,21030700010014,in_age_032,N/A
2024,21030590010007,in_age_033,N/A
2024,21030560010003,in_age_037,10
2024,21030710020015,in_age_038,23
2024,21030600010008,in_age_042,17
2024,21030700010014,in_age_038,8
2024,21030700010012,in_age_037,10
2024,21030570010002,in_age_040,13
2024,21030710020001,in_age_032,7
2024,21030510010008,in_age_037,27
2024,21030710020008,in_age_044,16
2024,21030590010002,in_age_045,23
2024,21030680010001,in_age_037,9
2024,21030590010006,in_age_033,7
2024,21030560010006,in_age_037,34
2024,21030560010201,in_age_042,30
2024,21030660030002,in_age_041,37
2024,21030520010003,in_age_048,5
2024,21030530010601,in_age_045,8
2024,21030590010007,in_age_038,8
2024,21030530020002,in_age_032,N/A
2024,21030550010005,in_age_037,22
2024,21030600010010,in_age_044,25
2024,21030530010601,in_age_032,5
2024,21030710020013,in_age_046,11
2024,21030520010004,in_age_045,19
2024,21030530020002,in_age_038,13
2024,21030710020005,in_age_044,21
2024,21030710020017,in_age_031,N/A
2024,21030700010301,in_age_037,26
2024,21030590010002,in_age_038,12
2024,21030660040204,in_age_046,N/A
2024,21030600010001,in_age_044,28
2024,21030700010008,in_age_043,17
2024,21030520010004,in_age_037,14
2024,21030710010002,in_age_043,N/A
2024,21030660010003,in_age_033,5
2024,21030680010205,in_age_032,21
2024,21030530020006,in_age_037,36
2024,21030700020101,in_age_031,34
2024,21030520010003,in_age_045,16
2024,21030700010001,in_age_031,N/A
2024,21030570010002,in_age_044,23
2024,21030600010006,in_age_039,7
2024,21030700010002,in_age_043,29
2024,21030660020102,in_age_048,N/A
2024,21030660040201,in_age_040,16
2024,21030660030001,in_age_038,15
2024,21030510010008,in_age_041,30
2024,21030590010007,in_age_049,N/A
2024,21030700010013,in_age_046,16
2024,21030570010102,in_age_033,6
2024,21030590010001,in_age_046,23
2024,21030510010006,in_age_047,8
2024,21030530010002,in_age_035,8
2024,21030660040204,in_age_047,N/A
2024,21030710020019,in_age_036,9
2024,21030660010002,in_age_044,43
2024,21030680010102,in_age_037,20
2024,21030530020501,in_age_031,29
2024,21030570010001,in_age_044,18
2024,21030550010009,in_age_039,16
2024,21030570010008,in_age_042,20
2024,21030590010002,in_age_032,5
2024,21030570010014,in_age_034,N/A
2024,21030530010001,in_age_047,N/A
2024,21030550010007,in_age_041,25
2024,21030710020016,in_age_045,14
2024,21030530020101,in_age_048,N/A
2024,21030660040202,in_age_037,21
2024,21030570010102,in_age_046,13
2024,21030530020001,in_age_042,19
2024,21030700010006,in_age_034,9
2024,21030660030002,in_age_048,8
2024,21030570010010,in_age_049,N/A
2024,21030590010005,in_age_032,N/A
2024,21030710020014,in_age_043,23
2024,21030530010001,in_age_032,5
2024,21030710020013,in_age_033,N/A
2024,21030680010205,in_age_040,23
2024,21030560010001,in_age_043,19
2024,21030660020001,in_age_042,15
2024,21030530020501,in_age_032,29
2024,21030680010202,in_age_048,N/A
2024,21030600010001,in_age_037,9
2024,21030660030001,in_age_043,27
2024,21030530020401,in_age_048,N/A
2024,21030700010002,in_age_049,N/A
2024,21030570010003,in_age_045,16
2024,21030600010008,in_age_038,5
2024,21030700010009,in_age_035,N/A
2024,21030520010201,in_age_040,10
2024,21030590010004,in_age_046,22
2024,21030530020004,in_age_041,14
2024,21030570010103,in_age_034,11
2024,21030700020201,in_age_044,12
2024,21030530020004,in_age_045,11
2024,21030710020019,in_age_034,5
2024,21030600010001,in_age_040,14
2024,21030700010015,in_age_048,N/A
2024,21030530010401,in_age_047,N/A
2024,21030680010207,in_age_039,34
2024,21030710020015,in_age_044,19
2024,21030530020003,in_age_032,6
2024,21030510010010,in_age_032,6
2024,21030710020010,in_age_047,9
2024,21030660020001,in_age_047,9
2024,21030700010301,in_age_048,N/A
2024,21030530020001,in_age_045,9
2024,21030680010301,in_age_034,7
2024,21030520010201,in_age_034,N/A
2024,21030710020012,in_age_034,5
2024,21030710020016,in_age_038,13
2024,21030600010006,in_age_033,8
2024,21030530020401,in_age_041,23
2024,21030550010005,in_age_031,N/A
2024,21030550010001,in_age_032,N/A
2024,21030570010004,in_age_033,5
2024,21030510010008,in_age_033,N/A
2024,21030530010601,in_age_043,17
2024,21030660040203,in_age_035,7
2024,21030510010011,in_age_040,15
2024,21030560010201,in_age_044,19
2024,21030700010005,in_age_043,19
2024,21030520010002,in_age_042,25
2024,21030560010002,in_age_035,9
2024,21030660020001,in_age_033,5
2024,21030510010001,in_age_041,32
2024,21030530020401,in_age_046,10
2024,21030600010006,in_age_034,6
2024,21030560010001,in_age_037,9
2024,21030710020005,in_age_034,10
2024,21030520010003,in_age_038,N/A
2024,21030530020002,in_age_045,14
2024,21030660020001,in_age_036,13
2024,21030560010002,in_age_038,8
2024,21030520010007,in_age_034,N/A
2024,21030570010013,in_age_039,18
2024,21030530020401,in_age_045,10
2024,21030700010009,in_age_042,19
2024,21030590010001,in_age_044,18
2024,21030600010001,in_age_043,19
2024,21030710020011,in_age_035,13
2024,21030550010003,in_age_043,14
2024,21030530010201,in_age_043,6
2024,21030660030001,in_age_049,N/A
2024,21030550010006,in_age_048,7
2024,21030510010004,in_age_042,29
2024,21030710020018,in_age_048,N/A
2024,21030710020010,in_age_046,23
2024,21030710020016,in_age_037,N/A
2024,21030530020103,in_age_035,9
2024,21030570010007,in_age_038,13
2024,21030700020002,in_age_038,9
2024,21030560010003,in_age_041,24
2024,21030600010008,in_age_034,N/A
2024,21030520010003,in_age_034,6
2024,21030710020008,in_age_045,21
2024,21030660010002,in_age_045,27
2024,21030680010102,in_age_031,N/A
2024,21030520010003,in_age_046,19
2024,21030530020402,in_age_038,31
2024,21030510010005,in_age_033,9
2024,21030570010002,in_age_038,N/A
2024,21030710020002,in_age_034,N/A
2024,21030550010005,in_age_032,5
2024,21030590010007,in_age_031,N/A
2024,21030700020101,in_age_035,14
2024,21030590010002,in_age_048,5
2024,21030530010201,in_age_031,N/A
2024,21030660020102,in_age_040,11
2024,21030560010001,in_age_041,24
2024,21030590010002,in_age_043,33
2024,21030550010008,in_age_036,N/A
2024,21030700010402,in_age_037,9
2024,21030660010003,in_age_034,N/A
2024,21030530020503,in_age_039,36
2024,21030560010006,in_age_033,N/A
2024,21030570010001,in_age_047,12
2024,21030710020014,in_age_032,N/A
2024,21030660040203,in_age_036,7
2024,21030700010402,in_age_031,N/A
2024,21030700010013,in_age_035,15
2024,21030570010005,in_age_041,16
2024,21030520010001,in_age_047,14
2024,21030710020017,in_age_043,25
2024,21030660040201,in_age_038,11
2024,21030700010011,in_age_033,6
2024,21030530020101,in_age_046,16
2024,21030600010008,in_age_043,24
2024,21030530020005,in_age_038,28
2024,21030700010016,in_age_048,5
2024,21030660040201,in_age_031,N/A
2024,21030550010005,in_age_034,15
2024,21030600010009,in_age_042,16
2024,21030600010008,in_age_032,N/A
2024,21030510010002,in_age_043,24
2024,21030520010008,in_age_045,21
2024,21030520010004,in_age_039,14
2024,21030700010001,in_age_040,5
2024,21030510010006,in_age_036,25
2024,21030570010013,in_age_048,6
2024,21030680010203,in_age_038,52
2024,21030660030101,in_age_040,8
2024,21030510010010,in_age_038,9
2024,21030510010001,in_age_034,10
2024,21030660040001,in_age_035,N/A
2024,21030710020017,in_age_039,11
2024,21030700010402,in_age_039,8
2024,21030510010004,in_age_035,9
2024,21030660040001,in_age_032,N/A
2024,21030570010008,in_age_044,17
2024,21030710020008,in_age_036,13
2024,21030570010004,in_age_042,16
2024,21030550010005,in_age_038,9
2024,21030700010009,in_age_041,19
2024,21030570010002,in_age_047,14
2024,21030550010007,in_age_036,19
2024,21030530010401,in_age_042,22
2024,21030530020103,in_age_040,36
2024,21030710020003,in_age_042,23
2024,21030510010005,in_age_039,22
2024,21030510010007,in_age_033,7
2024,21030710020009,in_age_044,23
2024,21030530010601,in_age_034,8
2024,21030570010006,in_age_044,18
2024,21030510010005,in_age_040,21
2024,21030700010004,in_age_048,N/A
2024,21030550010010,in_age_037,18
2024,21030530020007,in_age_039,30
2024,21030510010011,in_age_038,6
2024,21030710020012,in_age_041,22
2024,21030660010001,in_age_031,N/A
2024,21030570010002,in_age_043,28
2024,21030710020006,in_age_040,9
2024,21030600010008,in_age_045,15
2024,21030530010901,in_age_042,19
2024,21030660030002,in_age_037,19
2024,21030700010014,in_age_040,14
2024,21030590010007,in_age_036,13
2024,21030660020001,in_age_045,16
2024,21030600010002,in_age_045,21
2024,21030710020014,in_age_040,12
2024,21030710020001,in_age_035,13
2024,21030660010003,in_age_042,19
2024,21030550010009,in_age_045,28
2024,21030510010001,in_age_036,19
2024,21030520010201,in_age_037,6
2024,21030560010003,in_age_040,15
2024,21030700020201,in_age_045,7
2024,21030700010402,in_age_033,5
2024,21030510010002,in_age_045,13
2024,21030700010301,in_age_040,24
2024,21030680010301,in_age_039,35
2024,21030570010003,in_age_033,N/A
2024,21030570010010,in_age_037,13
2024,21030680020001,in_age_047,9
2024,21030570010005,in_age_038,7
2024,21030520010007,in_age_036,11
2024,21030700010016,in_age_034,9
2024,21030710020017,in_age_038,12
2024,21030600010005,in_age_042,16
2024,21030600010004,in_age_044,21
2024,21030560010003,in_age_043,11
2024,21030550010004,in_age_039,10
2024,21030710020016,in_age_042,16
2024,21030700010401,in_age_033,7
2024,21030600010009,in_age_039,9
2024,21030710020002,in_age_036,9
2024,21030660040203,in_age_045,6
2024,21030510010008,in_age_031,N/A
2024,21030660040201,in_age_034,7
2024,21030530020401,in_age_038,30
2024,21030550010002,in_age_049,N/A
2024,21030600010002,in_age_048,8
2024,21030550010001,in_age_046,8
2024,21030600010006,in_age_049,N/A
2024,21030660030002,in_age_039,19
2024,21030570010007,in_age_033,6
2024,21030520010001,in_age_036,15
2024,21030710020013,in_age_035,11
2024,21030710020013,in_age_043,15
2024,21030700010401,in_age_039,6
2024,21030570010007,in_age_040,23
2024,21030600010003,in_age_040,16
2024,21030710020006,in_age_048,5
2024,21030570010009,in_age_044,38
2024,21030510010011,in_age_037,19
2024,21030510010008,in_age_038,20
2024,21030680020001,in_age_043,36
2024,21030680020001,in_age_048,N/A
2024,21030550010009,in_age_040,14
2024,21030700010015,in_age_031,N/A
2024,21030660040202,in_age_031,11
2024,21030570010011,in_age_036,8
2024,21030530020102,in_age_032,21
2024,21030570010005,in_age_046,15
2024,21030510010010,in_age_045,10
2024,21030570010012,in_age_042,25
2024,21030510010010,in_age_036,11
2024,21030700010402,in_age_036,18
2024,21030660020002,in_age_040,33
2024,21030550010001,in_age_049,N/A
2024,21030550010010,in_age_049,N/A
2024,21030590010003,in_age_043,26
2024,21030570010006,in_age_043,22
2024,21030710010101,in_age_040,46
2024,21030530020101,in_age_033,10
2024,21030710020002,in_age_040,12
2024,21030710010101,in_age_048,7
2024,21030710020018,in_age_044,13
2024,21030530020004,in_age_048,N/A
2024,21030700010008,in_age_046,8
2024,21030710020003,in_age_036,11
2024,21030660010002,in_age_047,12
2024,21030530020002,in_age_037,33
2024,21030520010010,in_age_042,16
2024,21030570010012,in_age_041,25
2024,21030700010005,in_age_039,8
2024,21030680010201,in_age_034,16
2024,21030560010001,in_age_033,10
2024,21030520010601,in_age_044,18
2024,21030530020006,in_age_043,N/A
2024,21030530020401,in_age_031,19
2024,21030710020008,in_age_031,N/A
2024,21030510010006,in_age_046,N/A
2024,21030600010007,in_age_048,10
2024,21030550010002,in_age_038,8
2024,21030510010001,in_age_035,16
2024,21030710010101,in_age_032,15
2024,21030710020015,in_age_043,14
2024,21030700010014,in_age_044,11
2024,21030570010001,in_age_032,N/A
2024,21030700010003,in_age_045,18
2024,21030520010003,in_age_043,20
2024,21030680010204,in_age_033,14
2024,21030710020009,in_age_031,N/A
2024,21030570010010,in_age_042,25
2024,21030660040001,in_age_042,8
2024,21030530020006,in_age_048,9
2024,21030570010004,in_age_037,10
2024,21030560010003,in_age_047,11
2024,21030700010001,in_age_036,10
2024,21030710020010,in_age_048,5
2024,21030600010005,in_age_039,11
2024,21030700010005,in_age_037,14
2024,21030680010201,in_age_035,6
2024,21030710020010,in_age_041,20
2024,21030700010012,in_age_040,11
2024,21030530010401,in_age_046,5
2024,21030700010016,in_age_043,17
2024,21030710020018,in_age_045,12
2024,21030590010006,in_age_037,7
2024,21030710020018,in_age_042,9
2024,21030530020502,in_age_041,17
2024,21030520010001,in_age_042,29
2024,21030680010203,in_age_047,5
2024,21030680010207,in_age_033,5
2024,21030520010003,in_age_037,15
2024,21030560010006,in_age_032,N/A
2024,21030700010005,in_age_035,17
2024,21030530020501,in_age_033,30
2024,21030700010005,in_age_040,13
2024,21030680010101,in_age_044,27
2024,21030700020201,in_age_040,15
2024,21030660020002,in_age_033,N/A
2024,21030530020004,in_age_032,N/A
2024,21030510010004,in_age_033,7
2024,21030710020019,in_age_042,26
2024,21030510010003,in_age_044,13
2024,21030710020010,in_age_045,18
2024,21030710020015,in_age_031,6
2024,21030680010001,in_age_043,40
2024,21030560010006,in_age_035,7
2024,21030510010008,in_age_045,11
2024,21030570010005,in_age_043,26
2024,21030600010003,in_age_046,15
2024,21030530020102,in_age_033,23
2024,21030710020014,in_age_036,16
2024,21030710020010,in_age_037,N/A
2024,21030510010010,in_age_035,11
2024,21030570010001,in_age_046,17
2024,21030520010007,in_age_044,27
2024,21030680020001,in_age_037,7
2024,21030550010004,in_age_035,N/A
2024,21030710020006,in_age_033,N/A
2024,21030570010014,in_age_038,9
2024,21030660010001,in_age_036,11
2024,21030700010016,in_age_038,6
2024,21030700010005,in_age_047,13
2024,21030660010001,in_age_039,20
2024,21030570010008,in_age_034,8
2024,21030710020006,in_age_034,5
2024,21030710020002,in_age_033,6
2024,21030710020016,in_age_048,N/A
2024,21030660040202,in_age_049,N/A
2024,21030550010006,in_age_039,11
2024,21030560010001,in_age_032,N/A
2024,21030570010003,in_age_036,6
2024,21030530020103,in_age_034,12
2024,21030520010004,in_age_035,11
2024,21030510010005,in_age_031,N/A
2024,21030590010005,in_age_036,5
2024,21030600010009,in_age_048,N/A
2024,21030520010010,in_age_044,21
2024,21030550010004,in_age_032,N/A
2024,21030510010009,in_age_034,N/A
2024,21030550010002,in_age_031,N/A
2024,21030590010007,in_age_045,24
2024,21030520010009,in_age_038,13
2024,21030710020009,in_age_035,N/A
2024,21030570010010,in_age_039,18
2024,21030700010008,in_age_049,N/A
2024,21030710020017,in_age_040,13
2024,21030590010006,in_age_043,19
2024,21030550010008,in_age_047,10
2024,21030710010002,in_age_048,5
2024,21030700020101,in_age_033,14
2024,21030550010004,in_age_045,17
2024,21030530020102,in_age_034,19
2024,21030710020013,in_age_036,32
2024,21030510010001,in_age_031,N/A
2024,21030590010003,in_age_041,19
2024,21030710020011,in_age_043,35
2024,21030700010301,in_age_039,34
2024,21030550010005,in_age_041,41
2024,21030570010001,in_age_038,21
2024,21030570010103,in_age_039,19
2024,21030710020003,in_age_035,7
2024,21030560010004,in_age_047,9
2024,21030560010003,in_age_031,N/A
2024,21030710020006,in_age_031,N/A
2024,21030700020002,in_age_032,N/A
2024,21030700010006,in_age_037,17
2024,21030560010001,in_age_047,14
2024,21030570010001,in_age_035,N/A
2024,21030520010003,in_age_039,13
2024,21030710010101,in_age_037,35
2024,21030530020002,in_age_039,23
2024,21030590010005,in_age_033,N/A
2024,21030700010007,in_age_040,19
2024,21030660020102,in_age_035,6
2024,21030530010001,in_age_045,7
2024,21030550010004,in_age_048,5
2024,21030700010010,in_age_035,7
2024,21030530020502,in_age_031,12
2024,21030560010006,in_age_042,22
2024,21030520010005,in_age_042,24
2024,21030700020002,in_age_040,11
2024,21030530020402,in_age_041,18
2024,21030660040203,in_age_043,21
2024,21030700010301,in_age_044,13
2024,21030660040203,in_age_048,N/A
2024,21030560010006,in_age_045,16
2024,21030520010008,in_age_034,N/A
2024,21030560010004,in_age_041,15
2024,21030570010005,in_age_037,N/A
2024,21030510010002,in_age_032,N/A
2024,21030600010005,in_age_047,9
2024,21030700010004,in_age_033,N/A
2024,21030680010204,in_age_046,7
2024,21030600010010,in_age_043,21
2024,21030680020001,in_age_045,20
2024,21030680010203,in_age_042,15
2024,21030710020001,in_age_038,14
2024,21030550010004,in_age_036,11
2024,21030530020101,in_age_038,36
2024,21030660020102,in_age_038,6
2024,21030660030101,in_age_048,N/A
2024,21030600010009,in_age_036,12
2024,21030550010002,in_age_045,22
2024,21030570010101,in_age_046,5
2024,21030590010003,in_age_034,N/A
2024,21030550010001,in_age_044,19
2024,21030550010010,in_age_035,7
2024,21030710020018,in_age_039,16
2024,21030600010008,in_age_039,N/A
2024,21030530020007,in_age_037,40
2024,21030520010008,in_age_039,12
2024,21030590010006,in_age_042,19
2024,21030600010010,in_age_037,10
2024,21030710020016,in_age_032,7
2024,21030680010201,in_age_039,32
2024,21030530020501,in_age_041,20
2024,21030660040001,in_age_046,N/A
2024,21030700010003,in_age_047,11
2024,21030570010103,in_age_035,9
2024,21030510010006,in_age_037,17
2024,21030520010002,in_age_035,7
2024,21030660040201,in_age_032,8
2024,21030590010005,in_age_049,N/A
2024,21030570010007,in_age_041,16
2024,21030660030002,in_age_032,N/A
2024,21030710020019,in_age_037,N/A
2024,21030520010009,in_age_048,5
2024,21030710020010,in_age_040,15
2024,21030570010007,in_age_048,N/A
2024,21030530010001,in_age_040,17
2024,21030710010101,in_age_041,42
2024,21030600010001,in_age_035,12
2024,21030660010001,in_age_032,N/A
2024,21030560010001,in_age_038,8
2024,21030530020101,in_age_039,48
2024,21030570010103,in_age_033,N/A
2024,21030600010007,in_age_032,5
2024,21030680010206,in_age_035,9
2024,21030570010009,in_age_035,12
2024,21030710020006,in_age_032,N/A
2024,21030550010001,in_age_040,13
2024,21030560010005,in_age_046,12
2024,21030510010005,in_age_042,29
2024,21030600010010,in_age_039,13
2024,21030510010003,in_age_043,14
2024,21030550010002,in_age_048,9
2024,21030530020101,in_age_041,25
2024,21030600010007,in_age_041,16
2024,21030700020201,in_age_039,22
2024,21030600010003,in_age_041,24
2024,21030590010006,in_age_039,14
2024,21030700010012,in_age_047,12
2024,21030700010016,in_age_031,N/A
2024,21030700010005,in_age_041,19
2024,21030530020401,in_age_036,13
2024,21030660040203,in_age_041,12
2024,21030600010001,in_age_033,N/A
2024,21030710020006,in_age_046,15
2024,21030530010001,in_age_041,29
2024,21030710010002,in_age_044,10
2024,21030520010008,in_age_032,N/A
2024,21030570010103,in_age_036,19
2024,21030570010007,in_age_044,20
2024,21030570010011,in_age_034,10
2024,21030710010002,in_age_035,N/A
2024,21030550010008,in_age_031,N/A
2024,21030710020014,in_age_038,13
2024,21030680010202,in_age_046,N/A
2024,21030710020002,in_age_043,35
2024,21030520010001,in_age_033,5
2024,21030570010011,in_age_033,7
2024,21030530020504,in_age_045,9
2024,21030600010009,in_age_033,8
2024,21030560010004,in_age_048,5
2024,21030710020007,in_age_035,N/A
2024,21030700010008,in_age_032,N/A
2024,21030550010008,in_age_042,20
2024,21030710020009,in_age_038,9
2024,21030660020002,in_age_032,N/A
2024,21030680010201,in_age_048,N/A
2024,21030660040204,in_age_042,23
2024,21030570010009,in_age_048,N/A
2024,21030700010013,in_age_048,N/A
2024,21030710020008,in_age_040,10
2024,21030710020001,in_age_045,20
2024,21030710020014,in_age_035,9
2024,21030700020002,in_age_043,11
2024,21030570010006,in_age_048,N/A
2024,21030710020017,in_age_037,11
2024,21030700010015,in_age_042,25
2024,21030530020504,in_age_039,29
2024,21030530020002,in_age_042,20
2024,21030710020009,in_age_041,17
2024,21030710020005,in_age_033,5
2024,21030530020001,in_age_033,9
2024,21030550010006,in_age_040,16
2024,21030660030002,in_age_035,7
2024,21030510010011,in_age_044,21
2024,21030570010102,in_age_042,24
2024,21030560010003,in_age_035,16
2024,21030590010004,in_age_041,30
2024,21030680010206,in_age_038,54
2024,21030700010003,in_age_034,N/A
2024,21030550010005,in_age_046,14
2024,21030520010601,in_age_031,N/A
2024,21030570010014,in_age_043,20
2024,21030550010005,in_age_043,27
2024,21030600010001,in_age_032,8
2024,21030700010009,in_age_033,7
2024,21030530010501,in_age_036,18
2024,21030590010002,in_age_050,N/A
2024,21030660030002,in_age_038,19
2024,21030710020016,in_age_044,23
2024,21030530020002,in_age_043,29
2024,21030530020504,in_age_078,N/A
2024,21030520010601,in_age_078,N/A
2024,21030680010302,in_age_064,N/A
2024,21030530020004,in_age_064,N/A
2024,21030520010003,in_age_079,N/A
2024,21030520010601,in_age_077,11
2024,21030700010016,in_age_070,19
2024,21030700010005,in_age_065,11
2024,21030680010203,in_age_073,26
2024,21030510010005,in_age_075,33
2024,21030510010011,in_age_071,19
2024,21030550010005,in_age_072,23
2024,21030590010004,in_age_067,9
2024,21030530010002,in_age_075,N/A
2024,21030520010008,in_age_066,26
2024,21030710020006,in_age_063,N/A
2024,21030600010006,in_age_077,23
2024,21030550010009,in_age_061,N/A
2024,21030550010010,in_age_066,7
2024,21030710020018,in_age_063,5
2024,21030710020017,in_age_078,11
2024,21030570010002,in_age_070,12
2024,21030570010011,in_age_066,12
2024,21030530010002,in_age_064,N/A
2024,21030510010002,in_age_080,N/A
2024,21030660020001,in_age_067,14
2024,21030700020002,in_age_072,11
2024,21030660040201,in_age_061,N/A
2024,21030590010003,in_age_070,6
2024,21030710020004,in_age_070,11
2024,21030680010204,in_age_065,7
2024,21030700010010,in_age_066,9
2024,21030530010901,in_age_072,33
2024,21030660030101,in_age_069,9
2024,21030660030001,in_age_074,43
2024,21030710020004,in_age_076,13
2024,21030660040201,in_age_077,N/A
2024,21030550010002,in_age_074,37
2024,21030530010002,in_age_072,7
2024,21030710020004,in_age_062,5
2024,21030600010004,in_age_068,N/A
2024,21030660020101,in_age_079,N/A
2024,21030550010002,in_age_073,24
2024,21030700010006,in_age_061,N/A
2024,21030520010002,in_age_073,11
2024,21030680020001,in_age_078,18
2024,21030510010009,in_age_069,15
2024,21030700010009,in_age_077,23
2024,21030710010101,in_age_078,13
2024,21030570010014,in_age_078,5
2024,21030590010006,in_age_071,21
2024,21030600010007,in_age_064,10
2024,21030660030002,in_age_068,6
2024,21030700010008,in_age_061,N/A
2024,21030550010010,in_age_068,6
2024,21030680010203,in_age_074,14
2024,21030530020504,in_age_066,11
2024,21030530010601,in_age_072,33
2024,21030590010002,in_age_063,N/A
2024,21030530020001,in_age_065,12
2024,21030680020001,in_age_065,N/A
2024,21030600010010,in_age_079,N/A
2024,21030600010006,in_age_079,N/A
2024,21030550010009,in_age_062,N/A
2024,21030600010001,in_age_079,N/A
2024,21030660020102,in_age_072,24
2024,21030550010007,in_age_076,24
2024,21030660030002,in_age_071,12
2024,21030530020504,in_age_069,38
2024,21030680010207,in_age_065,15
2024,21030710020009,in_age_062,N/A
2024,21030530020103,in_age_077,5
2024,21030700010013,in_age_063,N/A
2024,21030590010006,in_age_066,9
2024,21030710020014,in_age_076,18
2024,21030560010005,in_age_061,N/A
2024,21030530020004,in_age_074,22
2024,21030660040202,in_age_066,20
2024,21030510010003,in_age_068,19
2024,21030520010005,in_age_079,N/A
2024,21030680010301,in_age_078,N/A
2024,21030570010002,in_age_064,9
2024,21030700010004,in_age_063,5
2024,21030530020501,in_age_061,20
2024,21030710020018,in_age_074,18
2024,21030600010007,in_age_075,40
2024,21030600010001,in_age_049,N/A
2024,21030570010012,in_age_040,17
2024,21030700010002,in_age_037,14
2024,21030700010013,in_age_044,26
2024,21030550010009,in_age_043,22
2024,21030530020006,in_age_046,5
2024,21030660020002,in_age_034,N/A
2024,21030710020012,in_age_036,13
2024,21030700010007,in_age_049,N/A
2024,21030660040001,in_age_041,11
2024,21030600010009,in_age_044,13
2024,21030660020002,in_age_035,8
2024,21030680010202,in_age_045,8
2024,21030530020007,in_age_045,19
2024,21030510010002,in_age_034,13
2024,21030520010006,in_age_034,5
2024,21030530020401,in_age_033,14
2024,21030700010006,in_age_031,N/A
2024,21030680010206,in_age_031,24
2024,21030510010003,in_age_045,12
2024,21030510010007,in_age_041,23
2024,21030570010005,in_age_049,N/A
2024,21030700010003,in_age_035,8
2024,21030710020001,in_age_046,21
2024,21030550010010,in_age_045,24
2024,21030570010013,in_age_043,34
2024,21030520010008,in_age_047,9
2024,21030570010009,in_age_042,31
2024,21030590010002,in_age_031,N/A
2024,21030510010002,in_age_035,12
2024,21030660040001,in_age_048,6
2024,21030520010009,in_age_032,N/A
2024,21030530020503,in_age_047,N/A
2024,21030600010007,in_age_034,6
2024,21030560010201,in_age_034,13
2024,21030600010007,in_age_047,13
2024,21030680010102,in_age_041,22
2024,21030550010009,in_age_048,6
2024,21030660020001,in_age_039,15
2024,21030530020503,in_age_031,18
2024,21030600010004,in_age_037,12
2024,21030550010004,in_age_037,9
2024,21030710020005,in_age_031,N/A
2024,21030680010205,in_age_047,N/A
2024,21030710020003,in_age_032,N/A
2024,21030590010005,in_age_041,14
2024,21030700010401,in_age_044,19
2024,21030680010201,in_age_044,13
2024,21030530010201,in_age_042,6
2024,21030680010207,in_age_044,12
2024,21030560010006,in_age_044,13
2024,21030530020402,in_age_035,9
2024,21030530020503,in_age_045,8
2024,21030680010102,in_age_046,12
2024,21030530020504,in_age_044,15
2024,21030570010010,in_age_038,17
2024,21030530020401,in_age_040,18
2024,21030590010003,in_age_046,7
2024,21030570010005,in_age_042,20
2024,21030520010002,in_age_037,26
2024,21030680010207,in_age_047,N/A
2024,21030520010005,in_age_043,22
2024,21030710020003,in_age_039,9
2024,21030570010102,in_age_039,19
2024,21030660030002,in_age_031,N/A
2024,21030570010005,in_age_047,14
2024,21030530020502,in_age_040,25
2024,21030520010201,in_age_031,N/A
2024,21030560010201,in_age_049,N/A
2024,21030570010004,in_age_034,5
2024,21030700010015,in_age_041,19
2024,21030600010001,in_age_047,8
2024,21030600010009,in_age_047,9
2024,21030530010901,in_age_035,11
2024,21030520010003,in_age_036,10
2024,21030680010301,in_age_035,8
2024,21030590010007,in_age_032,N/A
2024,21030530020002,in_age_033,N/A
2024,21030680010001,in_age_034,N/A
2024,21030590010004,in_age_038,7
2024,21030550010006,in_age_036,12
2024,21030680010102,in_age_036,10
2024,21030700010007,in_age_035,8
2024,21030510010011,in_age_036,21
2024,21030700010006,in_age_039,16
2024,21030700010011,in_age_032,5
2024,21030510010009,in_age_038,33
2024,21030570010102,in_age_035,6
2024,21030510010007,in_age_032,N/A
2024,21030710020016,in_age_046,15
2024,21030660010002,in_age_039,16
2024,21030520010001,in_age_045,34
2024,21030680010204,in_age_043,18
2024,21030550010005,in_age_035,13
2024,21030700010016,in_age_042,15
2024,21030510010001,in_age_037,13
2024,21030590010003,in_age_044,23
2024,21030550010004,in_age_040,14
2024,21030530010002,in_age_044,10
2024,21030680010301,in_age_042,23
2024,21030570010011,in_age_035,10
2024,21030710020003,in_age_047,10
2024,21030520010003,in_age_040,19
2024,21030530020001,in_age_038,7
2024,21030700010010,in_age_046,15
2024,21030530010002,in_age_042,16
2024,21030590010005,in_age_037,10
2024,21030570010012,in_age_046,7
2024,21030700020201,in_age_041,23
2024,21030510010007,in_age_049,N/A
2024,21030710020006,in_age_039,13
2024,21030550010007,in_age_040,16
2024,21030530020504,in_age_048,N/A
2024,21030700010005,in_age_044,26
2024,21030680010302,in_age_037,48
2024,21030570010005,in_age_048,N/A
2024,21030530020102,in_age_038,46
2024,21030530020005,in_age_043,9
2024,21030510010009,in_age_032,N/A
2024,21030660020102,in_age_046,6
2024,21030700010010,in_age_044,25
2024,21030700020101,in_age_037,64
2024,21030570010009,in_age_047,18
2024,21030680010101,in_age_040,30
2024,21030710020011,in_age_046,18
2024,21030700010009,in_age_048,N/A
2024,21030590010001,in_age_048,5
2024,21030660040202,in_age_035,14
2024,21030550010008,in_age_044,22
2024,21030550010002,in_age_036,15
2024,21030550010008,in_age_038,9
2024,21030700010014,in_age_037,13
2024,21030660020101,in_age_044,11
2024,21030700010012,in_age_044,22
2024,21030680010203,in_age_036,17
2024,21030550010004,in_age_038,6
2024,21030520010601,in_age_047,11
2024,21030530020004,in_age_039,13
2024,21030510010006,in_age_032,5
2024,21030530010601,in_age_040,19
2024,21030550010001,in_age_038,N/A
2024,21030510010010,in_age_037,21
2024,21030530020001,in_age_040,13
2024,21030510010003,in_age_042,13
2024,21030680010206,in_age_032,29
2024,21030570010007,in_age_037,18
2024,21030530020101,in_age_044,19
2024,21030600010006,in_age_043,14
2024,21030710020010,in_age_038,6
2024,21030680010301,in_age_031,19
2024,21030550010009,in_age_046,19
2024,21030550010003,in_age_039,10
2024,21030710020011,in_age_048,N/A
2024,21030530010501,in_age_033,14
2024,21030710020009,in_age_048,N/A
2024,21030660010001,in_age_042,20
2024,21030510010008,in_age_040,21
2024,21030680010301,in_age_036,28
2024,21030510010001,in_age_032,N/A
2024,21030600010010,in_age_042,21
2024,21030510010009,in_age_035,15
2024,21030560010006,in_age_040,15
2024,21030560010001,in_age_035,14
2024,21030700010003,in_age_037,10
2024,21030510010008,in_age_043,22
2024,21030530020504,in_age_041,18
2024,21030710020008,in_age_035,N/A
2024,21030570010103,in_age_040,23
2024,21030710020004,in_age_047,9
2024,21030710020014,in_age_041,18
2024,21030700010006,in_age_049,N/A
2024,21030600010009,in_age_032,N/A
2024,21030550010001,in_age_041,14
2024,21030510010001,in_age_040,21
2024,21030530010401,in_age_041,33
2024,21030700010002,in_age_039,22
2024,21030700010006,in_age_035,10
2024,21030680010001,in_age_042,26
2024,21030550010005,in_age_042,19
2024,21030520010010,in_age_036,9
2024,21030550010003,in_age_044,17
2024,21030570010010,in_age_043,18
2024,21030710020005,in_age_040,13
2024,21030680010201,in_age_041,25
2024,21030570010002,in_age_036,6
2024,21030570010014,in_age_037,11
2024,21030660030001,in_age_036,15
2024,21030550010002,in_age_046,18
2024,21030660020102,in_age_041,21
2024,21030700010401,in_age_077,13
2024,21030680010202,in_age_065,21
2024,21030530020502,in_age_063,16
2024,21030700010014,in_age_069,N/A
2024,21030550010005,in_age_064,12
2024,21030600010008,in_age_066,12
2024,21030520010005,in_age_071,25
2024,21030560010201,in_age_062,12
2024,21030560010001,in_age_079,N/A
2024,21030700010011,in_age_077,20
2024,21030660030101,in_age_071,10
2024,21030520010007,in_age_073,26
2024,21030510010002,in_age_074,30
2024,21030660030002,in_age_067,13
2024,21030510010008,in_age_068,24
2024,21030520010201,in_age_065,5
2024,21030680010201,in_age_061,24
2024,21030530010002,in_age_066,53
2024,21030570010103,in_age_078,N/A
2024,21030600010002,in_age_069,14
2024,21030510010004,in_age_077,15
2024,21030700010002,in_age_078,11
2024,21030710020010,in_age_071,16
2024,21030600010009,in_age_065,N/A
2024,21030570010006,in_age_067,15
2024,21030510010005,in_age_064,5
2024,21030660040001,in_age_075,11
2024,21030530020502,in_age_067,20
2024,21030530020501,in_age_070,29
2024,21030530010901,in_age_070,24
2024,21030600010005,in_age_074,29
2024,21030700010009,in_age_066,5
2024,21030600010010,in_age_067,6
2024,21030560010005,in_age_075,23
2024,21030570010003,in_age_070,10
2024,21030700010016,in_age_061,N/A
2024,21030530020004,in_age_072,15
2024,21030710020006,in_age_078,13
2024,21030510010009,in_age_072,22
2024,21030560010006,in_age_077,17
2024,21030510010008,in_age_065,20
2024,21030710020001,in_age_063,5
2024,21030510010006,in_age_063,6
2024,21030530020502,in_age_066,11
2024,21030530020504,in_age_077,11
2024,21030590010005,in_age_062,N/A
2024,21030510010004,in_age_062,N/A
2024,21030550010007,in_age_070,7
2024,21030520010008,in_age_073,16
2024,21030710020005,in_age_073,23
2024,21030520010008,in_age_067,5
2024,21030660040204,in_age_071,29
2024,21030510010002,in_age_072,21
2024,21030590010006,in_age_068,9
2024,21030550010005,in_age_078,9
2024,21030560010001,in_age_073,28
2024,21030560010002,in_age_071,16
2024,21030660030001,in_age_069,13
2024,21030530010501,in_age_069,31
2024,21030530020402,in_age_067,30
2024,21030710020003,in_age_072,17
2024,21030570010003,in_age_064,6
2024,21030710020008,in_age_071,16
2024,21030510010010,in_age_069,17
2024,21030590010002,in_age_077,27
2024,21030710020017,in_age_076,20
2024,21030550010003,in_age_078,9
2024,21030700010008,in_age_078,11
2024,21030530020002,in_age_074,24
2024,21030710020012,in_age_065,9
2024,21030700010014,in_age_066,20
2024,21030550010002,in_age_064,8
2024,21030600010007,in_age_062,N/A
2024,21030600010001,in_age_072,22
2024,21030660040203,in_age_064,9
2024,21030660010002,in_age_076,22
2024,21030700010009,in_age_065,8
2024,21030530020006,in_age_078,31
2024,21030570010103,in_age_061,15
2024,21030550010007,in_age_062,8
2024,21030600010003,in_age_075,22
2024,21030510010007,in_age_080,N/A
2024,21030700010014,in_age_064,N/A
2024,21030680010302,in_age_065,14
2024,21030710020008,in_age_069,14
2024,21030700010014,in_age_065,9
2024,21030570010006,in_age_076,24
2024,21030590010002,in_age_061,N/A
2024,21030710020012,in_age_077,22
2024,21030710020002,in_age_078,13
2024,21030510010005,in_age_079,N/A
2024,21030660020102,in_age_061,N/A
2024,21030570010005,in_age_077,15
2024,21030510010005,in_age_062,N/A
2024,21030700010007,in_age_063,6
2024,21030660040202,in_age_068,16
2024,21030710020005,in_age_070,5
2024,21030600010005,in_age_073,26
2024,21030570010103,in_age_067,27
2024,21030660020001,in_age_066,18
2024,21030660020102,in_age_062,N/A
2024,21030660040201,in_age_063,9
2024,21030570010008,in_age_062,5
2024,21030530020503,in_age_065,13
2024,21030700010014,in_age_075,22
2024,21030700010009,in_age_063,5
2024,21030560010004,in_age_061,N/A
2024,21030570010004,in_age_063,N/A
2024,21030590010006,in_age_062,N/A
2024,21030680010202,in_age_064,11
2024,21030700010005,in_age_068,6
2024,21030660020002,in_age_072,21
2024,21030570010011,in_age_071,15
2024,21030510010006,in_age_078,N/A
2024,21030560010002,in_age_062,9
2024,21030600010001,in_age_077,21
2024,21030710020019,in_age_075,42
2024,21030700010002,in_age_062,5
2024,21030710020012,in_age_069,12
2024,21030710010101,in_age_073,75
2024,21030680010203,in_age_063,9
2024,21030660040204,in_age_064,15
2024,21030550010010,in_age_080,N/A
2024,21030590010004,in_age_078,10
2024,21030710020002,in_age_072,12
2024,21030710020008,in_age_075,17
2024,21030660030002,in_age_080,N/A
2024,21030530020004,in_age_071,12
2024,21030710010101,in_age_074,84
2024,21030700010007,in_age_062,N/A
2024,21030510010002,in_age_070,16
2024,21030570010012,in_age_070,16
2024,21030710020002,in_age_073,32
2024,21030560010001,in_age_072,25
2024,21030660010002,in_age_072,26
2024,21030530020503,in_age_064,7
2024,21030520010201,in_age_077,N/A
2024,21030700020201,in_age_062,10
2024,21030570010008,in_age_038,10
2024,21030510010001,in_age_045,23
2024,21030700010014,in_age_045,15
2024,21030680010204,in_age_038,48
2024,21030530010901,in_age_031,10
2024,21030700010402,in_age_032,5
2024,21030530010501,in_age_041,21
2024,21030550010001,in_age_033,N/A
2024,21030520010003,in_age_042,15
2024,21030570010003,in_age_047,16
2024,21030570010014,in_age_040,10
2024,21030560010004,in_age_036,8
2024,21030550010007,in_age_044,28
2024,21030530010901,in_age_039,26
2024,21030600010006,in_age_040,13
2024,21030560010201,in_age_037,13
2024,21030660040203,in_age_037,16
2024,21030700010003,in_age_031,N/A
2024,21030600010003,in_age_044,21
2024,21030700010016,in_age_032,7
2024,21030660020102,in_age_032,N/A
2024,21030700010401,in_age_047,6
2024,21030710020005,in_age_038,11
2024,21030530020502,in_age_042,18
2024,21030600010007,in_age_044,20
2024,21030510010004,in_age_038,11
2024,21030510010007,in_age_044,33
2024,21030700010010,in_age_038,N/A
2024,21030590010001,in_age_037,8
2024,21030570010102,in_age_038,34
2024,21030530010201,in_age_046,N/A
2024,21030570010009,in_age_037,12
2024,21030660040204,in_age_033,7
2024,21030700020002,in_age_046,14
2024,21030550010007,in_age_035,5
2024,21030600010001,in_age_036,5
2024,21030680010001,in_age_039,19
2024,21030520010601,in_age_043,18
2024,21030710020018,in_age_047,5
2024,21030530020002,in_age_031,N/A
2024,21030710020019,in_age_045,41
2024,21030560010003,in_age_046,8
2024,21030660010002,in_age_042,22
2024,21030700010013,in_age_039,14
2024,21030660020101,in_age_047,5
2024,21030520010006,in_age_048,N/A
2024,21030660040204,in_age_041,25
2024,21030680010302,in_age_041,25
2024,21030590010001,in_age_047,9
2024,21030700010007,in_age_037,6
2024,21030570010013,in_age_045,24
2024,21030550010006,in_age_041,17
2024,21030710020014,in_age_033,5
2024,21030710020004,in_age_049,N/A
2024,21030520010005,in_age_036,11
2024,21030560010001,in_age_048,8
2024,21030530020402,in_age_043,8
2024,21030660040204,in_age_035,11
2024,21030680010102,in_age_043,12
2024,21030660040202,in_age_033,15
2024,21030710020001,in_age_048,6
2024,21030700010004,in_age_034,N/A
2024,21030600010005,in_age_033,N/A
2024,21030530020502,in_age_038,22
2024,21030710020005,in_age_048,5
2024,21030510010010,in_age_044,22
2024,21030570010003,in_age_032,N/A
2024,21030520010008,in_age_041,21
2024,21030520010007,in_age_047,8
2024,21030700010013,in_age_045,23
2024,21030600010006,in_age_037,9
2024,21030570010003,in_age_031,N/A
2024,21030680020001,in_age_040,16
2024,21030700010002,in_age_031,N/A
2024,21030710020016,in_age_041,19
2024,21030600010006,in_age_041,16
2024,21030560010004,in_age_035,7
2024,21030680010205,in_age_045,6
2024,21030550010007,in_age_033,7
2024,21030700010008,in_age_047,9
2024,21030680010101,in_age_036,9
2024,21030700010005,in_age_048,N/A
2024,21030680010204,in_age_032,13
2024,21030680010204,in_age_034,10
2024,21030710020002,in_age_037,10
2024,21030520010006,in_age_037,16
2024,21030570010011,in_age_049,N/A
2024,21030530010001,in_age_044,25
2024,21030530020003,in_age_046,8
2024,21030510010003,in_age_033,N/A
2024,21030590010006,in_age_031,N/A
2024,21030700010401,in_age_038,N/A
2024,21030590010007,in_age_040,11
2024,21030600010002,in_age_035,5
2024,21030530010501,in_age_038,19
2024,21030700010015,in_age_039,12
2024,21030700010016,in_age_037,N/A
2024,21030510010006,in_age_034,5
2024,21030660030002,in_age_042,35
2024,21030550010002,in_age_033,N/A
2024,21030520010004,in_age_036,15
2024,21030700010012,in_age_039,16
2024,21030550010003,in_age_040,13
2024,21030590010007,in_age_081,N/A
2024,21030510010004,in_age_066,11
2024,21030660040202,in_age_074,30
2024,21030510010003,in_age_065,24
2024,21030680010203,in_age_077,N/A
2024,21030570010014,in_age_063,5
2024,21030520010002,in_age_066,31
2024,21030530020005,in_age_073,7
2024,21030700010002,in_age_080,N/A
2024,21030710020011,in_age_064,7
2024,21030680010201,in_age_068,48
2024,21030590010005,in_age_066,8
2024,21030680010202,in_age_072,29
2024,21030550010004,in_age_066,9
2024,21030700010301,in_age_068,34
2024,21030530020006,in_age_073,N/A
2024,21030560010002,in_age_064,8
2024,21030510010001,in_age_073,28
2024,21030600010002,in_age_068,10
2024,21030550010003,in_age_071,19
2024,21030520010008,in_age_075,22
2024,21030530010601,in_age_061,12
2024,21030710020010,in_age_067,10
2024,21030710020015,in_age_061,N/A
2024,21030520010006,in_age_075,25
2024,21030660040204,in_age_069,14
2024,21030700010004,in_age_069,16
2024,21030710020010,in_age_077,30
2024,21030570010003,in_age_063,11
2024,21030710020011,in_age_077,17
2024,21030550010001,in_age_063,7
2024,21030700010013,in_age_076,22
2024,21030520010001,in_age_074,26
2024,21030700020201,in_age_066,12
2024,21030710020010,in_age_075,32
2024,21030590010006,in_age_075,17
2024,21030530020101,in_age_078,N/A
2024,21030660010003,in_age_067,10
2024,21030600010008,in_age_065,10
2024,21030590010003,in_age_073,25
2024,21030510010005,in_age_078,6
2024,21030510010004,in_age_064,7
2024,21030710020015,in_age_066,41
2024,21030570010009,in_age_068,8
2024,21030700010014,in_age_067,9
2024,21030680010102,in_age_061,10
2024,21030520010003,in_age_069,9
2024,21030600010009,in_age_079,5
2024,21030700010015,in_age_077,15
2024,21030570010006,in_age_072,22
2024,21030520010010,in_age_076,12
2024,21030530020002,in_age_072,21
2024,21030660040202,in_age_065,9
2024,21030530020503,in_age_078,N/A
2024,21030520010601,in_age_062,N/A
2024,21030570010003,in_age_074,30
2024,21030590010007,in_age_069,9
2024,21030530010001,in_age_062,N/A
2024,21030510010010,in_age_078,8
2024,21030530020006,in_age_068,29
2024,21030590010007,in_age_066,6
2024,21030660040201,in_age_068,14
2024,21030520010004,in_age_076,15
2024,21030530020003,in_age_077,15
2024,21030590010002,in_age_072,30
2024,21030600010009,in_age_064,N/A
2024,21030700010006,in_age_072,35
2024,21030530010501,in_age_064,8
2024,21030710020012,in_age_080,N/A
2024,21030600010002,in_age_070,16
2024,21030520010010,in_age_064,6
2024,21030570010102,in_age_074,19
2024,21030700010001,in_age_068,N/A
2024,21030710020005,in_age_064,7
2024,21030710020019,in_age_074,37
2024,21030520010005,in_age_069,11
2024,21030600010007,in_age_073,29
2024,21030600010010,in_age_061,N/A
2024,21030700010011,in_age_065,10
2024,21030530020002,in_age_069,12
2024,21030680010201,in_age_065,9
2024,21030710020007,in_age_077,16
2024,21030550010007,in_age_080,N/A
2024,21030530020102,in_age_073,17
2024,21030710010101,in_age_080,N/A
2024,21030700010001,in_age_080,9
2024,21030550010004,in_age_070,11
2024,21030600010005,in_age_062,5
2024,21030560010001,in_age_063,6
2024,21030520010005,in_age_073,20
2024,21030530010901,in_age_064,9
2024,21030700010016,in_age_078,5
2024,21030510010010,in_age_070,20
2024,21030700010401,in_age_065,15
2024,21030530010501,in_age_078,N/A
2024,21030680010001,in_age_064,N/A
2024,21030550010003,in_age_064,7
2024,21030660010003,in_age_066,6
2024,21030570010013,in_age_064,N/A
2024,21030600010010,in_age_078,5
2024,21030570010008,in_age_065,8
2024,21030520010007,in_age_071,27
2024,21030600010010,in_age_074,29
2024,21030700010004,in_age_065,14
2024,21030700020101,in_age_072,36
2024,21030550010008,in_age_069,17
2024,21030530020101,in_age_071,25
2024,21030550010007,in_age_077,32
2024,21030700010005,in_age_072,20
2024,21030700010011,in_age_070,10
2024,21030700010009,in_age_073,25
2024,21030530020102,in_age_063,25
2024,21030700010004,in_age_078,7
2024,21030600010004,in_age_062,N/A
2024,21030570010007,in_age_073,22
2024,21030570010003,in_age_068,N/A
2024,21030600010001,in_age_071,13
2024,21030570010002,in_age_069,12
2024,21030710020017,in_age_077,19
2024,21030600010003,in_age_071,19
2024,21030680010205,in_age_075,5
2024,21030660040202,in_age_063,10
2024,21030600010010,in_age_073,33
2024,21030560010002,in_age_072,20
2024,21030560010004,in_age_071,10
2024,21030570010005,in_age_079,N/A
2024,21030550010006,in_age_079,N/A
2024,21030700010004,in_age_076,16
2024,21030600010003,in_age_078,6
2024,21030700010015,in_age_068,13
2024,21030560010004,in_age_066,N/A
2024,21030570010011,in_age_079,5
2024,21030600010007,in_age_071,12
2024,21030710020014,in_age_074,35
2024,21030510010006,in_age_077,8
2024,21030560010005,in_age_066,20
2024,21030710020009,in_age_070,6
2024,21030710020003,in_age_066,7
2024,21030680020001,in_age_069,7
2024,21030520010004,in_age_079,N/A
2024,21030700010301,in_age_075,11
2024,21030680010204,in_age_064,9
2024,21030600010003,in_age_077,17
2024,21030570010014,in_age_068,9
2024,21030600010006,in_age_074,34
2024,21030520010201,in_age_068,10
2024,21030680010203,in_age_068,36
2024,21030680010301,in_age_069,32
2024,21030660040001,in_age_072,N/A
2024,21030570010003,in_age_066,12
2024,21030700010003,in_age_063,N/A
2024,21030530020401,in_age_079,N/A
2024,21030570010010,in_age_078,8
2024,21030570010001,in_age_065,18
2024,21030710010101,in_age_072,72
2024,21030710020017,in_age_064,N/A
2024,21030560010001,in_age_066,18
2024,21030700010011,in_age_071,16
2024,21030560010003,in_age_065,6
2024,21030510010005,in_age_073,24
2024,21030710020012,in_age_074,24
2024,21030570010013,in_age_079,N/A
2024,21030530020102,in_age_061,31
2024,21030520010008,in_age_069,9
2024,21030680010102,in_age_079,N/A
2024,21030600010009,in_age_070,10
2024,21030660040001,in_age_076,N/A
2024,21030680010206,in_age_074,12
2024,21030680020001,in_age_072,12
2024,21030700010301,in_age_061,24
2024,21030510010010,in_age_062,N/A
2024,21030570010007,in_age_067,15
2024,21030530020005,in_age_062,N/A
2024,21030600010007,in_age_066,17
2024,21030570010011,in_age_074,38
2024,21030710020001,in_age_078,11
2024,21030710020018,in_age_073,19
2024,21030530020502,in_age_076,N/A
2024,21030530010401,in_age_067,41
2024,21030700010003,in_age_071,16
2024,21030530010501,in_age_080,N/A
2024,21030600010005,in_age_031,N/A
2024,21030570010003,in_age_035,12
2024,21030700020201,in_age_042,12
2024,21030510010009,in_age_033,6
2024,21030700010014,in_age_042,13
2024,21030660030101,in_age_031,N/A
2024,21030700010002,in_age_042,17
2024,21030680010203,in_age_040,18
2024,21030550010010,in_age_048,8
2024,21030710020019,in_age_038,N/A
2024,21030680010102,in_age_038,11
2024,21030590010005,in_age_034,5
2024,21030510010008,in_age_042,30
2024,21030570010006,in_age_034,N/A
2024,21030530020401,in_age_042,16
2024,21030710020004,in_age_036,8
2024,21030660030002,in_age_050,N/A
2024,21030600010001,in_age_034,7
2024,21030570010006,in_age_037,9
2024,21030600010007,in_age_035,9
2024,21030510010006,in_age_048,N/A
2024,21030700020201,in_age_033,9
2024,21030530020402,in_age_042,15
2024,21030710020010,in_age_044,31
2024,21030520010008,in_age_037,14
2024,21030680010204,in_age_041,26
2024,21030600010004,in_age_041,21
2024,21030520010010,in_age_045,15
2024,21030660030001,in_age_044,35
2024,21030550010001,in_age_042,24
2024,21030530020007,in_age_042,14
2024,21030570010003,in_age_044,26
2024,21030570010010,in_age_044,28
2024,21030550010010,in_age_047,20
2024,21030510010005,in_age_048,N/A
2024,21030600010009,in_age_045,18
2024,21030570010014,in_age_041,16
2024,21030510010002,in_age_038,10
2024,21030510010009,in_age_036,37
2024,21030600010010,in_age_034,9
2024,21030530020004,in_age_031,N/A
2024,21030560010004,in_age_033,11
2024,21030600010004,in_age_038,5
2024,21030570010014,in_age_031,N/A
2024,21030520010007,in_age_035,7
2024,21030520010008,in_age_043,27
2024,21030550010005,in_age_033,8
2024,21030570010011,in_age_041,15
2024,21030600010010,in_age_048,N/A
2024,21030530020402,in_age_034,12
2024,21030600010002,in_age_036,15
2024,21030660020102,in_age_036,10
2024,21030520010006,in_age_035,N/A
2024,21030520010003,in_age_035,N/A
2024,21030570010011,in_age_042,21
2024,21030710020008,in_age_046,5
2024,21030700010007,in_age_041,21
2024,21030560010003,in_age_032,8
2024,21030520010002,in_age_043,23
2024,21030710020019,in_age_043,34
2024,21030570010012,in_age_032,5
2024,21030530010401,in_age_036,21
2024,21030520010008,in_age_046,10
2024,21030550010004,in_age_031,N/A
2024,21030710020019,in_age_033,7
2024,21030600010002,in_age_041,32
2024,21030710020005,in_age_032,N/A
2024,21030550010004,in_age_043,26
2024,21030680010204,in_age_042,15
2024,21030520010005,in_age_040,12
2024,21030710020005,in_age_047,6
2024,21030570010006,in_age_038,10
2024,21030710020014,in_age_048,N/A
2024,21030680010101,in_age_045,13
2024,21030680010205,in_age_044,19
2024,21030710020019,in_age_040,19
2024,21030700010401,in_age_031,N/A
2024,21030530020103,in_age_043,17
2024,21030570010010,in_age_032,N/A
2024,21030700010006,in_age_044,40
2024,21030700010005,in_age_045,16
2024,21030570010012,in_age_048,6
2024,21030530020005,in_age_042,12
2024,21030510010008,in_age_046,8
2024,21030680010204,in_age_040,21
2024,21030570010101,in_age_032,10
2024,21030570010009,in_age_039,14
2024,21030570010006,in_age_046,18
2024,21030560010004,in_age_042,15
2024,21030660020101,in_age_041,21
2024,21030550010005,in_age_039,9
2024,21030600010005,in_age_045,24
2024,21030710010101,in_age_045,40
2024,21030660020001,in_age_040,19
2024,21030660030001,in_age_042,25
2024,21030560010003,in_age_036,18
2024,21030550010002,in_age_035,10
2024,21030560010004,in_age_039,13
2024,21030530020005,in_age_036,35
2024,21030530020502,in_age_034,16
2024,21030700010011,in_age_047,6
2024,21030660020002,in_age_036,46
2024,21030510010006,in_age_039,12
2024,21030560010201,in_age_041,27
2024,21030510010004,in_age_034,13
2024,21030710010002,in_age_038,N/A
2024,21030570010004,in_age_036,8
2024,21030530010601,in_age_033,7
2024,21030530020502,in_age_049,N/A
2024,21030530020007,in_age_043,12
2024,21030510010001,in_age_038,16
2024,21030700010402,in_age_040,7
2024,21030590010004,in_age_042,29
2024,21030700010007,in_age_047,11
2024,21030660010002,in_age_031,N/A
2024,21030680010101,in_age_047,9
2024,21030520010601,in_age_034,6
2024,21030680010102,in_age_034,11
2024,21030700010001,in_age_043,14
2024,21030660020101,in_age_034,5
2024,21030660020102,in_age_037,15
2024,21030680010102,in_age_032,13
2024,21030530020002,in_age_035,23
2024,21030660020002,in_age_044,10
2024,21030660040201,in_age_037,11
2024,21030570010007,in_age_045,15
2024,21030570010007,in_age_034,7
2024,21030530020006,in_age_032,N/A
2024,21030710020011,in_age_034,6
2024,21030680010201,in_age_040,27
2024,21030700010016,in_age_035,12
2024,21030570010005,in_age_075,32
2024,21030660020101,in_age_070,16
2024,21030700010012,in_age_062,N/A
2024,21030590010007,in_age_061,N/A
2024,21030560010201,in_age_080,N/A
2024,21030510010011,in_age_069,14
2024,21030680010205,in_age_079,N/A
2024,21030590010005,in_age_071,19
2024,21030700010002,in_age_077,27
2024,21030510010005,in_age_077,12
2024,21030510010004,in_age_079,N/A
2024,21030550010003,in_age_066,8
2024,21030550010001,in_age_071,10
2024,21030530020502,in_age_077,N/A
2024,21030700010009,in_age_076,21
2024,21030710020009,in_age_073,22
2024,21030570010102,in_age_064,15
2024,21030520010004,in_age_070,7
2024,21030710010101,in_age_067,22
2024,21030700010008,in_age_065,9
2024,21030710020010,in_age_080,N/A
2024,21030710010002,in_age_080,N/A
2024,21030530020102,in_age_065,17
2024,21030510010008,in_age_064,N/A
2024,21030590010007,in_age_075,33
2024,21030710020018,in_age_066,35
2024,21030660010001,in_age_073,22
2024,21030590010001,in_age_073,15
2024,21030680010204,in_age_071,17
2024,21030660030101,in_age_068,25
2024,21030680020001,in_age_066,8
2024,21030700010016,in_age_074,23
2024,21030710020003,in_age_067,9
2024,21030680010201,in_age_072,20
2024,21030680010203,in_age_064,6
2024,21030700010001,in_age_075,11
2024,21030700010006,in_age_064,6
2024,21030700010004,in_age_071,17
2024,21030560010003,in_age_078,5
2024,21030520010006,in_age_063,N/A
2024,21030600010008,in_age_072,20
2024,21030710020004,in_age_068,N/A
2024,21030660040201,in_age_074,20
2024,21030530020502,in_age_071,14
2024,21030510010007,in_age_063,5
2024,21030530020102,in_age_067,42
2024,21030530020402,in_age_068,30
2024,21030530020004,in_age_079,N/A
2024,21030520010003,in_age_062,N/A
2024,21030520010009,in_age_061,N/A
2024,21030530020503,in_age_075,8
2024,21030530020001,in_age_064,10
2024,21030680010203,in_age_071,37
2024,21030710020011,in_age_080,N/A
2024,21030590010007,in_age_077,22
2024,21030710020017,in_age_065,N/A
2024,21030680010207,in_age_064,12
2024,21030590010002,in_age_070,12
2024,21030680010302,in_age_067,47
2024,21030600010010,in_age_070,10
2024,21030520010002,in_age_075,12
2024,21030570010103,in_age_077,N/A
2024,21030590010005,in_age_069,N/A
2024,21030710020001,in_age_068,8
2024,21030680010201,in_age_063,16
2024,21030560010002,in_age_079,7
2024,21030590010006,in_age_080,N/A
2024,21030530010401,in_age_061,16
2024,21030600010001,in_age_073,26
2024,21030530020003,in_age_062,N/A
2024,21030560010005,in_age_078,N/A
2024,21030590010006,in_age_067,9
2024,21030700010012,in_age_069,9
2024,21030700010008,in_age_068,13
2024,21030510010009,in_age_062,N/A
2024,21030560010004,in_age_063,13
2024,21030700010014,in_age_071,24
2024,21030700010014,in_age_078,10
2024,21030560010003,in_age_068,10
2024,21030660040001,in_age_074,8
2024,21030570010005,in_age_076,19
2024,21030660030002,in_age_061,N/A
2024,21030570010011,in_age_069,12
2024,21030520010601,in_age_076,21
2024,21030710020012,in_age_068,13
2024,21030680010202,in_age_075,12
2024,21030530020504,in_age_062,19
2024,21030600010010,in_age_069,9
2024,21030710020013,in_age_071,19
2024,21030530020102,in_age_062,19
2024,21030700010402,in_age_078,N/A
2024,21030570010001,in_age_067,17
2024,21030530010001,in_age_076,N/A
2024,21030660010001,in_age_065,5
2024,21030710020006,in_age_072,20
2024,21030530010002,in_age_070,9
2024,21030510010010,in_age_067,12
2024,21030570010012,in_age_072,25
2024,21030560010006,in_age_071,17
2024,21030530020101,in_age_065,20
2024,21030530020102,in_age_068,41
2024,21030710020002,in_age_070,9
2024,21030560010004,in_age_077,12
2024,21030660030001,in_age_070,15
2024,21030710020015,in_age_071,13
2024,21030520010009,in_age_076,14
2024,21030530020504,in_age_068,34
2024,21030570010005,in_age_062,N/A
2024,21030530010901,in_age_076,9
2024,21030600010005,in_age_067,N/A
2024,21030510010011,in_age_076,10
2024,21030680010203,in_age_072,26
2024,21030530010901,in_age_074,23
2024,21030700010012,in_age_077,13
2024,21030570010008,in_age_069,10
2024,21030550010005,in_age_074,24
2024,21030600010006,in_age_076,23
2024,21030530020006,in_age_080,6
2024,21030700010001,in_age_077,37
2024,21030520010002,in_age_072,13
2024,21030700010402,in_age_062,N/A
2024,21030570010102,in_age_062,7
2024,21030510010008,in_age_071,17
2024,21030530010401,in_age_063,13
2024,21030560010006,in_age_076,19
2024,21030680010201,in_age_064,12
2024,21030700010008,in_age_067,10
2024,21030710020014,in_age_063,9
2024,21030660040204,in_age_076,6
2024,21030700010013,in_age_072,24
2024,21030660020002,in_age_073,13
2024,21030710020011,in_age_066,17
2024,21030510010011,in_age_063,N/A
2024,21030710020016,in_age_069,13
2024,21030560010001,in_age_069,15
2024,21030710020019,in_age_070,9
2024,21030590010002,in_age_071,17
2024,21030590010004,in_age_066,N/A
2024,21030600010008,in_age_064,19
2024,21030710020014,in_age_062,N/A
2024,21030600010005,in_age_071,15
2024,21030520010006,in_age_073,19
2024,21030510010011,in_age_070,13
2024,21030530020503,in_age_072,13
2024,21030700010002,in_age_074,45
2024,21030560010005,in_age_064,10
2024,21030530020502,in_age_068,23
2024,21030590010002,in_age_062,N/A
2024,21030590010003,in_age_074,21
2024,21030510010005,in_age_065,7
2024,21030710020009,in_age_064,N/A
2024,21030700010005,in_age_063,5
2024,21030600010006,in_age_070,13
2024,21030700010401,in_age_072,22
2024,21030530020401,in_age_062,21
2024,21030710020018,in_age_077,7
2024,21030550010006,in_age_061,N/A
2024,21030530020402,in_age_066,8
2024,21030530010401,in_age_069,31
2024,21030660040001,in_age_068,N/A
2024,21030700010015,in_age_076,20
2024,21030550010010,in_age_067,13
2024,21030700010008,in_age_076,22
2024,21030710020007,in_age_073,34
2024,21030570010010,in_age_068,9
2024,21030530020002,in_age_080,N/A
2024,21030530020003,in_age_076,13
2024,21030680010302,in_age_061,23
2024,21030660040001,in_age_065,N/A
2024,21030710020008,in_age_061,N/A
2024,21030550010003,in_age_073,23
2024,21030570010013,in_age_074,30
2024,21030570010013,in_age_047,10
2024,21030660010001,in_age_038,9
2024,21030680010205,in_age_046,N/A
2024,21030660020001,in_age_031,8
2024,21030600010005,in_age_050,N/A
2024,21030570010012,in_age_031,N/A
2024,21030550010007,in_age_034,N/A
2024,21030700010007,in_age_032,N/A
2024,21030680010203,in_age_033,N/A
2024,21030680010207,in_age_041,27
2024,21030710020012,in_age_031,N/A
2024,21030560010001,in_age_040,18
2024,21030560010005,in_age_032,N/A
2024,21030570010101,in_age_039,16
2024,21030550010001,in_age_048,N/A
2024,21030710020017,in_age_033,N/A
2024,21030550010010,in_age_041,25
2024,21030660040203,in_age_047,N/A
2024,21030590010005,in_age_040,11
2024,21030530020005,in_age_044,8
2024,21030700010011,in_age_034,5
2024,21030680010001,in_age_038,8
2024,21030700010401,in_age_041,15
2024,21030710020011,in_age_049,N/A
2024,21030710020015,in_age_048,N/A
2024,21030710020016,in_age_036,7
2024,21030600010004,in_age_047,9
2024,21030700010008,in_age_039,13
2024,21030530020005,in_age_037,35
2024,21030660030101,in_age_035,11
2024,21030520010004,in_age_038,13
2024,21030600010003,in_age_033,6
2024,21030700010001,in_age_047,14
2024,21030680010101,in_age_037,16
2024,21030530020006,in_age_040,8
2024,21030680010301,in_age_033,8
2024,21030530020503,in_age_037,27
2024,21030530020503,in_age_038,38
2024,21030710020018,in_age_050,N/A
2024,21030710020002,in_age_035,10
2024,21030560010201,in_age_040,26
2024,21030530020401,in_age_043,16
2024,21030520010009,in_age_045,16
2024,21030590010004,in_age_045,20
2024,21030660010001,in_age_033,N/A
2024,21030550010008,in_age_041,17
2024,21030510010011,in_age_033,6
2024,21030680010202,in_age_038,73
2024,21030570010101,in_age_036,26
2024,21030680010202,in_age_040,24
2024,21030700010007,in_age_038,10
2024,21030570010012,in_age_037,14
2024,21030530020504,in_age_046,7
2024,21030530010501,in_age_046,9
2024,21030700010012,in_age_042,21
2024,21030510010007,in_age_039,23
2024,21030550010007,in_age_043,30
2024,21030700010010,in_age_045,18
2024,21030660040202,in_age_036,14
2024,21030700010013,in_age_043,25
2024,21030590010004,in_age_050,N/A
2024,21030600010002,in_age_032,N/A
2024,21030560010004,in_age_040,18
2024,21030700020002,in_age_041,16
2024,21030570010002,in_age_037,17
2024,21030700010001,in_age_034,N/A
2024,21030710020016,in_age_047,10
2024,21030710020005,in_age_068,8
2024,21030530020002,in_age_070,15
2024,21030530020102,in_age_070,34
2024,21030700020101,in_age_071,33
2024,21030530010001,in_age_067,14
2024,21030530020003,in_age_061,N/A
2024,21030590010004,in_age_079,N/A
2024,21030700010005,in_age_075,21
2024,21030710020008,in_age_078,6
2024,21030520010002,in_age_068,35
2024,21030530020101,in_age_062,15
2024,21030710020016,in_age_073,31
2024,21030530010401,in_age_077,N/A
2024,21030530010901,in_age_066,23
2024,21030570010001,in_age_075,29
2024,21030600010001,in_age_068,8
2024,21030530020007,in_age_065,N/A
2024,21030520010002,in_age_076,7
2024,21030700010016,in_age_076,16
2024,21030590010002,in_age_069,13
2024,21030510010007,in_age_064,6
2024,21030590010004,in_age_070,7
2024,21030680010204,in_age_076,8
2024,21030680010301,in_age_067,52
2024,21030710020014,in_age_078,6
2024,21030520010003,in_age_075,33
2024,21030680010101,in_age_066,14
2024,21030570010102,in_age_077,7
2024,21030700010014,in_age_073,27
2024,21030600010001,in_age_065,11
2024,21030530010401,in_age_062,12
2024,21030680010102,in_age_062,9
2024,21030700010012,in_age_073,26
2024,21030710020011,in_age_062,N/A
2024,21030660030101,in_age_067,75
2024,21030530020002,in_age_075,22
2024,21030520010009,in_age_064,N/A
2024,21030680010205,in_age_065,21
2024,21030520010009,in_age_075,24
2024,21030530020005,in_age_071,16
2024,21030680010301,in_age_066,50
2024,21030710020009,in_age_074,41
2024,21030510010011,in_age_077,6
2024,21030700010007,in_age_075,30
2024,21030660020001,in_age_071,24
2024,21030560010201,in_age_078,N/A
2024,21030550010007,in_age_067,14
2024,21030700010007,in_age_065,10
2024,21030660020102,in_age_070,16
2024,21030660010001,in_age_077,21
2024,21030680010203,in_age_062,16
2024,21030660030002,in_age_063,N/A
2024,21030530020503,in_age_068,34
2024,21030520010005,in_age_062,N/A
2024,21030550010007,in_age_075,22
2024,21030700020101,in_age_073,33
2024,21030590010004,in_age_065,6
2024,21030560010201,in_age_064,15
2024,21030680010101,in_age_067,20
2024,21030530020103,in_age_069,40
2024,21030520010009,in_age_073,23
2024,21030510010005,in_age_072,22
2024,21030700010013,in_age_073,20
2024,21030550010009,in_age_076,24
2024,21030590010001,in_age_063,N/A
2024,21030530020001,in_age_075,18
2024,21030710020011,in_age_075,27
2024,21030510010004,in_age_073,22
2024,21030530010001,in_age_075,7
2024,21030700010012,in_age_065,N/A
2024,21030560010001,in_age_064,5
2024,21030600010004,in_age_069,12
2024,21030570010001,in_age_069,11
2024,21030700010010,in_age_076,23
2024,21030710020008,in_age_070,7
2024,21030520010006,in_age_061,N/A
2024,21030660040001,in_age_077,8
2024,21030550010008,in_age_067,11
2024,21030520010601,in_age_072,24
2024,21030570010007,in_age_061,6
2024,21030570010003,in_age_078,7
2024,21030700010010,in_age_074,22
2024,21030550010002,in_age_079,6
2024,21030570010011,in_age_080,N/A
2024,21030600010009,in_age_067,10
2024,21030520010005,in_age_063,N/A
2024,21030510010006,in_age_076,10
2024,21030570010001,in_age_063,N/A
2024,21030510010007,in_age_078,13
2024,21030700010005,in_age_074,27
2024,21030520010008,in_age_064,8
2024,21030710020019,in_age_064,7
2024,21030550010004,in_age_075,21
2024,21030530020002,in_age_076,14
2024,21030520010007,in_age_075,33
2024,21030530020402,in_age_077,N/A
2024,21030710020011,in_age_076,24
2024,21030530010201,in_age_077,N/A
2024,21030700010007,in_age_066,7
2024,21030560010006,in_age_079,7
2024,21030530020401,in_age_065,7
2024,21030710020015,in_age_074,16
2024,21030530020005,in_age_069,15
2024,21030700010011,in_age_068,11
2024,21030700010301,in_age_062,14
2024,21030570010013,in_age_072,28
2024,21030520010003,in_age_073,26
2024,21030710020019,in_age_068,9
2024,21030530010901,in_age_067,29
2024,21030600010007,in_age_065,N/A
2024,21030680010201,in_age_074,12
2024,21030530020504,in_age_061,19
2024,21030660040204,in_age_072,32
2024,21030530020401,in_age_070,22
2024,21030550010010,in_age_061,N/A
2024,21030710020004,in_age_065,5
2024,21030570010003,in_age_073,21
2024,21030570010012,in_age_075,19
2024,21030530020004,in_age_068,7
2024,21030700010016,in_age_079,N/A
2024,21030570010011,in_age_073,29
2024,21030510010002,in_age_075,30
2024,21030520010001,in_age_078,8
2024,21030520010201,in_age_070,14
2024,21030530020101,in_age_066,67
2024,21030520010001,in_age_075,28
2024,21030570010003,in_age_076,24
2024,21030560010005,in_age_063,N/A
2024,21030570010006,in_age_064,5
2024,21030510010002,in_age_061,N/A
2024,21030530020003,in_age_070,9
2024,21030530020402,in_age_065,5
2024,21030660010003,in_age_064,5
2024,21030560010002,in_age_066,9
2024,21030570010010,in_age_065,6
2024,21030700010007,in_age_079,N/A
2024,21030590010001,in_age_079,N/A
2024,21030600010010,in_age_072,17
2024,21030530020004,in_age_065,9
2024,21030660020101,in_age_068,9
2024,21030680010205,in_age_061,27
2024,21030600010002,in_age_071,28
2024,21030550010002,in_age_066,9
2024,21030710020009,in_age_078,11
2024,21030570010102,in_age_073,28
2024,21030560010006,in_age_068,11
2024,21030530010401,in_age_075,13
2024,21030660020102,in_age_073,24
2024,21030660020101,in_age_078,N/A
2024,21030520010007,in_age_080,N/A
2024,21030520010004,in_age_075,33
2024,21030600010001,in_age_063,6
2024,21030710020011,in_age_070,6
2024,21030570010101,in_age_072,22
2024,21030700010006,in_age_077,11
2024,21030700010003,in_age_072,16
2024,21030570010004,in_age_066,12
2024,21030680010204,in_age_068,29
2024,21030700010402,in_age_061,N/A
2024,21030710020003,in_age_063,N/A
2024,21030520010201,in_age_072,19
2024,21030680010102,in_age_074,19
2024,21030530020402,in_age_061,20
2024,21030700020002,in_age_075,16
2024,21030590010004,in_age_072,22
2024,21030550010006,in_age_069,9
2024,21030530020503,in_age_070,25
2024,21030510010004,in_age_072,17
2024,21030710020017,in_age_070,7
2024,21030710020012,in_age_066,17
2024,21030510010003,in_age_070,12
2024,21030510010001,in_age_068,N/A
2024,21030570010014,in_age_075,34
2024,21030680010001,in_age_069,8
2024,21030550010005,in_age_071,32
2024,21030710020008,in_age_072,22
2024,21030710010101,in_age_077,34
2024,21030700010301,in_age_065,8
2024,21030700010006,in_age_071,21
2024,21030520010008,in_age_077,25
2024,21030660010003,in_age_073,27
2024,21030710020013,in_age_065,18
2024,21030590010006,in_age_072,21
2024,21030680010205,in_age_070,20
2024,21030550010009,in_age_063,6
2024,21030660040201,in_age_072,13
2024,21030530010501,in_age_073,26
2024,21030570010008,in_age_064,6
2024,21030530020003,in_age_066,13
2024,21030570010008,in_age_076,31
2024,21030660020001,in_age_078,N/A
2024,21030660040202,in_age_079,N/A
2024,21030710020008,in_age_067,9
2024,21030510010006,in_age_069,12
2024,21030570010014,in_age_071,15
2024,21030530020101,in_age_076,16
2024,21030520010001,in_age_070,20
2024,21030590010004,in_age_073,24
2024,21030530010201,in_age_071,8
2024,21030560010004,in_age_079,N/A
2024,21030710020006,in_age_064,7
2024,21030680010101,in_age_069,34
2024,21030710020009,in_age_067,12
2024,21030550010004,in_age_069,11
2024,21030600010001,in_age_064,6
2024,21030680010202,in_age_068,53
2024,21030530020003,in_age_069,14
2024,21030710020016,in_age_070,20
2024,21030600010006,in_age_065,N/A
2024,21030660040202,in_age_069,19
2024,21030680010302,in_age_066,24
2024,21030680010206,in_age_067,47
2024,21030600010005,in_age_066,8
2024,21030700010002,in_age_069,18
2024,21030570010002,in_age_062,7
2024,21030600010010,in_age_066,9
2024,21030570010101,in_age_074,20
2024,21030600010003,in_age_074,26
2024,21030510010009,in_age_064,N/A
2024,21030570010102,in_age_072,32
2024,21030530020402,in_age_072,11
2024,21030520010201,in_age_069,8
2024,21030530020503,in_age_067,30
2024,21030570010010,in_age_067,14
2024,21030700010001,in_age_078,44
2024,21030700010401,in_age_078,N/A
2024,21030570010002,in_age_072,19
2024,21030700010401,in_age_074,22
2024,21030530020004,in_age_061,N/A
2024,21030570010009,in_age_066,15
2024,21030600010002,in_age_065,13
2024,21030570010004,in_age_078,10
2024,21030510010008,in_age_062,N/A
2024,21030550010010,in_age_069,8
2024,21030660040203,in_age_063,9
2024,21030590010003,in_age_079,N/A
2024,21030660030002,in_age_079,N/A
2024,21030530020501,in_age_067,19
2024,21030710020015,in_age_079,N/A
2024,21030700010010,in_age_073,22
2024,21030530020003,in_age_063,9
2024,21030680010202,in_age_078,N/A
2024,21030510010009,in_age_066,56
2024,21030570010009,in_age_078,10
2024,21030710020017,in_age_067,11
2024,21030700010006,in_age_062,N/A
2024,21030570010103,in_age_064,6
2024,21030530020001,in_age_074,21
2024,21030700010014,in_age_074,23
2024,21030530020001,in_age_080,N/A
2024,21030520010008,in_age_079,N/A
2024,21030700010402,in_age_071,19
2024,21030700010001,in_age_063,N/A
2024,21030680010206,in_age_071,25
2024,21030660020001,in_age_079,N/A
2024,21030680010205,in_age_064,10
2024,21030510010004,in_age_063,7
2024,21030680010102,in_age_064,7
2024,21030560010002,in_age_074,22
2024,21030600010004,in_age_074,23
2024,21030510010001,in_age_071,28
2024,21030680010202,in_age_066,45
2024,21030700010002,in_age_061,6
2024,21030550010001,in_age_066,9
2024,21030680010202,in_age_071,27
2024,21030530020502,in_age_073,20
2024,21030570010103,in_age_075,18
2024,21030570010008,in_age_074,34
2024,21030510010010,in_age_061,N/A
2024,21030660020101,in_age_075,5
2024,21030660030002,in_age_065,18
2024,21030700010015,in_age_063,6
2024,21030510010003,in_age_071,13
2024,21030530020504,in_age_063,22
2024,21030570010006,in_age_070,9
2024,21030710020007,in_age_066,7
2024,21030510010005,in_age_070,17
2024,21030560010001,in_age_071,23
2024,21030520010009,in_age_065,7
2024,21030510010002,in_age_063,6
2024,21030520010001,in_age_079,N/A
2024,21030550010007,in_age_073,36
2024,21030600010004,in_age_078,6
2024,21030710020005,in_age_066,11
2024,21030530020001,in_age_063,9
2024,21030700010006,in_age_069,17
2024,21030550010009,in_age_072,23
2024,21030530020006,in_age_072,N/A
2024,21030600010008,in_age_063,N/A
2024,21030520010007,in_age_063,N/A
2024,21030660040204,in_age_062,6
2024,21030520010002,in_age_071,15
2024,21030570010103,in_age_070,20
2024,21030530020007,in_age_080,8
2024,21030710020016,in_age_071,13
2024,21030660020002,in_age_077,6
2024,21030710020003,in_age_076,18
2024,21030510010010,in_age_068,14
2024,21030700020101,in_age_062,24
2024,21030700010401,in_age_075,19
2024,21030600010003,in_age_070,10
2024,21030680010207,in_age_066,20
2024,21030530020007,in_age_071,N/A
2024,21030570010011,in_age_067,14
2024,21030550010008,in_age_065,9
2024,21030710020009,in_age_079,N/A
2024,21030710020017,in_age_061,N/A
2024,21030530020503,in_age_063,18
2024,21030700010016,in_age_066,9
2024,21030710020012,in_age_070,12
2024,21030660040001,in_age_071,10
2024,21030660020102,in_age_064,11
2024,21030660040202,in_age_067,17
2024,21030710020012,in_age_078,6
2024,21030520010010,in_age_062,N/A
2024,21030710020012,in_age_073,35
2024,21030530020503,in_age_076,9
2024,21030530020503,in_age_061,11
2024,21030660010003,in_age_079,5
2024,21030710020001,in_age_069,12
2024,21030570010010,in_age_061,N/A
2024,21030700010003,in_age_077,19
2024,21030700010010,in_age_071,12
2024,21030680010301,in_age_072,35
2024,21030680010206,in_age_068,47
2024,21030710020002,in_age_067,6
2024,21030530020004,in_age_066,18
2024,21030710010002,in_age_066,N/A
2024,21030700010011,in_age_072,31
2024,21030560010003,in_age_070,20
2024,21030590010003,in_age_068,N/A
2024,21030660040201,in_age_069,12
2024,21030550010010,in_age_070,23
2024,21030700010012,in_age_072,22
2024,21030570010009,in_age_067,15
2024,21030680010206,in_age_078,N/A
2024,21030510010008,in_age_073,13
2024,21030550010002,in_age_065,8
2024,21030710020001,in_age_070,11
2024,21030700010015,in_age_075,22
2024,21030710020007,in_age_065,5
2024,21030570010002,in_age_074,39
2024,21030530010002,in_age_077,N/A
2024,21030570010011,in_age_064,11
2024,21030700010010,in_age_067,7
2024,21030600010007,in_age_076,41
2024,21030680010207,in_age_073,17
2024,21030680010207,in_age_070,23
2024,21030530020103,in_age_075,12
2024,21030700010001,in_age_067,N/A
2024,21030510010002,in_age_068,5
2024,21030660010002,in_age_074,52
2024,21030710020006,in_age_075,23
2024,21030570010007,in_age_069,13
2024,21030600010004,in_age_064,12
2024,21030680010203,in_age_070,17
2024,21030570010005,in_age_070,15
2024,21030510010010,in_age_064,9
2024,21030700010009,in_age_069,17
2024,21030550010005,in_age_066,11
2024,21030510010003,in_age_080,N/A
2024,21030570010103,in_age_063,6
2024,21030710020004,in_age_064,5
2024,21030570010102,in_age_069,22
2024,21030560010005,in_age_067,23
2024,21030710020011,in_age_078,6
2024,21030520010601,in_age_063,5
2024,21030680010207,in_age_072,31
2024,21030660040001,in_age_070,N/A
2024,21030570010012,in_age_068,9
2024,21030550010007,in_age_068,9
2024,21030570010003,in_age_062,N/A
2024,21030570010102,in_age_071,28
2024,21030560010006,in_age_067,20
2024,21030570010012,in_age_077,16
2024,21030660040203,in_age_070,20
2024,21030680010205,in_age_066,18
2024,21030680010202,in_age_061,42
2024,21030520010009,in_age_070,10
2024,21030570010002,in_age_077,19
2024,21030680010301,in_age_074,22
2024,21030520010001,in_age_077,19
2024,21030660030101,in_age_066,105
2024,21030680010001,in_age_076,31
2024,21030510010006,in_age_071,6
2024,21030520010601,in_age_069,8
2024,21030680010101,in_age_061,10
2024,21030520010009,in_age_067,12
2024,21030570010009,in_age_076,38
2024,21030600010003,in_age_069,8
2024,21030530020001,in_age_071,16
2024,21030520010004,in_age_074,18
2024,21030590010006,in_age_074,25
2024,21030600010004,in_age_076,14
2024,21030560010003,in_age_063,9
2024,21030600010003,in_age_066,7
2024,21030700010008,in_age_071,19
2024,21030710020004,in_age_067,12
2024,21030700010010,in_age_077,17
2024,21030550010006,in_age_077,13
2024,21030660020102,in_age_068,11
2024,21030510010003,in_age_072,8
2024,21030530020502,in_age_070,26
2024,21030570010013,in_age_066,9
2024,21030530010901,in_age_061,7
2024,21030550010008,in_age_064,11
2024,21030520010008,in_age_070,8
2024,21030600010001,in_age_066,N/A
2024,21030700010005,in_age_076,18
2024,21030590010005,in_age_080,N/A
2024,21030530020002,in_age_077,11
2024,21030680010201,in_age_071,13
2024,21030510010007,in_age_068,11
2024,21030710020013,in_age_075,6
2024,21030570010005,in_age_071,19
2024,21030550010007,in_age_064,6
2024,21030530020003,in_age_068,6
2024,21030570010101,in_age_065,15
2024,21030530020006,in_age_070,11
2024,21030600010004,in_age_079,N/A
2024,21030660020101,in_age_073,18
2024,21030680010201,in_age_069,36
2024,21030590010003,in_age_062,7
2024,21030570010014,in_age_067,6
2024,21030590010002,in_age_075,39
2024,21030510010007,in_age_067,13
2024,21030570010008,in_age_075,32
2024,21030530020401,in_age_066,10
2024,21030660040203,in_age_071,21
2024,21030520010007,in_age_070,15
2024,21030660020002,in_age_064,N/A
2024,21030680010301,in_age_064,12
2024,21030660030001,in_age_064,6
2024,21030710020013,in_age_064,N/A
2024,21030570010006,in_age_068,N/A
2024,21030660020101,in_age_062,7
2024,21030710020004,in_age_074,44
2024,21030570010014,in_age_062,N/A
2024,21030560010001,in_age_077,26
2024,21030660010003,in_age_063,N/A
2024,21030530010001,in_age_064,N/A
2024,21030600010003,in_age_065,8
2024,21030530010601,in_age_077,N/A
2024,21030700010006,in_age_076,29
2024,21030590010005,in_age_064,N/A
2024,21030600010004,in_age_072,20
2024,21030710020015,in_age_069,21
2024,21030570010010,in_age_070,16
2024,21030520010006,in_age_071,16
2024,21030710020008,in_age_077,9
2024,21030570010009,in_age_074,34
2024,21030520010601,in_age_075,29
2024,21030680010302,in_age_077,9
2024,21030660030002,in_age_069,11
2024,21030600010002,in_age_073,31
2024,21030560010003,in_age_067,11
2024,21030710020019,in_age_073,25
2024,21030510010010,in_age_071,17
2024,21030520010009,in_age_079,N/A
2024,21030510010011,in_age_067,21
2024,21030590010004,in_age_063,N/A
2024,21030700010402,in_age_063,7
2024,21030570010002,in_age_068,10
2024,21030560010001,in_age_074,44
2024,21030550010009,in_age_067,8
2024,21030680010302,in_age_070,24
2024,21030660020102,in_age_078,N/A
2024,21030510010005,in_age_063,9
2024,21030530020006,in_age_066,74
2024,21030600010010,in_age_080,N/A
2024,21030560010005,in_age_077,15
2024,21030680010207,in_age_068,38
2024,21030660020101,in_age_065,11
2024,21030660020102,in_age_067,13
2024,21030570010007,in_age_078,6
2024,21030530010501,in_age_061,16
2024,21030700010008,in_age_079,N/A
2024,21030600010007,in_age_063,8
2024,21030570010002,in_age_079,N/A
2024,21030530020001,in_age_079,N/A
2024,21030680010301,in_age_075,9
2024,21030560010002,in_age_070,24
2024,21030570010005,in_age_068,7
2024,21030530020003,in_age_067,5
2024,21030590010007,in_age_076,17
2024,21030560010005,in_age_065,12
2024,21030570010009,in_age_073,32
2024,21030530020005,in_age_063,N/A
2024,21030680010302,in_age_069,45
2024,21030510010003,in_age_066,45
2024,21030710020009,in_age_066,9
2024,21030660030101,in_age_065,38
2024,21030530020402,in_age_073,8
2024,21030550010009,in_age_077,19
2024,21030560010201,in_age_077,12
2024,21030510010010,in_age_074,21
2024,21030710020009,in_age_061,N/A
2024,21030530020101,in_age_072,15
2024,21030700010008,in_age_077,18
2024,21030570010013,in_age_067,N/A
2024,21030660010001,in_age_071,18
2024,21030520010007,in_age_061,N/A
2024,21030520010004,in_age_072,18
2024,21030590010007,in_age_067,6
2024,21030520010008,in_age_076,18
2024,21030560010005,in_age_076,13
2024,21030570010101,in_age_066,33
2024,21030560010002,in_age_078,8
2024,21030550010009,in_age_065,11
2024,21030710020018,in_age_061,12
2024,21030700010004,in_age_077,6
2024,21030700010013,in_age_068,7
2024,21030570010008,in_age_073,22
2024,21030680010301,in_age_065,14
2024,21030520010201,in_age_078,5
2024,21030710020013,in_age_077,11
2024,21030600010009,in_age_074,22
2024,21030680010203,in_age_069,21
2024,21030530020504,in_age_076,N/A
2024,21030550010004,in_age_067,8
2024,21030550010001,in_age_075,21
2024,21030710020017,in_age_072,16
2024,21030530020004,in_age_075,20
2024,21030710020011,in_age_063,N/A
2024,21030520010008,in_age_068,9
2024,21030550010009,in_age_070,16
2024,21030660030101,in_age_079,N/A
2024,21030530020005,in_age_067,45
2024,21030520010003,in_age_074,40
2024,21030680010101,in_age_076,14
2024,21030660010003,in_age_062,N/A
2024,21030550010003,in_age_065,5
2024,21030510010008,in_age_066,46
2024,21030660040203,in_age_072,26
2024,21030570010004,in_age_073,28
2024,21030560010005,in_age_068,5
2024,21030700010008,in_age_066,12
2024,21030600010002,in_age_079,N/A
2024,21030700010002,in_age_076,27
2024,21030660020001,in_age_065,N/A
2024,21030590010007,in_age_063,N/A
2024,21030700010006,in_age_074,37
2024,21030700010002,in_age_071,16
2024,21030710020017,in_age_066,N/A
2024,21030510010011,in_age_065,6
2024,21030680010206,in_age_061,21
2024,21030700010004,in_age_072,20
2024,21030520010003,in_age_070,13
2024,21030520010008,in_age_065,12
2024,21030550010003,in_age_063,N/A
2024,21030520010007,in_age_062,5
2024,21030710020013,in_age_061,N/A
2024,21030700010402,in_age_075,8
2024,21030710020014,in_age_073,33
2024,21030660040202,in_age_075,18
2024,21030710020007,in_age_068,7
2024,21030710020010,in_age_072,27
2024,21030510010008,in_age_079,N/A
2024,21030530010201,in_age_068,18
2024,21030520010009,in_age_078,5
2024,21030570010008,in_age_078,6
2024,21030660040204,in_age_068,11
2024,21030530010201,in_age_072,11
2024,21030680010101,in_age_075,20
2024,21030700010015,in_age_070,15
2024,21030710010002,in_age_077,22
2024,21030520010601,in_age_066,8
2024,21030530010001,in_age_069,11
2024,21030680010102,in_age_077,6
2024,21030560010002,in_age_075,27
2024,21030530010901,in_age_078,6
2024,21030510010008,in_age_070,18
2024,21030510010003,in_age_067,24
2024,21030530020103,in_age_061,23
2024,21030550010009,in_age_066,9
2024,21030570010001,in_age_066,26
2024,21030530010901,in_age_071,35
2024,21030590010007,in_age_072,15
2024,21030700010010,in_age_078,9
2024,21030570010102,in_age_070,22
2024,21030700010301,in_age_074,10
2024,21030570010011,in_age_076,35
2024,21030680010301,in_age_062,23
2024,21030570010013,in_age_063,7
2024,21030530010501,in_age_063,12
2024,21030660040203,in_age_073,21
2024,21030560010006,in_age_066,47
2024,21030700010006,in_age_067,18
2024,21030550010004,in_age_061,N/A
2024,21030510010010,in_age_076,19
2024,21030710010101,in_age_075,57
2024,21030600010001,in_age_062,N/A
2024,21030660040201,in_age_075,13
2024,21030700010011,in_age_080,N/A
2024,21030570010013,in_age_078,11
2024,21030590010003,in_age_078,16
2024,21030560010006,in_age_073,15
2024,21030520010003,in_age_078,9
2024,21030530020501,in_age_076,N/A
2024,21030510010007,in_age_065,9
2024,21030590010001,in_age_070,10
2024,21030660020001,in_age_064,N/A
2024,21030660020001,in_age_070,13
2024,21030520010201,in_age_067,7
2024,21030520010003,in_age_077,21
2024,21030550010002,in_age_069,5
2024,21030570010011,in_age_070,16
2024,21030530020501,in_age_062,42
2024,21030570010012,in_age_078,11
2024,21030710020003,in_age_064,N/A
2024,21030510010001,in_age_078,10
2024,21030700010016,in_age_065,9
2024,21030510010011,in_age_064,7
2024,21030700010301,in_age_067,28
2024,21030710020010,in_age_062,N/A
2024,21030570010013,in_age_062,N/A
2024,21030550010009,in_age_073,42
2024,21030700010013,in_age_078,15
2024,21030660010001,in_age_080,N/A
2024,21030550010003,in_age_062,N/A
2024,21030710020014,in_age_061,N/A
2024,21030680010207,in_age_077,N/A
2024,21030700010402,in_age_067,5
2024,21030520010001,in_age_072,28
2024,21030710020015,in_age_072,11
2024,21030700010006,in_age_065,8
2024,21030560010002,in_age_063,13
2024,21030680010102,in_age_075,17
2024,21030560010002,in_age_077,16
2024,21030570010009,in_age_075,20
2024,21030700020101,in_age_069,32
2024,21030700010010,in_age_072,12
2024,21030590010005,in_age_076,31
2024,21030700010007,in_age_064,9
2024,21030510010006,in_age_061,N/A
2024,21030550010010,in_age_072,21
2024,21030710020001,in_age_067,18
2024,21030660030001,in_age_073,24
2024,21030550010010,in_age_079,N/A
2024,21030700010301,in_age_069,33
2024,21030710020013,in_age_062,5
2024,21030550010001,in_age_076,21
2024,21030600010008,in_age_074,23
2024,21030530020005,in_age_074,5
2024,21030570010101,in_age_062,13
2024,21030710020014,in_age_067,8
2024,21030660020101,in_age_064,N/A
2024,21030550010001,in_age_072,23
2024,21030700010012,in_age_070,11
2024,21030680010101,in_age_072,23
2024,21030510010011,in_age_073,14
2024,21030710020016,in_age_072,16
2024,21030660030002,in_age_074,30
2024,21030530020101,in_age_069,33
2024,21030550010008,in_age_068,9
2024,21030520010010,in_age_072,12
2024,21030570010101,in_age_068,42
2024,21030600010001,in_age_069,10
2024,21030510010010,in_age_063,6
2024,21030710020015,in_age_062,N/A
2024,21030590010007,in_age_070,5
2024,21030600010005,in_age_078,12
2024,21030710020015,in_age_076,11
2024,21030530020401,in_age_076,10
2024,21030600010008,in_age_075,19
2024,21030700010007,in_age_068,6
2024,21030550010002,in_age_075,31
2024,21030520010006,in_age_079,N/A
2024,21030530020003,in_age_075,19
2024,21030520010007,in_age_077,30
2024,21030520010003,in_age_063,7
2024,21030590010001,in_age_075,31
2024,21030570010013,in_age_076,20
2024,21030700010003,in_age_074,24
2024,21030660020101,in_age_072,21
2024,21030600010002,in_age_062,N/A
2024,21030520010005,in_age_074,27
2024,21030710020005,in_age_065,N/A
2024,21030520010010,in_age_070,15
2024,21030550010005,in_age_065,20
2024,21030510010007,in_age_077,19
2024,21030710020013,in_age_070,12
2024,21030560010004,in_age_062,10
2024,21030700010005,in_age_069,10
2024,21030680010102,in_age_070,21
2024,21030680010203,in_age_066,22
2024,21030570010009,in_age_077,17
2024,21030570010008,in_age_061,N/A
2024,21030530020103,in_age_067,33
2024,21030530020004,in_age_078,6
2024,21030530010002,in_age_071,6
2024,21030710020018,in_age_080,N/A
2024,21030680010301,in_age_077,N/A
2024,21030660010002,in_age_069,9
2024,21030660010003,in_age_071,9
2024,21030530020503,in_age_062,29
2024,21030700010015,in_age_067,10
2024,21030570010001,in_age_070,12
2024,21030660040202,in_age_062,8
2024,21030660040201,in_age_064,11
2024,21030550010004,in_age_074,24
2024,21030550010010,in_age_071,23
2024,21030700010016,in_age_063,5
2024,21030510010003,in_age_069,7
2024,21030560010004,in_age_075,22
2024,21030680010202,in_age_076,N/A
2024,21030530010201,in_age_075,N/A
2024,21030600010008,in_age_077,18
2024,21030530020502,in_age_069,29
2024,21030600010005,in_age_069,7
2024,21030660030002,in_age_075,16
2024,21030550010003,in_age_074,27
2024,21030710020008,in_age_065,N/A
2024,21030660030001,in_age_072,22
2024,21030570010010,in_age_062,N/A
2024,21030600010007,in_age_074,37
2024,21030710020011,in_age_073,30
2024,21030530020002,in_age_061,N/A
2024,21030710020018,in_age_072,20
2024,21030700010402,in_age_074,19
2024,21030660040201,in_age_067,9
2024,21030700010012,in_age_079,8
2024,21030710010002,in_age_078,24
2024,21030710020011,in_age_074,27
2024,21030660030001,in_age_067,19
2024,21030710020001,in_age_066,17
2024,21030530020002,in_age_071,18
2024,21030550010003,in_age_068,N/A
2024,21030710020001,in_age_073,31
2024,21030570010006,in_age_061,N/A
2024,21030700020101,in_age_064,15
2024,21030680010206,in_age_072,19
2024,21030560010201,in_age_074,35
2024,21030570010004,in_age_065,N/A
2024,21030560010006,in_age_072,17
2024,21030550010002,in_age_077,19
2024,21030570010006,in_age_075,33
2024,21030570010006,in_age_077,19
2024,21030550010010,in_age_077,24
2024,21030710020010,in_age_078,18
2024,21030660010002,in_age_065,N/A
2024,21030570010007,in_age_079,N/A
2024,21030600010002,in_age_074,32
2024,21030570010013,in_age_080,N/A
2024,21030530020103,in_age_065,10
2024,21030520010601,in_age_073,22
2024,21030600010006,in_age_072,14
2024,21030570010013,in_age_065,9
2024,21030680010101,in_age_078,N/A
2024,21030550010010,in_age_074,39
2024,21030600010009,in_age_071,17
2024,21030510010001,in_age_074,37
2024,21030570010014,in_age_065,10
2024,21030710020019,in_age_063,N/A
2024,21030700010004,in_age_064,N/A
2024,21030530020004,in_age_069,13
2024,21030600010008,in_age_062,N/A
2024,21030550010006,in_age_073,23
2024,21030660040203,in_age_067,21
2024,21030510010002,in_age_066,7
2024,21030530020502,in_age_078,N/A
2024,21030590010005,in_age_068,N/A
2024,21030590010001,in_age_074,28
2024,21030660030101,in_age_076,N/A
2024,21030510010004,in_age_080,N/A
2024,21030680010206,in_age_075,13
2024,21030530020501,in_age_065,11
2024,21030660020002,in_age_066,62
2024,21030600010001,in_age_075,22
2024,21030700010301,in_age_072,17
2024,21030710020010,in_age_069,N/A
2024,21030660020002,in_age_075,7
2024,21030570010001,in_age_076,22
2024,21030710020006,in_age_076,23
2024,21030710020005,in_age_067,8
2024,21030710020009,in_age_068,8
2024,21030700010008,in_age_073,38
2024,21030530020004,in_age_073,18
2024,21030660010003,in_age_072,19
2024,21030710020015,in_age_064,N/A
2024,21030700010015,in_age_064,10
2024,21030520010009,in_age_071,12
2024,21030530020504,in_age_070,23
2024,21030570010101,in_age_073,30
2024,21030700010301,in_age_066,23
2024,21030700010402,in_age_064,5
2024,21030710010002,in_age_073,N/A
2024,21030700020002,in_age_074,17
2024,21030710020007,in_age_080,N/A
2024,21030710020015,in_age_063,N/A
2024,21030660020001,in_age_074,26
2024,21030700020201,in_age_076,N/A
2024,21030530020007,in_age_074,9
2024,21030660040201,in_age_062,6
2024,21030520010008,in_age_071,12
2024,21030710020009,in_age_075,25
2024,21030530010501,in_age_074,24
2024,21030570010014,in_age_070,16
2024,21030530020501,in_age_066,5
2024,21030560010201,in_age_061,6
2024,21030680010101,in_age_064,14
2024,21030560010201,in_age_066,12
2024,21030710020019,in_age_078,29
2024,21030570010007,in_age_076,17
2024,21030600010008,in_age_080,N/A
2024,21030680010207,in_age_063,14
2024,21030510010010,in_age_077,19
2024,21030530020402,in_age_069,48
2024,21030530020002,in_age_066,31
2024,21030510010007,in_age_061,N/A
2024,21030510010002,in_age_077,8
2024,21030570010010,in_age_064,6
2024,21030510010001,in_age_067,6
2024,21030570010004,in_age_079,N/A
2024,21030510010007,in_age_071,9
2024,21030710020007,in_age_075,28
2024,21030700010009,in_age_072,19
2024,21030520010004,in_age_078,N/A
2024,21030520010009,in_age_074,26
2024,21030520010004,in_age_077,9
2024,21030700010402,in_age_072,31
2024,21030590010005,in_age_079,5
2024,21030570010001,in_age_073,18
2024,21030510010004,in_age_069,15
2024,21030660040203,in_age_062,9
2024,21030700010001,in_age_062,N/A
2024,21030700010007,in_age_077,25
2024,21030550010007,in_age_071,18
2024,21030700020101,in_age_075,9
2024,21030660010001,in_age_074,34
2024,21030570010007,in_age_068,10
2024,21030660030001,in_age_078,8
2024,21030530020102,in_age_078,N/A
2024,21030550010003,in_age_079,N/A
2024,21030710020003,in_age_078,8
2024,21030530020006,in_age_081,N/A
2024,21030530020402,in_age_063,22
2024,21030570010010,in_age_069,13
2024,21030550010001,in_age_067,6
2024,21030530010601,in_age_065,15
2024,21030680010202,in_age_069,47
2024,21030510010006,in_age_070,16
2024,21030530020006,in_age_067,78
2024,21030530010401,in_age_073,36
2024,21030700010008,in_age_069,8
2024,21030700010013,in_age_064,7
2024,21030600010006,in_age_075,17
2024,21030570010005,in_age_061,N/A
2024,21030660010002,in_age_077,18
2024,21030710020002,in_age_077,22
2024,21030660040001,in_age_078,N/A
2024,21030530020101,in_age_067,70
2024,21030510010006,in_age_065,12
2024,21030590010003,in_age_075,27
2024,21030570010010,in_age_072,24
2024,21030520010004,in_age_064,6
2024,21030700010002,in_age_067,11
2024,21030520010005,in_age_078,7
2024,21030560010001,in_age_078,10
2024,21030590010001,in_age_071,20
2024,21030600010010,in_age_075,26
2024,21030680010201,in_age_062,18
2024,21030680010302,in_age_072,23
2024,21030660010002,in_age_062,N/A
2024,21030660040202,in_age_064,10
2024,21030530010001,in_age_068,11
2024,21030560010003,in_age_079,N/A
2024,21030660030101,in_age_073,5
2024,21030710020012,in_age_071,28
2024,21030700010013,in_age_065,11
2024,21030710020013,in_age_063,N/A
2024,21030700020101,in_age_070,32
2024,21030530010002,in_age_062,N/A
2024,21030560010002,in_age_073,23
2024,21030710020011,in_age_071,23
2024,21030660010003,in_age_080,N/A
2024,21030600010006,in_age_061,N/A
2024,21030530020501,in_age_075,13
2024,21030700010015,in_age_065,9
2024,21030520010005,in_age_080,N/A
2024,21030520010007,in_age_069,11
2024,21030510010008,in_age_075,6
2024,21030590010002,in_age_064,6
2024,21030520010003,in_age_076,32
2024,21030710010101,in_age_068,30
2024,21030530020101,in_age_063,18
2024,21030570010012,in_age_073,29
2024,21030570010010,in_age_077,14
2024,21030510010009,in_age_071,22
2024,21030680010204,in_age_075,7
2024,21030510010010,in_age_072,11
2024,21030520010005,in_age_067,11
2024,21030510010006,in_age_064,8
2024,21030700020002,in_age_076,15
2024,21030530010501,in_age_075,12
2024,21030700010010,in_age_063,N/A
2024,21030660010001,in_age_063,N/A
2024,21030530020402,in_age_075,8
2024,21030710020008,in_age_066,7
2024,21030680010207,in_age_061,21
2024,21030520010002,in_age_063,N/A
2024,21030700010012,in_age_074,21
2024,21030680010302,in_age_068,39
2024,21030590010006,in_age_064,7
2024,21030520010004,in_age_061,N/A
2024,21030510010001,in_age_069,9
2024,21030600010010,in_age_077,16
2024,21030680010101,in_age_077,15
2024,21030530020001,in_age_066,12
2024,21030510010005,in_age_061,N/A
2024,21030570010011,in_age_063,7
2024,21030560010001,in_age_065,16
2024,21030700010001,in_age_072,10
2024,21030520010002,in_age_061,N/A
2024,21030680010001,in_age_080,N/A
2024,21030530020006,in_age_075,8
2024,21030570010014,in_age_069,12
2024,21030560010001,in_age_062,5
2024,21030520010002,in_age_065,10
2024,21030590010004,in_age_068,12
2024,21030680010204,in_age_061,26
2024,21030700010009,in_age_071,16
2024,21030590010007,in_age_064,N/A
2024,21030700010015,in_age_072,31
2024,21030700010007,in_age_067,5
2024,21030700010013,in_age_062,N/A
2024,21030660030101,in_age_070,7
2024,21030560010004,in_age_072,27
2024,21030550010003,in_age_061,N/A
2024,21030570010004,in_age_062,N/A
2024,21030660040204,in_age_065,7
2024,21030710020011,in_age_065,9
2024,21030710020007,in_age_067,6
2024,21030590010004,in_age_071,27
2024,21030530020005,in_age_070,9
2024,21030600010006,in_age_073,23
2024,21030530020007,in_age_073,N/A
2024,21030680010102,in_age_063,16
2024,21030550010006,in_age_066,7
2024,21030570010004,in_age_069,10
2024,21030570010013,in_age_068,15
2024,21030700020002,in_age_064,N/A
2024,21030510010005,in_age_066,20
2024,21030530020501,in_age_063,22
2024,21030530020103,in_age_071,25
2024,21030510010009,in_age_061,N/A
2024,21030550010005,in_age_069,13
2024,21030550010007,in_age_063,10
2024,21030590010001,in_age_067,6
2024,21030710020001,in_age_061,5
2024,21030700010007,in_age_069,10
2024,21030520010601,in_age_067,6
2024,21030590010002,in_age_078,16
2024,21030560010006,in_age_070,14
2024,21030710020012,in_age_072,15
2024,21030600010004,in_age_080,N/A
2024,21030570010011,in_age_072,18
2024,21030680010201,in_age_066,17
2024,21030530010201,in_age_065,49
2024,21030600010007,in_age_079,N/A
2024,21030680010001,in_age_071,16
2024,21030680020001,in_age_076,33
2024,21030600010002,in_age_064,8
2024,21030520010004,in_age_067,11
2024,21030530020001,in_age_070,9
2024,21030560010003,in_age_075,18
2024,21030530020004,in_age_063,N/A
2024,21030710020018,in_age_064,6
2024,21030710020018,in_age_079,N/A
2024,21030600010009,in_age_073,30
2024,21030700010016,in_age_068,11
2024,21030510010011,in_age_068,13
2024,21030600010003,in_age_076,24
2024,21030600010007,in_age_072,27
2024,21030530020402,in_age_062,27
2024,21030680010102,in_age_076,11
2024,21030520010004,in_age_071,21
2024,21030570010003,in_age_072,18
2024,21030710020017,in_age_062,N/A
2024,21030510010009,in_age_063,6
2024,21030570010103,in_age_076,5
2024,21030710020015,in_age_068,16
2024,21030710020007,in_age_072,25
2024,21030700020101,in_age_078,N/A
2024,21030520010601,in_age_074,27
2024,21030520010005,in_age_077,13
2024,21030520010008,in_age_080,N/A
2024,21030510010009,in_age_067,40
2024,21030530010401,in_age_065,9
2024,21030700020002,in_age_068,10
2024,21030700010015,in_age_079,6
2024,21030560010002,in_age_076,23
2024,21030570010014,in_age_074,31
2024,21030680010203,in_age_080,N/A
2024,21030570010001,in_age_062,N/A
2024,21030700010002,in_age_063,N/A
2024,21030550010002,in_age_068,13
2024,21030680010204,in_age_073,16
2024,21030700010007,in_age_071,17
2024,21030660020002,in_age_076,N/A
2024,21030570010005,in_age_078,9
2024,21030550010004,in_age_062,N/A
2024,21030570010003,in_age_065,9
2024,21030680020001,in_age_067,5
2024,21030530020006,in_age_071,5
2024,21030710020014,in_age_071,22
2024,21030590010001,in_age_072,15
2024,21030700010002,in_age_065,N/A
2024,21030550010006,in_age_064,N/A
2024,21030550010002,in_age_063,6
2024,21030570010009,in_age_071,21
2024,21030530020402,in_age_074,11
2024,21030680010301,in_age_061,23
2024,21030560010003,in_age_076,24
2024,21030570010102,in_age_076,10
2024,21030510010007,in_age_073,27
2024,21030530010401,in_age_078,N/A
2024,21030530020001,in_age_067,9
2024,21030660030001,in_age_077,17
2024,21030710020011,in_age_061,N/A
2024,21030560010201,in_age_079,N/A
2024,21030680010201,in_age_075,7
2024,21030530010601,in_age_063,7
2024,21030700020101,in_age_067,73
2024,21030710010002,in_age_076,N/A
2024,21030660030002,in_age_077,10
2024,21030570010013,in_age_077,22
2024,21030700020002,in_age_062,N/A
2024,21030560010005,in_age_069,13
2024,21030520010008,in_age_072,21
2024,21030660040204,in_age_075,9
2024,21030570010005,in_age_069,8
2024,21030700010010,in_age_064,N/A
2024,21030680010102,in_age_073,18
2024,21030550010002,in_age_071,20
2024,21030680010102,in_age_072,17
2024,21030700020201,in_age_069,24
2024,21030560010201,in_age_076,26
2024,21030700010007,in_age_074,35
2024,21030680010205,in_age_074,21
2024,21030600010010,in_age_062,N/A
2024,21030660020001,in_age_068,18
2024,21030510010011,in_age_078,N/A
2024,21030680010302,in_age_073,23
2024,21030590010004,in_age_064,5
2024,21030520010005,in_age_072,16
2024,21030660040202,in_age_076,9
2024,21030700010016,in_age_077,5
2024,21030700010004,in_age_061,N/A
2024,21030590010006,in_age_070,8
2024,21030550010005,in_age_068,8
2024,21030710020010,in_age_068,8
2024,21030570010012,in_age_063,N/A
2024,21030700010003,in_age_076,23
2024,21030700010401,in_age_076,12
2024,21030550010009,in_age_069,10
2024,21030600010010,in_age_064,8
2024,21030710020005,in_age_074,27
2024,21030570010103,in_age_068,27
2024,21030710020012,in_age_076,11
2024,21030710010101,in_age_069,40
2024,21030510010008,in_age_077,N/A
2024,21030700020002,in_age_067,16
2024,21030660030101,in_age_072,10
2024,21030710020004,in_age_080,N/A
2024,21030680010201,in_age_076,6
2024,21030520010004,in_age_068,8
2024,21030700010011,in_age_073,32
2024,21030570010011,in_age_065,18
2024,21030520010010,in_age_073,15
2024,21030700010011,in_age_067,7
2024,21030710020015,in_age_077,11
2024,21030700010011,in_age_061,6
2024,21030570010004,in_age_075,31
2024,21030680010101,in_age_068,19
2024,21030560010001,in_age_070,15
2024,21030600010001,in_age_074,30
2024,21030520010005,in_age_068,N/A
2024,21030600010004,in_age_061,N/A
2024,21030530010901,in_age_069,16
2024,21030520010010,in_age_074,15
2024,21030570010006,in_age_078,6
2024,21030560010003,in_age_073,22
2024,21030710020007,in_age_063,6
2024,21030680020001,in_age_077,42
2024,21030510010001,in_age_065,15
2024,21030710010101,in_age_064,19
2024,21030550010009,in_age_080,N/A
2024,21030510010011,in_age_072,21
2024,21030680010204,in_age_069,41
2024,21030590010006,in_age_065,7
2024,21030710020012,in_age_063,6
2024,21030530020003,in_age_074,28
2024,21030520010010,in_age_077,10
2024,21030700010011,in_age_074,29
2024,21030710020014,in_age_080,N/A
2024,21030660020001,in_age_061,11
2024,21030570010010,in_age_076,21
2024,21030530020007,in_age_078,75
2024,21030700010009,in_age_062,N/A
2024,21030510010003,in_age_075,7
2024,21030700010402,in_age_068,6
2024,21030570010006,in_age_071,17
2024,21030710020017,in_age_074,46
2024,21030660030002,in_age_066,42
2024,21030710020018,in_age_065,16
2024,21030590010003,in_age_065,N/A
2024,21030510010002,in_age_073,26
2024,21030600010002,in_age_063,6
2024,21030710020018,in_age_071,16
2024,21030570010102,in_age_066,21
2024,21030510010002,in_age_067,5
2024,21030660040001,in_age_061,N/A
2024,21030710020008,in_age_064,10
2024,21030570010006,in_age_065,8
2024,21030550010009,in_age_078,8
2024,21030710020003,in_age_071,19
2024,21030550010008,in_age_070,19
2024,21030530020103,in_age_076,N/A
2024,21030700020002,in_age_077,13
2024,21030590010005,in_age_072,12
2024,21030600010007,in_age_068,N/A
2024,21030560010002,in_age_061,N/A
2024,21030530020402,in_age_064,12
2024,21030660030001,in_age_071,10
2024,21030700010013,in_age_074,39
2024,21030520010010,in_age_071,18
2024,21030710020002,in_age_075,30
2024,21030600010008,in_age_070,7
2024,21030710020001,in_age_065,10
2024,21030600010003,in_age_079,N/A
2024,21030560010003,in_age_069,17
2024,21030590010006,in_age_076,28
2024,21030530020101,in_age_073,20
2024,21030660040001,in_age_069,N/A
2024,21030590010007,in_age_074,28
2024,21030710020002,in_age_079,N/A
2024,21030570010009,in_age_063,6
2024,21030570010003,in_age_075,25
2024,21030710020003,in_age_075,19
2024,21030530020103,in_age_070,33
2024,21030700010006,in_age_075,22
2024,21030550010009,in_age_064,8
2024,21030700010003,in_age_062,7
2024,21030510010004,in_age_067,5
2024,21030680010203,in_age_065,11
2024,21030530020502,in_age_061,25
2024,21030530010501,in_age_062,17
2024,21030600010005,in_age_065,N/A
2024,21030710020012,in_age_067,8
2024,21030700010012,in_age_064,N/A
2024,21030530010002,in_age_068,13
2024,21030680010206,in_age_073,20
2024,21030710020017,in_age_068,9
2024,21030510010009,in_age_076,11
2024,21030700020101,in_age_061,36
2024,21030660020102,in_age_065,8
2024,21030700010006,in_age_063,5
2024,21030660020002,in_age_070,28
2024,21030570010013,in_age_070,7
2024,21030710020014,in_age_064,5
2024,21030710020006,in_age_071,8
2024,21030600010004,in_age_067,5
2024,21030530020504,in_age_065,7
2024,21030530020103,in_age_068,29
2024,21030680010302,in_age_075,20
2024,21030550010006,in_age_075,25
2024,21030560010201,in_age_063,15
2024,21030570010005,in_age_063,12
2024,21030560010006,in_age_075,19
2024,21030570010103,in_age_065,20
2024,21030510010006,in_age_075,13
2024,21030700010006,in_age_081,N/A
2024,21030520010003,in_age_071,17
2024,21030710020018,in_age_068,16
2024,21030680010206,in_age_062,22
2024,21030600010003,in_age_064,N/A
2024,21030680010207,in_age_078,N/A
2024,21030590010002,in_age_073,22
2024,21030590010007,in_age_079,N/A
2024,21030520010009,in_age_072,18
2024,21030570010014,in_age_072,22
2024,21030530020007,in_age_076,34
2024,21030550010010,in_age_064,8
2024,21030600010002,in_age_072,24
2024,21030590010007,in_age_078,7
2024,21030570010101,in_age_067,48
2024,21030550010007,in_age_066,9
2024,21030530020006,in_age_077,15
2024,21030570010002,in_age_073,34
2024,21030530020006,in_age_076,13
2024,21030520010002,in_age_077,8
2024,21030680010102,in_age_067,13
2024,21030530020504,in_age_071,19
2024,21030590010003,in_age_061,N/A
2024,21030560010003,in_age_061,5
2024,21030530020103,in_age_073,18
2024,21030510010008,in_age_067,26
2024,21030700010014,in_age_068,5
2024,21030550010003,in_age_075,15
2024,21030660040202,in_age_078,N/A
2024,21030710020007,in_age_061,N/A
2024,21030570010008,in_age_079,6
2024,21030520010009,in_age_062,N/A
2024,21030710020015,in_age_073,24
2024,21030710020017,in_age_063,N/A
2024,21030700010014,in_age_076,20
2024,21030710020014,in_age_077,9
2024,21030560010001,in_age_075,34
2024,21030590010004,in_age_077,33
2024,21030530010901,in_age_073,45
2024,21030530020004,in_age_076,10
2024,21030570010003,in_age_071,15
2024,21030510010005,in_age_076,24
2024,21030510010003,in_age_062,N/A
2024,21030550010009,in_age_068,14
2024,21030570010103,in_age_074,20
2024,21030660040204,in_age_070,13
2024,21030700010301,in_age_073,18
2024,21030660030001,in_age_076,19
2024,21030700020201,in_age_073,16
2024,21030510010005,in_age_067,14
2024,21030600010009,in_age_075,30
2024,21030520010002,in_age_064,N/A
2024,21030510010008,in_age_078,N/A
2024,21030520010006,in_age_076,14
2024,21030570010010,in_age_063,N/A
2024,21030550010002,in_age_076,23
2024,21030680010206,in_age_064,15
2024,21030710010002,in_age_072,N/A
2024,21030550010004,in_age_080,N/A
2024,21030660010003,in_age_069,11
2024,21030590010007,in_age_065,N/A
2024,21030550010008,in_age_080,N/A
2024,21030660040203,in_age_075,8
2024,21030560010201,in_age_075,23
2024,21030660020001,in_age_072,19
2024,21030700010004,in_age_062,N/A
2024,21030570010101,in_age_077,5
2024,21030710020010,in_age_064,N/A
2024,21030700010012,in_age_080,N/A
2024,21030700010016,in_age_067,7
2024,21030550010010,in_age_078,11
2024,21030570010006,in_age_066,14
2024,21030700010002,in_age_068,10
2024,21030600010008,in_age_078,7
2024,21030510010005,in_age_068,8
2024,21030560010201,in_age_071,35
2024,21030680010301,in_age_063,12
2024,21030710020007,in_age_076,27
2024,21030680010205,in_age_072,16
2024,21030560010004,in_age_078,9
2024,21030550010009,in_age_079,7
2024,21030700010006,in_age_068,9
2024,21030710020019,in_age_066,6
2024,21030710020019,in_age_076,32
2024,21030560010005,in_age_074,34
2024,21030520010002,in_age_070,13
2024,21030530010601,in_age_069,26
2024,21030710020016,in_age_078,N/A
2024,21030710020018,in_age_076,9
2024,21030710020008,in_age_073,25
2024,21030710020019,in_age_071,10
2024,21030700010007,in_age_073,25
2024,21030660020001,in_age_062,7
2024,21030700010012,in_age_066,11
2024,21030510010009,in_age_080,N/A
2024,21030510010001,in_age_075,18
2024,21030700010401,in_age_069,13
2024,21030530010401,in_age_064,17
2024,21030570010007,in_age_065,6
2024,21030600010006,in_age_064,5
2024,21030550010008,in_age_063,7
2024,21030660010002,in_age_078,9
2024,21030680010001,in_age_070,8
2024,21030560010002,in_age_069,14
2024,21030700010004,in_age_075,18
2024,21030520010002,in_age_074,16
2024,21030680010001,in_age_074,43
2024,21030710020002,in_age_076,17
2024,21030530020401,in_age_072,18
2024,21030520010009,in_age_080,N/A
2024,21030600010001,in_age_078,5
2024,21030700010005,in_age_080,N/A
2024,21030520010007,in_age_065,12
2024,21030560010003,in_age_062,6
2024,21030700010005,in_age_073,23
2024,21030560010201,in_age_072,27
2024,21030520010004,in_age_069,7
2024,21030530020101,in_age_070,23
2024,21030660040201,in_age_066,8
2024,21030600010005,in_age_063,N/A
2024,21030700010011,in_age_079,N/A
2024,21030560010005,in_age_071,21
2024,21030550010008,in_age_076,15
2024,21030590010007,in_age_071,14
2024,21030660040202,in_age_070,27
2024,21030560010004,in_age_069,13
2024,21030530020003,in_age_079,N/A
2024,21030520010601,in_age_065,11
2024,21030530020007,in_age_069,N/A
2024,21030700010009,in_age_068,5
2024,21030660010001,in_age_064,N/A
2024,21030680020001,in_age_079,N/A
2024,21030680010302,in_age_079,N/A
2024,21030530020004,in_age_070,14
2024,21030530020102,in_age_071,37
2024,21030560010004,in_age_070,14
2024,21030530020103,in_age_072,28
2024,21030700020101,in_age_063,6
2024,21030660020101,in_age_077,5
2024,21030530010901,in_age_079,N/A
2024,21030570010103,in_age_069,19
2024,21030700020101,in_age_076,N/A
2024,21030530010201,in_age_073,11
2024,21030710020002,in_age_071,18
2024,21030710020005,in_age_077,16
2024,21030700020201,in_age_064,9
2024,21030570010009,in_age_072,29
2024,21030530010002,in_age_074,N/A
2024,21030680010201,in_age_077,N/A
2024,21030550010004,in_age_072,17
2024,21030710020004,in_age_077,17
2024,21030520010006,in_age_070,9
2024,21030680010101,in_age_063,16
2024,21030660030002,in_age_076,14
2024,21030530020401,in_age_073,20
2024,21030680010202,in_age_073,15
2024,21030600010004,in_age_071,23
2024,21030710020006,in_age_070,10
2024,21030710020005,in_age_071,18
2024,21030560010004,in_age_073,17
2024,21030510010004,in_age_074,22
2024,21030600010007,in_age_070,14
2024,21030680010001,in_age_077,30
2024,21030590010007,in_age_068,9
2024,21030600010010,in_age_063,N/A
2024,21030660040204,in_age_074,19
2024,21030700020201,in_age_065,13
2024,21030530010002,in_age_067,24
2024,21030530010001,in_age_078,N/A
2024,21030710020019,in_age_069,N/A
2024,21030530020401,in_age_071,23
2024,21030680010206,in_age_069,26
2024,21030710020014,in_age_065,9
2024,21030700010015,in_age_062,9
2024,21030510010011,in_age_066,23
2024,21030600010006,in_age_081,N/A
2024,21030590010006,in_age_061,N/A
2024,21030550010005,in_age_076,25
2024,21030590010003,in_age_077,28
2024,21030550010004,in_age_077,15
2024,21030700020201,in_age_063,6
2024,21030550010002,in_age_072,25
2024,21030660010002,in_age_075,23
2024,21030530010201,in_age_074,8
2024,21030600010004,in_age_065,10
2024,21030700010016,in_age_069,12
2024,21030550010001,in_age_073,17
2024,21030680010101,in_age_062,14
2024,21030550010007,in_age_061,N/A
2024,21030550010003,in_age_076,25
2024,21030520010002,in_age_067,48
2024,21030590010005,in_age_065,5
2024,21030530020002,in_age_063,6
2024,21030510010001,in_age_061,N/A
2024,21030530010901,in_age_065,10
2024,21030680010204,in_age_066,23
2024,21030590010003,in_age_072,11
2024,21030520010006,in_age_074,20
2024,21030700010006,in_age_079,N/A
2024,21030560010004,in_age_076,19
2024,21030600010003,in_age_062,N/A
2024,21030660030002,in_age_078,13
2024,21030600010005,in_age_068,N/A
2024,21030570010009,in_age_062,10
2024,21030590010003,in_age_076,23
2024,21030710010101,in_age_063,16
2024,21030680010207,in_age_069,34
2024,21030700010004,in_age_070,22
2024,21030660010002,in_age_064,N/A
2024,21030520010007,in_age_072,23
2024,21030570010006,in_age_069,6
2024,21030570010002,in_age_066,8
2024,21030710020006,in_age_074,29
2024,21030710020003,in_age_074,16
2024,21030560010003,in_age_066,14
2024,21030530020501,in_age_071,17
2024,21030570010101,in_age_069,24
2024,21030590010001,in_age_076,26
2024,21030710020017,in_age_075,24
2024,21030700010007,in_age_078,12
2024,21030520010010,in_age_061,N/A
2024,21030530020501,in_age_074,12
2024,21030570010010,in_age_073,27
2024,21030680010205,in_age_077,N/A
2024,21030600010009,in_age_076,24
2024,21030510010001,in_age_070,18
2024,21030530020001,in_age_077,11
2024,21030520010001,in_age_069,19
2024,21030570010002,in_age_065,9
2024,21030700010009,in_age_079,N/A
2024,21030520010006,in_age_072,20
2024,21030560010006,in_age_078,7
2024,21030660010001,in_age_068,N/A
2024,21030570010006,in_age_073,17
2024,21030550010006,in_age_076,14
2024,21030570010013,in_age_075,29
2024,21030680010205,in_age_073,18
2024,21030590010006,in_age_079,N/A
2024,21030710020005,in_age_069,5
2024,21030510010008,in_age_072,17
2024,21030710020006,in_age_065,N/A
2024,21030590010002,in_age_065,8
2024,21030590010002,in_age_074,36
2024,21030550010002,in_age_078,12
2024,21030510010011,in_age_075,22
2024,21030710020016,in_age_064,5
2024,21030510010007,in_age_062,5
2024,21030700010401,in_age_073,26
2024,21030710020003,in_age_077,21
2024,21030570010008,in_age_071,12
2024,21030710020010,in_age_066,11
2024,21030660020001,in_age_076,18
2024,21030520010003,in_age_061,N/A
2024,21030590010005,in_age_074,23
2024,21030710020006,in_age_073,25
2024,21030660020101,in_age_067,14
2024,21030510010004,in_age_075,23
2024,21030530010201,in_age_070,13
2024,21030600010003,in_age_063,10
2024,21030520010010,in_age_066,46
2024,21030530010501,in_age_072,28
2024,21030700010402,in_age_069,12
2024,21030710020005,in_age_076,15
2024,21030520010009,in_age_066,11
2024,21030570010009,in_age_064,7
2024,21030660030001,in_age_062,N/A
2024,21030530010001,in_age_063,N/A
2024,21030510010007,in_age_075,36
2024,21030710020018,in_age_078,6
2024,21030560010004,in_age_068,N/A
2024,21030570010009,in_age_065,N/A
2024,21030710020006,in_age_079,N/A
2024,21030700010014,in_age_070,7
2024,21030530020006,in_age_079,32
2024,21030600010006,in_age_066,11
2024,21030710020013,in_age_072,14
2024,21030600010009,in_age_068,N/A
2024,21030700010008,in_age_074,32
2024,21030680010102,in_age_069,16
2024,21030550010004,in_age_079,N/A
2024,21030550010010,in_age_065,6
2024,21030550010001,in_age_070,10
2024,21030680010001,in_age_081,N/A
2024,21030710020008,in_age_062,N/A
2024,21030510010006,in_age_072,8
2024,21030710020010,in_age_073,27
2024,21030660040203,in_age_076,7
2024,21030710020004,in_age_069,11
2024,21030710010101,in_age_065,27
2024,21030700010005,in_age_070,9
2024,21030710020010,in_age_063,N/A
2024,21030700010011,in_age_078,11
2024,21030700010014,in_age_062,N/A
2024,21030710020009,in_age_072,13
2024,21030570010007,in_age_064,7
2024,21030710020016,in_age_075,21
2024,21030550010001,in_age_062,N/A
2024,21030590010004,in_age_061,N/A
2024,21030700010010,in_age_065,8
2024,21030660010001,in_age_076,15
2024,21030600010009,in_age_061,N/A
2024,21030530010001,in_age_061,N/A
2024,21030700010003,in_age_064,10
2024,21030710020013,in_age_078,9
2024,21030560010002,in_age_067,9
2024,21030590010001,in_age_077,18
2024,21030710020007,in_age_064,N/A
2024,21030530010001,in_age_071,21
2024,21030700010006,in_age_078,11
2024,21030700010301,in_age_071,27
2024,21030520010003,in_age_064,N/A
2024,21030520010001,in_age_063,N/A
2024,21030570010007,in_age_074,20
2024,21030550010007,in_age_069,14
2024,21030700020201,in_age_061,22
2024,21030710020002,in_age_065,5
2024,21030510010004,in_age_068,N/A
2024,21030700010003,in_age_078,9
2024,21030710020009,in_age_071,13
2024,21030680010206,in_age_065,11
2024,21030700010016,in_age_072,19
2024,21030680010206,in_age_077,N/A
2024,21030680020001,in_age_081,N/A
2024,21030680010205,in_age_067,54
2024,21030520010004,in_age_066,20
2024,21030600010004,in_age_077,10
2024,21030680010205,in_age_076,5
2024,21030660040204,in_age_067,9
2024,21030700010001,in_age_081,N/A
2024,21030660040201,in_age_065,N/A
2024,21030530020503,in_age_077,N/A
2024,21030700020002,in_age_070,7
2024,21030520010201,in_age_075,11
2024,21030570010001,in_age_079,5
2024,21030680020001,in_age_071,15
2024,21030560010001,in_age_061,N/A
2024,21030530020007,in_age_068,N/A
2024,21030710020001,in_age_062,N/A
2024,21030570010002,in_age_063,8
2024,21030530010401,in_age_072,35
2024,21030710020004,in_age_075,20
2024,21030710020016,in_age_077,10
2024,21030530020102,in_age_072,30
2024,21030680020001,in_age_068,N/A
2024,21030510010001,in_age_062,N/A
2024,21030570010003,in_age_069,17
2024,21030710020009,in_age_077,17
2024,21030570010001,in_age_068,11
2024,21030550010008,in_age_066,8
2024,21030550010001,in_age_077,16
2024,21030680010102,in_age_065,7
2024,21030600010002,in_age_075,21
2024,21030600010004,in_age_073,20
2024,21030530020401,in_age_061,12
2024,21030550010007,in_age_074,28
2024,21030530020402,in_age_076,N/A
2024,21030570010005,in_age_074,38
2024,21030700010401,in_age_071,22
2024,21030550010005,in_age_062,8
2024,21030530020401,in_age_069,36
2024,21030660040201,in_age_078,N/A
2024,21030570010001,in_age_072,14
2024,21030680010204,in_age_062,18
2024,21030660040203,in_age_061,13
2024,21030700010003,in_age_067,6
2024,21030520010006,in_age_067,17
2024,21030710020004,in_age_071,13
2024,21030520010008,in_age_063,N/A
2024,21030550010005,in_age_075,36
2024,21030570010011,in_age_075,24
2024,21030660020002,in_age_061,N/A
2024,21030520010201,in_age_066,13
2024,21030510010003,in_age_074,12
2024,21030680010207,in_age_074,14
2024,21030510010002,in_age_065,N/A
2024,21030550010003,in_age_067,6
2024,21030590010001,in_age_069,N/A
2024,21030550010007,in_age_065,N/A
2024,21030530020002,in_age_073,21
2024,21030590010005,in_age_073,26
2024,21030700010011,in_age_075,24
2024,21030680010207,in_age_067,41
2024,21030520010001,in_age_076,17
2024,21030700010002,in_age_064,N/A
2024,21030550010008,in_age_073,22
2024,21030700010001,in_age_065,9
2024,21030710020006,in_age_067,12
2024,21030520010601,in_age_064,N/A
2024,21030570010007,in_age_072,27
2024,21030680010207,in_age_071,35
2024,21030710020013,in_age_076,12
2024,21030710010101,in_age_071,53
2024,21030680010102,in_age_078,N/A
2024,21030510010010,in_age_079,N/A
2024,21030710020014,in_age_069,10
2024,21030710020015,in_age_067,35
2024,21030680010204,in_age_063,11
2024,21030700020201,in_age_077,N/A
2024,21030700010016,in_age_080,N/A
2024,21030510010010,in_age_065,N/A
2024,21030680020001,in_age_063,N/A
2024,21030710020009,in_age_081,N/A
2024,21030680010202,in_age_067,79
2024,21030710020008,in_age_074,30
2024,21030680010205,in_age_068,44
2024,21030600010004,in_age_070,18
2024,21030700010012,in_age_076,21
2024,21030550010006,in_age_067,8
2024,21030550010006,in_age_078,14
2024,21030530020501,in_age_069,45
2024,21030530020005,in_age_075,13
2024,21030660010001,in_age_067,15
2024,21030710020007,in_age_062,7
2024,21030600010010,in_age_065,6
2024,21030700010003,in_age_066,7
2024,21030570010008,in_age_068,N/A
2024,21030570010007,in_age_077,13
2024,21030510010009,in_age_070,18
2024,21030660010002,in_age_068,8
2024,21030710020002,in_age_074,28
2024,21030710020003,in_age_073,36
2024,21030700010007,in_age_072,16
2024,21030680010001,in_age_079,N/A
2024,21030560010003,in_age_071,22
2024,21030660040203,in_age_078,N/A
2024,21030660030002,in_age_072,23
2024,21030570010010,in_age_074,27
2024,21030520010006,in_age_068,11
2024,21030530020503,in_age_073,13
2024,21030570010101,in_age_064,N/A
2024,21030700010012,in_age_078,6
2024,21030660040203,in_age_074,11
2024,21030530020002,in_age_065,9
2024,21030570010004,in_age_071,13
2024,21030680020001,in_age_073,18
2024,21030530010001,in_age_065,11
2024,21030600010007,in_age_077,24
2024,21030700010009,in_age_064,7
2024,21030660020002,in_age_067,43
2024,21030570010003,in_age_077,16
2024,21030600010004,in_age_066,12
2024,21030710020009,in_age_063,N/A
2024,21030560010201,in_age_067,13
2024,21030700010016,in_age_073,25
2024,21030530010001,in_age_070,20
2024,21030660030101,in_age_078,N/A
2024,21030570010002,in_age_078,5
2024,21030700010010,in_age_079,N/A
2024,21030700010001,in_age_073,7
2024,21030680010001,in_age_078,23
2024,21030530020101,in_age_074,21
2024,21030680010203,in_age_076,7
2024,21030520010201,in_age_076,10
2024,21030550010004,in_age_076,21
2024,21030590010003,in_age_067,7
2024,21030700020002,in_age_063,N/A
2024,21030710020013,in_age_066,30
2024,21030530020501,in_age_064,13
2024,21030660010002,in_age_073,36
2024,21030710020006,in_age_068,5
2024,21030680010203,in_age_061,29
2024,21030530020002,in_age_067,15
2024,21030530020001,in_age_069,18
2024,21030530020007,in_age_079,39
2024,21030660020101,in_age_066,10
2024,21030530010601,in_age_064,10
2024,21030530020502,in_age_065,N/A
2024,21030520010001,in_age_062,N/A
2024,21030570010102,in_age_061,19
2024,21030510010003,in_age_063,N/A
2024,21030700010013,in_age_067,N/A
2024,21030660040202,in_age_061,10
2024,21030530010901,in_age_075,28
2024,21030710020007,in_age_069,11
2024,21030660020101,in_age_063,7
2024,21030530020102,in_age_077,N/A
2024,21030600010002,in_age_077,27
2024,21030700010015,in_age_074,29
2024,21030710020019,in_age_079,16
2024,21030680010202,in_age_063,14
2024,21030710010101,in_age_070,34
2024,21030680010202,in_age_070,26
2024,21030700010012,in_age_071,13
2024,21030570010012,in_age_067,12
2024,21030700010001,in_age_066,13
2024,21030550010002,in_age_070,17
2024,21030590010004,in_age_076,45
2024,21030570010102,in_age_063,N/A
2024,21030710020011,in_age_069,11
2024,21030700010001,in_age_076,24
2024,21030660040202,in_age_077,8
2024,21030510010009,in_age_079,N/A
2024,21030570010007,in_age_071,16
2024,21030700020002,in_age_065,20
2024,21030680010202,in_age_074,10
2024,21030660020102,in_age_077,N/A
2024,21030550010004,in_age_071,15
2024,21030600010008,in_age_068,N/A
2024,21030700010301,in_age_070,17
2024,21030570010004,in_age_077,16
2024,21030520010004,in_age_073,23
2024,21030530010401,in_age_071,35
2024,21030680010204,in_age_077,N/A
2024,21030510010002,in_age_071,13
2024,21030520010201,in_age_073,11
2024,21030600010006,in_age_067,5
2024,21030510010009,in_age_078,N/A
2024,21030520010006,in_age_062,N/A
2024,21030530020402,in_age_079,N/A
2024,21030520010003,in_age_072,13
2024,21030570010012,in_age_062,N/A
2024,21030550010005,in_age_067,11
2024,21030710020002,in_age_062,N/A
2024,21030570010102,in_age_078,N/A
2024,21030660040203,in_age_068,13
2024,21030520010008,in_age_078,12
2024,21030510010003,in_age_064,N/A
2024,21030660040204,in_age_079,N/A
2024,21030560010006,in_age_074,30
2024,21030570010006,in_age_074,31
2024,21030570010006,in_age_063,N/A
2024,21030660020101,in_age_071,26
2024,21030710020006,in_age_077,26
2024,21030710020014,in_age_068,6
2024,21030700010009,in_age_061,N/A
2024,21030710020004,in_age_079,N/A
2024,21030590010006,in_age_063,N/A
2024,21030570010102,in_age_068,28
2024,21030700010010,in_age_068,6
2024,21030570010006,in_age_079,N/A
2024,21030520010003,in_age_065,8
2024,21030600010008,in_age_069,10
2024,21030700010401,in_age_068,N/A
2024,21030600010009,in_age_077,9
2024,21030710020006,in_age_069,9
2024,21030700010003,in_age_065,9
2024,21030570010103,in_age_071,35
2024,21030530010601,in_age_071,22
2024,21030530010001,in_age_072,23
2024,21030520010601,in_age_068,7
2024,21030520010001,in_age_066,19
2024,21030660030101,in_age_075,5
2024,21030660020002,in_age_071,15
2024,21030710020005,in_age_079,N/A
2024,21030530010201,in_age_067,72
2024,21030660030001,in_age_079,N/A
2024,21030680010204,in_age_078,N/A
2024,21030680010204,in_age_079,N/A
2024,21030710020001,in_age_074,38
2024,21030570010009,in_age_079,N/A
2024,21030520010009,in_age_069,13
2024,21030700010011,in_age_069,10
2024,21030700010005,in_age_071,21
2024,21030550010009,in_age_071,27
2024,21030710020004,in_age_078,13
2024,21030710020010,in_age_079,N/A
2024,21030560010006,in_age_062,N/A
2024,21030570010005,in_age_067,12
2024,21030530020004,in_age_067,17
2024,21030680010101,in_age_074,24
2024,21030530010002,in_age_065,28
2024,21030710020001,in_age_077,16
2024,21030570010001,in_age_071,17
2024,21030530020101,in_age_068,53
2024,21030570010008,in_age_077,14
2024,21030710020015,in_age_075,16
2024,21030700010001,in_age_069,5
2024,21030700010015,in_age_071,23
2024,21030660020101,in_age_069,21
2024,21030700010402,in_age_066,11
2024,21030700010013,in_age_071,28
2024,21030510010007,in_age_076,25
2024,21030570010012,in_age_076,20
2024,21030510010007,in_age_074,38
2024,21030700010011,in_age_076,31
2024,21030510010008,in_age_069,18
2024,21030530020402,in_age_070,18
2024,21030600010008,in_age_061,N/A
2024,21030560010005,in_age_070,16
2024,21030510010003,in_age_077,5
2024,21030550010005,in_age_080,N/A
2024,21030600010009,in_age_063,N/A
2024,21030710020003,in_age_065,5
2024,21030590010002,in_age_079,N/A
2024,21030710020010,in_age_076,24
2024,21030530020502,in_age_072,16
2024,21030700020201,in_age_072,21
2024,21030530010501,in_age_071,34
2024,21030530020502,in_age_064,9
2024,21030710020011,in_age_068,12
2024,21030700010008,in_age_070,18
2024,21030680010301,in_age_079,N/A
2024,21030510010009,in_age_077,8
2024,21030520010010,in_age_067,47
2024,21030560010006,in_age_064,5
2024,21030570010010,in_age_075,19
2024,21030680010102,in_age_066,12
2024,21030510010007,in_age_069,7
2024,21030520010001,in_age_073,33
2024,21030700010001,in_age_074,12
2024,21030550010010,in_age_063,7
2024,21030550010008,in_age_062,N/A
2024,21030700010016,in_age_062,N/A
2024,21030570010007,in_age_075,11
2024,21030550010001,in_age_079,5
2024,21030700020201,in_age_075,7
2024,21030570010001,in_age_061,N/A
2024,21030550010001,in_age_065,12
2024,21030590010006,in_age_077,14
2024,21030570010010,in_age_079,N/A
2024,21030700010011,in_age_062,N/A
2024,21030700010005,in_age_066,9
2024,21030700010016,in_age_071,17
2024,21030700010401,in_age_063,N/A
2024,21030510010003,in_age_078,N/A
2024,21030710020003,in_age_069,N/A
2024,21030710020017,in_age_071,17
2024,21030510010006,in_age_067,15
2024,21030680010207,in_age_062,17
2024,21030680010301,in_age_071,23
2024,21030530010001,in_age_074,14
2024,21030570010001,in_age_064,5
2024,21030570010012,in_age_066,14
2024,21030570010005,in_age_073,30
2024,21030710020017,in_age_073,34
2024,21030550010010,in_age_062,N/A
2024,21030510010004,in_age_076,20
2024,21030710020018,in_age_062,N/A
2024,21030530020005,in_age_065,6
2024,21030660040202,in_age_072,36
2024,21030700020201,in_age_071,27
2024,21030510010006,in_age_068,16
2024,21030510010009,in_age_065,23
2024,21030550010008,in_age_071,18
2024,21030710010101,in_age_062,10
2024,21030710020016,in_age_061,N/A
2024,21030710020019,in_age_065,N/A
2024,21030590010005,in_age_077,34
2024,21030550010001,in_age_078,10
2024,21030530020401,in_age_063,16
2024,21030700010015,in_age_078,13
2024,21030510010002,in_age_079,N/A
2024,21030660020102,in_age_066,6
2024,21030600010007,in_age_067,13
2024,21030700020201,in_age_070,19
2024,21030700010401,in_age_066,12
2024,21030550010010,in_age_076,29
2024,21030660020102,in_age_076,6
2024,21030660010001,in_age_070,11
2024,21030530020001,in_age_078,8
2024,21030700010008,in_age_072,20
2024,21030700020101,in_age_074,18
2024,21030560010005,in_age_073,22
2024,21030600010001,in_age_070,13
2024,21030570010101,in_age_063,7
2024,21030680010001,in_age_075,47
2024,21030590010003,in_age_063,N/A
2024,21030560010201,in_age_065,22
2024,21030510010005,in_age_071,17
2024,21030680010102,in_age_071,20
2024,21030560010006,in_age_080,N/A
2024,21030520010004,in_age_062,N/A
2024,21030570010101,in_age_070,26
2024,21030660040203,in_age_066,12
2024,21030530020504,in_age_075,8
2024,21030570010102,in_age_075,14
2024,21030700020002,in_age_073,16
2024,21030530020003,in_age_064,8
2024,21030600010005,in_age_072,16
2024,21030700020101,in_age_077,12
2024,21030700020201,in_age_068,23
2024,21030520010010,in_age_069,31
2024,21030530020005,in_age_072,13
2024,21030710020014,in_age_066,10
2024,21030700010005,in_age_077,18
2024,21030660030001,in_age_068,12
2024,21030570010011,in_age_062,N/A
2024,21030550010005,in_age_070,27
2024,21030530020103,in_age_074,15
2024,21030700020101,in_age_068,53
2024,21030700010013,in_age_079,N/A
2024,21030680010205,in_age_062,18
2024,21030700010006,in_age_066,20
2024,21030590010004,in_age_075,26
2024,21030530020401,in_age_074,16
2024,21030680010101,in_age_079,N/A
2024,21030550010001,in_age_064,N/A
2024,21030590010005,in_age_075,18
2024,21030700010014,in_age_077,13
2024,21030520010201,in_age_063,7
2024,21030700010002,in_age_072,29
2024,21030550010008,in_age_077,19
2024,21030660040001,in_age_066,N/A
2024,21030700010004,in_age_068,15
2024,21030570010004,in_age_067,12
2024,21030710020001,in_age_079,N/A
2024,21030520010007,in_age_078,8
2024,21030700010003,in_age_068,6
2024,21030680020001,in_age_075,24
2024,21030530010002,in_age_069,10
2024,21030530020005,in_age_068,27
2024,21030600010008,in_age_076,21
2024,21030560010201,in_age_070,30
2024,21030600010007,in_age_078,11
2024,21030700010001,in_age_079,29
2024,21030600010006,in_age_063,7
2024,21030700010003,in_age_073,30
2024,21030520010006,in_age_064,N/A
2024,21030530010601,in_age_067,36
2024,21030710020008,in_age_076,6
2024,21030510010003,in_age_076,11
2024,21030550010006,in_age_068,N/A
2024,21030710020006,in_age_066,9
2024,21030680020001,in_age_080,N/A
2024,21030530020504,in_age_067,18
2024,21030520010005,in_age_070,8
2024,21030550010007,in_age_072,15
2024,21030660010003,in_age_068,7
2024,21030680010001,in_age_066,10
2024,21030680010301,in_age_076,6
2024,21030660020001,in_age_077,6
2024,21030570010004,in_age_068,5
2024,21030510010010,in_age_073,20
2024,21030660020101,in_age_076,8
2024,21030510010005,in_age_069,15
2024,21030520010006,in_age_066,15
2024,21030530020504,in_age_064,9
2024,21030520010001,in_age_068,20
2024,21030570010005,in_age_064,N/A
2024,21030590010003,in_age_071,16
2024,21030520010201,in_age_061,N/A
2024,21030710020011,in_age_072,22
2024,21030700010301,in_age_078,N/A
2024,21030530010601,in_age_062,8
2024,21030530020007,in_age_075,17
2024,21030520010001,in_age_064,9
2024,21030710020001,in_age_080,N/A
2024,21030570010010,in_age_071,21
2024,21030560010003,in_age_077,10
2024,21030550010001,in_age_068,N/A
2024,21030520010010,in_age_079,N/A
2024,21030550010008,in_age_074,33
2024,21030550010005,in_age_073,17
2024,21030680010301,in_age_068,32
2024,21030590010005,in_age_067,6
2024,21030700010014,in_age_079,N/A
2024,21030710020004,in_age_073,23
2024,21030660020002,in_age_069,25
2024,21030590010003,in_age_069,9
2024,21030570010012,in_age_061,N/A
2024,21030530020501,in_age_068,40
2024,21030710020015,in_age_078,N/A
2024,21030570010011,in_age_068,9
2024,21030510010002,in_age_062,5
2024,21030550010009,in_age_075,29
2024,21030680010205,in_age_063,6
2024,21030550010004,in_age_063,N/A
2024,21030570010001,in_age_078,6
2024,21030710020019,in_age_080,6
2024,21030570010007,in_age_070,16
2024,21030600010009,in_age_066,6
2024,21030510010003,in_age_073,9
2024,21030700010005,in_age_078,11
2024,21030600010008,in_age_071,13
2024,21030680010205,in_age_078,N/A
2024,21030590010002,in_age_076,27
2024,21030530020005,in_age_066,43
2024,21030570010013,in_age_071,12
2024,21030570010004,in_age_074,24
2024,21030660040001,in_age_079,N/A
2024,21030680020001,in_age_061,N/A
2024,21030560010003,in_age_072,17
2024,21030700010012,in_age_068,12
2024,21030530010501,in_age_068,25
2024,21030510010002,in_age_064,N/A
2024,21030660020102,in_age_069,8
2024,21030600010007,in_age_069,12
2024,21030570010004,in_age_064,6
2024,21030710020012,in_age_079,N/A
2024,21030510010011,in_age_062,6
2024,21030560010005,in_age_072,19
2024,21030600010002,in_age_066,11
2024,21030710020016,in_age_074,28
2024,21030660040001,in_age_073,9
2024,21030530010501,in_age_076,11
2024,21030530020005,in_age_064,N/A
2024,21030510010001,in_age_079,N/A
2024,21030570010003,in_age_067,N/A
2024,21030600010001,in_age_067,6
2024,21030700010013,in_age_075,27
2024,21030570010007,in_age_062,N/A
2024,21030530020401,in_age_068,35
2024,21030600010006,in_age_068,7
2024,21030550010005,in_age_063,10
2024,21030570010101,in_age_075,9
2024,21030560010003,in_age_064,11
2024,21030660020002,in_age_065,22
2024,21030560010004,in_age_065,9
2024,21030710020010,in_age_074,39
2024,21030600010004,in_age_063,N/A
2024,21030710020007,in_age_079,N/A
2024,21030570010008,in_age_072,16
2024,21030530010201,in_age_066,111
2024,21030570010014,in_age_073,31
2024,21030700010008,in_age_062,N/A
2024,21030550010009,in_age_074,36
2024,21030710020003,in_age_070,9
2024,21030530020101,in_age_079,N/A
2024,21030680010202,in_age_062,11
2024,21030520010007,in_age_079,6
2024,21030700010301,in_age_063,10
2024,21030560010005,in_age_062,N/A
2024,21030560010004,in_age_074,22
2024,21030700010002,in_age_079,N/A
2024,21030520010601,in_age_070,20
2024,21030600010003,in_age_067,9
2024,21030530020007,in_age_070,N/A
2024,21030700010001,in_age_061,N/A
2024,21030590010001,in_age_064,6
2024,21030660030101,in_age_063,N/A
2024,21030570010012,in_age_079,N/A
2024,21030710020018,in_age_067,42
2024,21030530020502,in_age_062,13
2024,21030700010013,in_age_066,12
2024,21030590010001,in_age_068,N/A
2024,21030550010003,in_age_069,6
2024,21030660040204,in_age_073,19
2024,21030710020009,in_age_069,8
2024,21030700010402,in_age_077,8
2024,21030710020004,in_age_072,27
2024,21030570010014,in_age_064,N/A
2024,21030680010302,in_age_062,12
2024,21030700010012,in_age_063,5
2024,21030590010004,in_age_074,29
2024,21030530020007,in_age_072,N/A
2024,21030660030001,in_age_061,N/A
2024,21030700010402,in_age_070,11
2024,21030660020102,in_age_079,N/A
2024,21030700010001,in_age_071,8
2024,21030660030001,in_age_063,5
2024,21030550010008,in_age_075,33
2024,21030660030001,in_age_066,11
2024,21030530020006,in_age_069,9
2024,21030530020401,in_age_064,17
2024,21030530020001,in_age_062,N/A
2024,21030600010006,in_age_078,8
2024,21030660020001,in_age_075,22
2024,21030560010003,in_age_074,27
2024,21030700010402,in_age_076,10
2024,21030590010006,in_age_073,20
2024,21030710020018,in_age_070,13
2024,21030570010102,in_age_067,32
2024,21030700010004,in_age_067,26
2024,21030520010601,in_age_071,14
2024,21030700010002,in_age_075,32
2024,21030590010005,in_age_063,N/A
2024,21030590010006,in_age_069,7
2024,21030510010007,in_age_066,7
2024,21030660040203,in_age_065,N/A
2024,21030700010301,in_age_076,9
2024,21030700010003,in_age_061,N/A
2024,21030530010401,in_age_076,14
2024,21030710020007,in_age_074,40
2024,21030530020005,in_age_077,5
2024,21030570010004,in_age_076,24
2024,21030600010003,in_age_068,N/A
2024,21030570010008,in_age_067,11
2024,21030660010003,in_age_077,21
2024,21030710020005,in_age_072,28
2024,21030570010011,in_age_078,9
2024,21030660030002,in_age_081,N/A
2024,21030700020101,in_age_066,26
2024,21030570010005,in_age_065,9
2024,21030600010002,in_age_076,32
2024,21030550010010,in_age_073,31
2024,21030710020001,in_age_075,27
2024,21030680010302,in_age_076,5
2024,21030600010007,in_age_080,N/A
2024,21030570010013,in_age_073,37
2024,21030600010009,in_age_069,11
2024,21030520010005,in_age_076,17
2024,21030530020005,in_age_061,N/A
2024,21030590010002,in_age_066,19
2024,21030510010001,in_age_076,21
2024,21030710020016,in_age_067,12
2024,21030570010014,in_age_077,9
2024,21030660020002,in_age_078,N/A
2024,21030530020103,in_age_062,17
2024,21030680010204,in_age_080,N/A
2024,21030530010401,in_age_074,27
2024,21030530020101,in_age_077,5
2024,21030660030101,in_age_064,N/A
2024,21030560010005,in_age_079,N/A
2024,21030710020002,in_age_066,6
2024,21030710020012,in_age_062,N/A
2024,21030510010004,in_age_070,12
2024,21030570010101,in_age_079,N/A
2024,21030550010004,in_age_068,7
2024,21030510010001,in_age_077,17
2024,21030510010006,in_age_074,12
2024,21030570010014,in_age_076,21
2024,21030660010003,in_age_074,38
2024,21030530020003,in_age_071,18
2024,21030680010001,in_age_072,23
2024,21030550010004,in_age_073,27
2024,21030700010016,in_age_075,24
2024,21030530010501,in_age_066,10
2024,21030570010008,in_age_070,14
2024,21030520010007,in_age_068,11
2024,21030510010006,in_age_062,7
2024,21030710020014,in_age_070,8
2024,21030570010001,in_age_074,30
2024,21030550010004,in_age_078,9
2024,21030590010001,in_age_078,12
2024,21030510010004,in_age_078,N/A
2024,21030710020016,in_age_066,8
2024,21030660010001,in_age_072,17
2024,21030510010001,in_age_072,26
2024,21030700010301,in_age_064,6
2024,21030660040204,in_age_077,5
2024,21030680010206,in_age_063,11
2024,21030660040203,in_age_069,20
2024,21030600010005,in_age_077,16
2024,21030680010203,in_age_067,48
2024,21030510010002,in_age_069,10
2024,21030550010007,in_age_078,13
2024,21030510010002,in_age_078,5
2024,21030660010003,in_age_065,N/A
2024,21030660020001,in_age_063,N/A
2024,21030510010007,in_age_072,24
2024,21030710020004,in_age_066,12
2024,21030570010007,in_age_066,9
2024,21030710020014,in_age_075,30
2024,21030510010010,in_age_066,13
2024,21030710020005,in_age_062,N/A
2024,21030710020008,in_age_063,7
2024,21030560010001,in_age_068,7
2024,21030680010302,in_age_071,41
2024,21030520010008,in_age_074,25
2024,21030660040201,in_age_076,7
2024,21030710020001,in_age_072,17
2024,21030530020103,in_age_064,13
2024,21030680010206,in_age_070,26
2024,21030560010001,in_age_076,33
2024,21030560010001,in_age_067,19
2024,21030660040001,in_age_064,N/A
2024,21030570010101,in_age_078,N/A
2024,21030660010002,in_age_079,N/A
2024,21030660010001,in_age_079,N/A
2024,21030700010010,in_age_070,12
2024,21030710020009,in_age_065,N/A
2024,21030510010011,in_age_074,21
2024,21030710020002,in_age_064,N/A
2024,21030560010006,in_age_063,N/A
2024,21030550010003,in_age_070,16
2024,21030710020015,in_age_065,6
2024,21030510010011,in_age_061,N/A
2024,21030700010002,in_age_066,11
2024,21030560010006,in_age_069,6
2024,21030660040203,in_age_077,5
2024,21030710020003,in_age_068,7
2024,21030520010010,in_age_068,37
2024,21030530020005,in_age_076,7
2024,21030710020001,in_age_071,20
2024,21030680010101,in_age_071,23
2024,21030510010004,in_age_065,6
2024,21030590010004,in_age_062,N/A
2024,21030550010008,in_age_078,8
2024,21030560010002,in_age_065,8
2024,21030570010001,in_age_077,9
2024,21030600010010,in_age_068,8
2024,21030530020503,in_age_074,12
2024,21030660010001,in_age_069,N/A
2024,21030600010010,in_age_076,22
2024,21030550010005,in_age_077,13
2024,21030660030001,in_age_075,21
2024,21030680010302,in_age_074,21
2024,21030600010005,in_age_076,21
2024,21030700010402,in_age_065,7
2024,21030530020001,in_age_061,N/A
2024,21030700010013,in_age_061,N/A
2024,21030710020017,in_age_069,5
2024,21030570010012,in_age_071,27
2024,21030700010401,in_age_067,6
2024,21030530020401,in_age_078,6
2024,21030700010009,in_age_075,25
2024,21030700010015,in_age_073,39
2024,21030570010003,in_age_079,N/A
2024,21030700010014,in_age_080,N/A
2024,21030510010008,in_age_076,N/A
2024,21030520010201,in_age_071,13
2024,21030550010004,in_age_064,10
2024,21030570010103,in_age_073,37
2024,21030510010003,in_age_061,N/A
2024,21030530020402,in_age_071,15
2024,21030550010005,in_age_061,N/A
2024,21030590010005,in_age_078,18
2024,21030550010004,in_age_065,N/A
2024,21030570010103,in_age_062,12
2024,21030590010007,in_age_073,25
2024,21030530010001,in_age_066,16
2024,21030530010601,in_age_070,30
2024,21030570010010,in_age_066,20
2024,21030520010005,in_age_064,N/A
2024,21030520010009,in_age_068,9
2024,21030520010001,in_age_067,16
2024,21030550010008,in_age_072,21
2024,21030700020101,in_age_065,14
2024,21030510010001,in_age_063,8
2024,21030660020002,in_age_074,14
2024,21030660040204,in_age_061,8
2024,21030530020103,in_age_063,16
2024,21030550010006,in_age_070,11
2024,21030660010003,in_age_075,32
2024,21030560010002,in_age_068,12
2024,21030700010006,in_age_073,31
2024,21030520010001,in_age_071,16
2024,21030660010001,in_age_078,7
2024,21030530020001,in_age_072,14
2024,21030700020002,in_age_079,N/A
2024,21030570010014,in_age_066,8
2024,21030570010002,in_age_071,19
2024,21030680010101,in_age_065,7
2024,21030530010201,in_age_076,N/A
2024,21030700010005,in_age_064,11
2024,21030550010006,in_age_072,21
2024,21030710020017,in_age_079,5
2024,21030710020015,in_age_070,10
2024,21030510010008,in_age_074,8
2024,21030560010201,in_age_068,15
2024,21030680010206,in_age_076,7
2024,21030660030002,in_age_073,25
2024,21030530010501,in_age_077,7
2024,21030530020502,in_age_074,7
2024,21030510010010,in_age_075,16
2024,21030520010003,in_age_068,8
2024,21030660020001,in_age_080,N/A
2024,21030520010006,in_age_077,10
2024,21030710020007,in_age_071,11
2024,21030680010204,in_age_072,21
2024,21030590010004,in_age_069,8
2024,21030590010003,in_age_066,N/A
2024,21030530010901,in_age_063,N/A
2024,21030710020012,in_age_075,32
2024,21030570010004,in_age_072,18
2024,21030550010006,in_age_063,N/A
2024,21030530020002,in_age_068,11
2024,21030600010001,in_age_076,21
2024,21030600010006,in_age_071,12
2024,21030700010008,in_age_075,21
2024,21030520010003,in_age_067,12
2024,21030550010001,in_age_074,28
2024,21030530020503,in_age_071,18
2024,21030700010011,in_age_063,5
2024,21030520010601,in_age_079,N/A
2024,21030520010005,in_age_066,11
2024,21030510010002,in_age_076,11
2024,21030590010006,in_age_078,N/A
2024,21030590010004,in_age_080,N/A
2024,21030710020011,in_age_067,7
2024,21030590010001,in_age_065,8
2024,21030700010401,in_age_070,8
2024,21030700010012,in_age_075,23
2024,21030660010003,in_age_070,14
2024,21030700010014,in_age_072,20
2024,21030700010007,in_age_076,26
2024,21030700010010,in_age_062,N/A
2024,21030710020003,in_age_080,N/A
2024,21030600010010,in_age_071,16
2024,21030510010004,in_age_071,15
2024,21030550010006,in_age_071,10
2024,21030590010005,in_age_070,5
2024,21030570010103,in_age_072,27
2024,21030700010002,in_age_073,32
2024,21030530020401,in_age_075,11
2024,21030550010003,in_age_072,13
2024,21030510010007,in_age_070,22
2024,21030510010006,in_age_073,16
2024,21030700010008,in_age_063,6
2024,21030710020013,in_age_073,21
2024,21030520010006,in_age_065,7
2024,21030530020501,in_age_077,N/A
2024,21030700010011,in_age_066,7
2024,21030530020003,in_age_065,9
2024,21030680010001,in_age_068,5
2024,21030700010003,in_age_069,12
2024,21030660010003,in_age_076,19
2024,21030600010009,in_age_072,20
2024,21030570010102,in_age_065,19
2024,21030520010007,in_age_076,20
2024,21030530020004,in_age_077,11
2024,21030710020011,in_age_079,N/A
2024,21030530010901,in_age_077,8
2024,21030660040204,in_age_066,11
2024,21030660010002,in_age_071,7
2024,21030570010009,in_age_069,17
2024,21030660040202,in_age_073,41
2024,21030710020012,in_age_061,N/A
2024,21030530020402,in_age_078,N/A
2024,21030700010015,in_age_061,N/A
2024,21030700020002,in_age_069,13
2024,21030660020001,in_age_073,22
2024,21030550010006,in_age_062,N/A
2024,21030530010601,in_age_074,7
2024,21030520010006,in_age_078,6
2024,21030660040202,in_age_071,25
2024,21030570010103,in_age_066,16
2024,21030700010011,in_age_064,5
2024,21030530020002,in_age_064,7
2024,21030510010008,in_age_063,N/A
2024,21030570010002,in_age_067,5
2024,21030570010008,in_age_063,5
2024,21030570010101,in_age_071,29
2024,21030700020002,in_age_066,31
2024,21030680010205,in_age_071,32
2024,21030520010003,in_age_066,8
2024,21030600010002,in_age_061,N/A
2024,21030530020006,in_age_065,30
2024,21030700010402,in_age_073,22
2024,21030530010501,in_age_067,21
2024,21030710020012,in_age_064,N/A
2024,21030570010005,in_age_066,11
2024,21030710020004,in_age_063,6
2024,21030570010012,in_age_065,10
2024,21030680010205,in_age_069,30
2024,21030520010004,in_age_065,17
2024,21030520010007,in_age_066,16
2024,21030550010005,in_age_081,N/A
2024,21030700010003,in_age_075,27
2024,21030570010011,in_age_061,N/A
2024,21030570010009,in_age_070,17
2024,21030570010101,in_age_076,11
2024,21030510010009,in_age_073,20
2024,21030700010009,in_age_070,11
2024,21030530020101,in_age_064,7
2024,21030710020001,in_age_076,24
2024,21030710020019,in_age_072,14
2024,21030680010102,in_age_068,12
2024,21030710020002,in_age_069,6
2024,21030700020201,in_age_074,13
2024,21030710020013,in_age_074,12
2024,21030520010201,in_age_064,7
2024,21030550010001,in_age_061,N/A
2024,21030700010013,in_age_070,9
2024,21030710020016,in_age_076,17
2024,21030570010013,in_age_069,9
2024,21030710020014,in_age_079,N/A
2024,21030530020401,in_age_067,20
2024,21030700020002,in_age_078,N/A
2024,21030700010007,in_age_070,16
2024,21030700010401,in_age_062,N/A
2024,21030660020101,in_age_074,19
2024,21030700010004,in_age_073,27
2024,21030600010005,in_age_079,N/A
2024,21030700010008,in_age_064,10
2024,21030680010204,in_age_070,22
2024,21030520010007,in_age_064,8
2024,21030530020101,in_age_061,26
2024,21030700010010,in_age_075,25
2024,21030520010006,in_age_069,10
2024,21030530020401,in_age_077,N/A
2024,21030660010002,in_age_067,8
2024,21030510010009,in_age_075,9
2024,21030680010001,in_age_067,5
2024,21030570010005,in_age_072,20
2024,21030600010008,in_age_073,25
2024,21030550010003,in_age_077,17
2024,21030560010201,in_age_069,22
2024,21030710020018,in_age_069,14
2024,21030600010005,in_age_070,12
2024,21030600010003,in_age_072,19
2024,21030700010003,in_age_070,9
2024,21030710010101,in_age_061,10
2024,21030520010007,in_age_074,38
2024,21030570010004,in_age_070,9
2024,21030530020003,in_age_073,32
2024,21030660010001,in_age_066,8
2024,21030590010003,in_age_064,7
2024,21030700010009,in_age_067,7
2024,21030530020002,in_age_078,7
2024,21030560010004,in_age_064,9
2024,21030510010005,in_age_074,28
2024,21030600010002,in_age_078,9
2024,21030680010302,in_age_063,17
2024,21030530020006,in_age_074,8
2024,21030530020003,in_age_078,12
2024,21030530010002,in_age_076,N/A
2024,21030530020001,in_age_076,14
2024,21030560010006,in_age_065,17
2024,21030700010001,in_age_070,8
2024,21030600010008,in_age_079,5
2024,21030680010201,in_age_067,54
2024,21030710020007,in_age_070,14
2024,21030510010009,in_age_074,20
2024,21030660040201,in_age_073,18
2024,21030710020013,in_age_069,12
2024,21030660020102,in_age_074,12
2024,21030680010204,in_age_067,48
2024,21030660010002,in_age_070,7
2024,21030530020101,in_age_075,17
2024,21030660020102,in_age_071,23
2024,21030550010005,in_age_079,N/A
2024,21030680010001,in_age_073,31
2024,21030710020008,in_age_068,N/A
2024,21030660020102,in_age_063,N/A
2024,21030700010301,in_age_077,6
2024,21030530020004,in_age_062,N/A
2024,21030660040001,in_age_067,5
2024,21030680010204,in_age_074,13
2024,21030530020504,in_age_072,18
2024,21030530020007,in_age_066,N/A
2024,21030570010011,in_age_077,23
2024,21030700010013,in_age_069,6
2024,21030600010004,in_age_075,14
2024,21030530010901,in_age_062,N/A
2024,21030520010010,in_age_065,9
2024,21030660030001,in_age_065,N/A
2024,21030700020201,in_age_067,44
2024,21030550010006,in_age_074,24
2024,21030660020001,in_age_069,21
2024,21030700010014,in_age_063,N/A
2024,21030510010009,in_age_068,22
2024,21030680010207,in_age_075,9
2024,21030700010004,in_age_066,24
2024,21030570010013,in_age_061,N/A
2024,21030530020102,in_age_074,14
2024,21030550010001,in_age_069,6
2024,21030700010015,in_age_069,19
2024,21030590010002,in_age_068,N/A
2024,21030710020009,in_age_076,16
2024,21030590010001,in_age_066,8
2024,21030530020103,in_age_066,15
2024,21030710020001,in_age_064,N/A
2024,21030570010012,in_age_074,37
2024,21030530020001,in_age_073,27
2024,21030510010010,in_age_080,N/A
2024,21030530020102,in_age_076,9
2024,21030660030002,in_age_070,8
2024,21030530010901,in_age_068,19
2024,21030680020001,in_age_074,40
2024,21030710020016,in_age_062,6
2024,21030530010601,in_age_073,25
2024,21030700010015,in_age_066,18
2024,21030680010101,in_age_073,25
2024,21030680010301,in_age_070,35
2024,21030510010007,in_age_079,N/A
2024,21030520010201,in_age_074,21
2024,21030520010201,in_age_062,N/A
2024,21030530010601,in_age_066,21
2024,21030560010004,in_age_067,12
2024,21030600010005,in_age_064,5
2024,21030570010004,in_age_061,N/A
2024,21030660010001,in_age_062,N/A
2024,21030680010101,in_age_070,27
2024,21030530020503,in_age_069,41
2024,21030530020102,in_age_064,15
2024,21030710010002,in_age_074,N/A
2024,21030710020019,in_age_077,38
2024,21030530020103,in_age_078,N/A
2024,21030700010002,in_age_070,15
2024,21030680010201,in_age_070,29
2024,21030710020018,in_age_075,11
2024,21030700010009,in_age_078,9
2024,21030530010001,in_age_077,N/A
2024,21030510010006,in_age_066,17
2024,21030700010010,in_age_069,9
2024,21030710020016,in_age_068,11
2024,21030710010101,in_age_066,26
2024,21030680010206,in_age_066,10
2024,21030680010203,in_age_075,6
2024,21030570010012,in_age_069,7
2024,21030530020002,in_age_079,N/A
2024,21030570010007,in_age_063,10
2024,21030680010202,in_age_077,N/A
2024,21030710020014,in_age_072,14
2024,21030530020501,in_age_078,N/A
2024,21030700020002,in_age_071,8
2024,21030710010101,in_age_076,36
2024,21030660020101,in_age_061,N/A
2024,21030530020007,in_age_077,59
2024,21030520010005,in_age_075,26
2024,21030700010012,in_age_067,6
2024,21030530020102,in_age_075,10
2024,21030520010010,in_age_063,N/A
2024,21030660010003,in_age_078,12
2024,21030710010002,in_age_079,12
2024,21030710020002,in_age_063,N/A
2024,21030570010008,in_age_066,7
2024,21030600010002,in_age_067,13
2024,21030600010005,in_age_075,28
2024,21030550010010,in_age_075,34
2024,21030530010601,in_age_068,16
2024,21030520010005,in_age_065,5
2024,21030530010401,in_age_068,27
2024,21030530010601,in_age_076,N/A
2024,21030510010001,in_age_066,20
2024,21030530010001,in_age_073,17
2024,21030710020013,in_age_067,26
2024,21030520010009,in_age_077,15
2024,21030710010101,in_age_079,N/A
2024,21030660040201,in_age_070,21
2024,21030710020010,in_age_070,10
2024,21030710010002,in_age_075,N/A
2024,21030520010007,in_age_067,13
2024,21030520010001,in_age_061,N/A
2024,21030530010401,in_age_066,30
2024,21030710020005,in_age_075,15
2024,21030570010012,in_age_064,7
2024,21030660040201,in_age_071,27
2024,21030530010601,in_age_075,7
2024,21030520010001,in_age_065,10
2024,21030710020002,in_age_068,5
2024,21030600010009,in_age_078,11
2024,21030530020503,in_age_066,32
2024,21030700010005,in_age_067,8
2024,21030530010501,in_age_070,22
2024,21030520010010,in_age_075,14
2024,21030590010002,in_age_067,9
2024,21030700010009,in_age_074,33
2024,21030550010006,in_age_080,N/A
2024,21030530020001,in_age_068,7
2024,21030520010010,in_age_078,5
2024,21030660040204,in_age_063,9
2024,21030660030101,in_age_074,5
2024,21030700010012,in_age_061,N/A
2024,21030680010201,in_age_073,19
2024,21030700010016,in_age_064,10
2024,21030660020102,in_age_075,6
2024,21030570010002,in_age_076,16
2024,21030700010013,in_age_077,21
2024,21030660010002,in_age_066,11
2024,21030710020010,in_age_065,12
2024,21030710020005,in_age_063,7
2024,21030680010207,in_age_076,9
2024,21030530020501,in_age_072,16
2024,21030550010002,in_age_067,13
2024,21030600010006,in_age_069,6
2024,21030710020016,in_age_063,N/A
2024,21030700010401,in_age_064,9
2024,21030520010002,in_age_069,26
2024,21030660010001,in_age_075,19
2024,21030530010501,in_age_065,13
2024,21030530010002,in_age_073,6
2024,21030600010006,in_age_062,N/A
2024,21030530010201,in_age_069,15
2024,21030660010002,in_age_063,N/A
2024,21030560010201,in_age_073,32
2024,21030680010001,in_age_065,6
2024,21030600010008,in_age_067,7
2024,21030530020502,in_age_075,9
2024,21030530020102,in_age_066,20
2024,21030710020013,in_age_068,15
2024,21030530020501,in_age_073,16
2024,21030530020102,in_age_069,35
2024,21030510010001,in_age_064,13
2024,21030530020504,in_age_073,11
2024,21030550010006,in_age_065,N/A
2024,21030710020005,in_age_078,N/A
2024,21030700010007,in_age_080,N/A
2024,21030530010401,in_age_070,33
2024,21030700010006,in_age_070,18
2024,21030600010003,in_age_073,21
2024,21030530020007,in_age_067,N/A
2024,21030530020504,in_age_074,14
2024,21030680010301,in_age_073,30
2024,21030710020019,in_age_067,13
2024,21030660020002,in_age_068,32
2024,21030680010001,in_age_063,N/A
2024,21030570010002,in_age_075,20
2024,21030710020007,in_age_078,14
2024,21030680020001,in_age_070,N/A
2024,21030530020003,in_age_072,21
2024,21030710020016,in_age_065,N/A
2024,21030570010101,in_age_061,18
2024,21030660030001,in_age_080,N/A
2024,21030680020001,in_age_062,N/A
2024,21030700010004,in_age_074,27
2024,21030700010007,in_age_061,N/A
