{
"type": "FeatureCollection",
"name": "집계구별_AED야간공백",
"crs": { "type": "name", "properties": { "name": "urn:ogc:def:crs:OGC:1.3:CRS84" } },
"features": [
{ "type": "Feature", "properties": { "TOT_OA_CD": "21030510010005", "dong": "초량1동", "risk_norm": 0.44886297178889639, "high_risk": false, "aed_dist_night": 319.58473389372148, "covered_night": false, "gap": false, "elev": 39.0, "인구기준시점": "2026-06", "AED기준시점": "2026-07", "생성일": "2026-07-26" }, "geometry": { "type": "Polygon", "coordinates": [ [ [ 129.036201885360612, 35.11716120848866 ], [ 129.036279549128551, 35.117151856985792 ], [ 129.036281779366476, 35.117160067710309 ], [ 129.036353216057506, 35.117161417044038 ], [ 129.036395301292345, 35.117171896755828 ], [ 129.036395893241718, 35.117172040722167 ], [ 129.036404802383913, 35.117175554064367 ], [ 129.036531404108104, 35.117194860177499 ], [ 129.036678081654856, 35.117217234945933 ], [ 129.036715159151925, 35.117266465464574 ], [ 129.036717266549005, 35.117269240952773 ], [ 129.036719472450983, 35.117272295605538 ], [ 129.036738928572817, 35.117285666033617 ], [ 129.036744151748593, 35.117289171094285 ], [ 129.036748101482118, 35.117291828568057 ], [ 129.036763934499618, 35.117298665789953 ], [ 129.036774323541493, 35.117301222691204 ], [ 129.03678059956016, 35.117302771417855 ], [ 129.036786424500946, 35.117304139242798 ], [ 129.036791427715087, 35.117304814200764 ], [ 129.036877235081789, 35.117305474298263 ], [ 129.036883893513078, 35.117306409569437 ], [ 129.036889730492817, 35.117306840483828 ], [ 129.036893878227659, 35.117310282546704 ], [ 129.036898377358938, 35.117313679568248 ], [ 129.036903896822992, 35.117316427121615 ], [ 129.036951036477888, 35.117320604237705 ], [ 129.036956433657735, 35.117320286949294 ], [ 129.036960359948523, 35.117320060438971 ], [ 129.03697900595327, 35.117312033120662 ], [ 129.03698091397149, 35.117311086546067 ], [ 129.037093287772706, 35.117255303785967 ], [ 129.037107097489127, 35.117250287858546 ], [ 129.037113535459468, 35.117248015275116 ], [ 129.037127323278582, 35.117245748660579 ], [ 129.037136515440665, 35.117244231858905 ], [ 129.037153057408631, 35.117242720990383 ], [ 129.037165014699355, 35.117242718113005 ], [ 129.037220175919856, 35.117252517731444 ], [ 129.037226604973256, 35.117252515529131 ], [ 129.037253118150147, 35.117251471461927 ], [ 129.037256409308497, 35.117252191574252 ], [ 129.037256859976424, 35.117252290449557 ], [ 129.037394633714683, 35.117282751174713 ], [ 129.037461400486706, 35.11729210594784 ], [ 129.037507445589711, 35.117273713960486 ], [ 129.037504921380901, 35.117269370458914 ], [ 129.037445670372705, 35.117167651688582 ], [ 129.037444451819255, 35.117165461774903 ], [ 129.037294747369486, 35.116895089092033 ], [ 129.037294046726402, 35.116893889789942 ], [ 129.037186176755313, 35.116711604284319 ], [ 129.037185997982363, 35.116711317127027 ], [ 129.037225308670486, 35.116698060659495 ], [ 129.037232482470586, 35.116692905261772 ], [ 129.037477983721146, 35.116481741259761 ], [ 129.037536053858162, 35.116500617402195 ], [ 129.037590836602874, 35.116497950527076 ], [ 129.037604713219139, 35.116495277882272 ], [ 129.037640631971129, 35.116480503623769 ], [ 129.037687598785169, 35.116345419042318 ], [ 129.03771119984458, 35.11627754164779 ], [ 129.037714527774398, 35.116265039087835 ], [ 129.037694989805999, 35.116262547893385 ], [ 129.03767710586942, 35.116256693410925 ], [ 129.037637265907307, 35.116240193507785 ], [ 129.037608222434073, 35.116222480081703 ], [ 129.037588306573952, 35.116212256888453 ], [ 129.037552625921307, 35.116191815505921 ], [ 129.037512797664789, 35.116177512668372 ], [ 129.037480446818392, 35.116170708343994 ], [ 129.037409929555992, 35.116165277203898 ], [ 129.037362637295189, 35.116159836324719 ], [ 129.037287138732609, 35.116149636540719 ], [ 129.037190906906204, 35.116141481263398 ], [ 129.037167671940409, 35.116139442586729 ], [ 129.037130344627457, 35.116143545935017 ], [ 129.037102971580424, 35.116160597355197 ], [ 129.037072286213174, 35.11617901346694 ], [ 129.037041022259785, 35.116205415303057 ], [ 129.037010920440252, 35.116230832242884 ], [ 129.037014199305389, 35.116254907990395 ], [ 129.037010913564899, 35.116264463538421 ], [ 129.036965695513913, 35.116279077884471 ], [ 129.037102017882489, 35.116567824397755 ], [ 129.03710298482784, 35.116569879552522 ], [ 129.037118320969029, 35.116597176205715 ], [ 129.037071027995154, 35.116619337279232 ], [ 129.036911717834641, 35.11670904170154 ], [ 129.036762895483804, 35.116796066744065 ], [ 129.036694347189808, 35.116825741696772 ], [ 129.036397216362275, 35.116929754259836 ], [ 129.036334389257121, 35.11695113554044 ], [ 129.036246622764821, 35.11698099526464 ], [ 129.036194522826236, 35.116999397695849 ], [ 129.036158962975321, 35.117011982382166 ], [ 129.036157850733332, 35.117002887454881 ], [ 129.036113974204909, 35.116929835682669 ], [ 129.036099816477417, 35.116916139247714 ], [ 129.036090817030669, 35.1169054167868 ], [ 129.036067102123269, 35.116860174030968 ], [ 129.036058594238966, 35.116841969162735 ], [ 129.036036579801475, 35.116794833989069 ], [ 129.036028892270934, 35.116777890883462 ], [ 129.036015167707376, 35.116747518965987 ], [ 129.035999797393572, 35.116717507820631 ], [ 129.035987720587087, 35.116693895194238 ], [ 129.035968178870803, 35.116655142556986 ], [ 129.035945561205239, 35.116610532301301 ], [ 129.035923823298788, 35.116567542848735 ], [ 129.035896594590582, 35.116513740463404 ], [ 129.035879468195361, 35.116479492348944 ], [ 129.035854435263531, 35.116429023340999 ], [ 129.035843456035479, 35.116406943036488 ], [ 129.035826767288341, 35.116373326789919 ], [ 129.035816669307877, 35.116356745119788 ], [ 129.035809311510974, 35.116341874215543 ], [ 129.03579514893201, 35.116312945004843 ], [ 129.035777801618309, 35.116277796247971 ], [ 129.03576759153438, 35.11625652755022 ], [ 129.035747719789811, 35.116215791016067 ], [ 129.035737067012292, 35.116189115523539 ], [ 129.035760217550603, 35.116191449475401 ], [ 129.035880536170225, 35.11614905443362 ], [ 129.035853793632469, 35.116046199741533 ], [ 129.035834232631714, 35.116038325886322 ], [ 129.03581144162635, 35.115962893364674 ], [ 129.035813051425947, 35.115959098780117 ], [ 129.035810894535416, 35.115944738132583 ], [ 129.035849183104602, 35.115930934237475 ], [ 129.035828198023381, 35.115857478597867 ], [ 129.036022010676163, 35.115801087629656 ], [ 129.036015395290576, 35.115747260218406 ], [ 129.036054453298789, 35.115734468936111 ], [ 129.036106441177026, 35.115715573888771 ], [ 129.03612048612851, 35.115694400846714 ], [ 129.036212888007157, 35.115657329045284 ], [ 129.036321824121245, 35.115613622650066 ], [ 129.036323361921461, 35.115613006283368 ], [ 129.036538153885232, 35.11552682603228 ], [ 129.036586418098608, 35.115509373697897 ], [ 129.036586924890656, 35.115509189662028 ], [ 129.036584703830272, 35.11550450685111 ], [ 129.036490181839582, 35.115305122674208 ], [ 129.036488821328902, 35.115302382767396 ], [ 129.036488557861105, 35.115301851453935 ], [ 129.036409868675207, 35.11514324313351 ], [ 129.036453905462878, 35.115128449202288 ], [ 129.03653000681706, 35.115111202120758 ], [ 129.036621763234649, 35.115088945441556 ], [ 129.036591714598387, 35.115003881125084 ], [ 129.036594733091221, 35.114904192611768 ], [ 129.036640779620626, 35.114908430641492 ], [ 129.0366951901932, 35.114892544881648 ], [ 129.036622134382668, 35.114679362526871 ], [ 129.036390135649327, 35.114755167984512 ], [ 129.036465960999834, 35.114904217659749 ], [ 129.036424483040975, 35.114917602330998 ], [ 129.036409259916866, 35.114940297864941 ], [ 129.03632074793785, 35.114963590678151 ], [ 129.036399800847988, 35.115122948231843 ], [ 129.036400010710167, 35.115123371127531 ], [ 129.036348043008388, 35.115140746826427 ], [ 129.03624678133275, 35.115161633396987 ], [ 129.036235977416226, 35.115164196599309 ], [ 129.036142689342711, 35.115186296580688 ], [ 129.036066829782186, 35.115204273393999 ], [ 129.035958281709725, 35.115221107366587 ], [ 129.035814887607131, 35.11524929689142 ], [ 129.035807068175018, 35.11525080341751 ], [ 129.035762900309663, 35.115242372204932 ], [ 129.035744549361567, 35.115223366944988 ], [ 129.035735466968532, 35.115221539982301 ], [ 129.035655292295758, 35.11522651218435 ], [ 129.035645115189908, 35.115210441800208 ], [ 129.035587165126231, 35.115111589830363 ], [ 129.035583432873466, 35.115098295916532 ], [ 129.0355464830063, 35.114966664623971 ], [ 129.035431243217232, 35.114988898835598 ], [ 129.035383279855381, 35.114993025505306 ], [ 129.035376873024802, 35.114995724051852 ], [ 129.035358996885435, 35.115004471723672 ], [ 129.035330044441423, 35.115020975633129 ], [ 129.035323374131593, 35.115024835214932 ], [ 129.035318198475125, 35.115027829220196 ], [ 129.035294948080491, 35.115039101828344 ], [ 129.035260374011983, 35.115056467688269 ], [ 129.035257780613335, 35.115057843039999 ], [ 129.035249763683936, 35.115062099248199 ], [ 129.035233973465864, 35.115076344661055 ], [ 129.035202502623974, 35.115107991559682 ], [ 129.035184674466393, 35.115126141524364 ], [ 129.035184081195808, 35.115126745017761 ], [ 129.035173006558352, 35.115137924692782 ], [ 129.035166754718233, 35.115144146575574 ], [ 129.035132868904412, 35.115167320901257 ], [ 129.035106989925566, 35.115185174344994 ], [ 129.035071015278419, 35.115202580386104 ], [ 129.03506268026976, 35.115208892691342 ], [ 129.035039982174226, 35.115226566088317 ], [ 129.035022872767144, 35.115239280077361 ], [ 129.03497506015313, 35.115274267017902 ], [ 129.034942467224226, 35.115298106535292 ], [ 129.034942917711703, 35.115298430805232 ], [ 129.035012149057764, 35.115356729759874 ], [ 129.035022739612259, 35.115368524918992 ], [ 129.035076208100179, 35.115428081959962 ], [ 129.035194521729721, 35.115681756103577 ], [ 129.035239197860648, 35.11577879283923 ], [ 129.035245511106069, 35.115792508513977 ], [ 129.035293964034025, 35.115897720147409 ], [ 129.035311048099402, 35.115934176051006 ], [ 129.035402045176141, 35.116128384574623 ], [ 129.035446436256336, 35.116223826305159 ], [ 129.035492835856132, 35.116323557666284 ], [ 129.035518044945604, 35.116375883650967 ], [ 129.035615266247078, 35.11657771654135 ], [ 129.035617649011783, 35.11658265513757 ], [ 129.035618198114577, 35.116583790539948 ], [ 129.035693482163538, 35.11673665863507 ], [ 129.035755097633853, 35.116861767820488 ], [ 129.035794264884515, 35.116950171739937 ], [ 129.035843467306734, 35.117061214292654 ], [ 129.03585022972419, 35.117100016192232 ], [ 129.035849927562339, 35.117112094457788 ], [ 129.035848751750081, 35.117158361387119 ], [ 129.035848611248412, 35.117164086627135 ], [ 129.035847629687112, 35.117202871274536 ], [ 129.035847036789647, 35.117226117941009 ], [ 129.035834332989054, 35.117407962699453 ], [ 129.035833329514816, 35.117422312938274 ], [ 129.035865033795972, 35.117424583519096 ], [ 129.035942829152845, 35.117444147221434 ], [ 129.036062623782612, 35.117448268500844 ], [ 129.036227789543176, 35.117453954076026 ], [ 129.036438492201853, 35.117461203447959 ], [ 129.036491423235447, 35.117463027139117 ], [ 129.036490498989821, 35.117430523872592 ], [ 129.036393026848287, 35.117344706780131 ], [ 129.03622002073115, 35.117192371969928 ], [ 129.036201885360612, 35.11716120848866 ] ] ] } },
{ "type": "Feature", "properties": { "TOT_OA_CD": "21030510010002", "dong": "초량1동", "risk_norm": 0.5087550590828207, "high_risk": false, "aed_dist_night": 212.14126222292757, "covered_night": false, "gap": false, "elev": 103.0, "인구기준시점": "2026-06", "AED기준시점": "2026-07", "생성일": "2026-07-26" }, "geometry": { "type": "Polygon", "coordinates": [ [ [ 129.035247706002679, 35.11716640978905 ], [ 129.03525363997781, 35.11716622190756 ], [ 129.035264344401838, 35.117166233266673 ], [ 129.035361976504475, 35.117166385773977 ], [ 129.035362459324375, 35.117166386879816 ], [ 129.035382314460577, 35.117166182210632 ], [ 129.035499846702237, 35.117165546043111 ], [ 129.035502291370136, 35.117165480812268 ], [ 129.035515346414314, 35.117165153096018 ], [ 129.035813473334116, 35.117157651697887 ], [ 129.035848751750081, 35.117158361387119 ], [ 129.035849927562339, 35.117112094457788 ], [ 129.03585022972419, 35.117100016192232 ], [ 129.035843467306734, 35.117061214292654 ], [ 129.035794264884515, 35.116950171739937 ], [ 129.035755097633853, 35.116861767820488 ], [ 129.035693482163538, 35.11673665863507 ], [ 129.035618198114577, 35.116583790539948 ], [ 129.035617649011783, 35.11658265513757 ], [ 129.035615266247078, 35.11657771654135 ], [ 129.035518044945604, 35.116375883650967 ], [ 129.035492835856132, 35.116323557666284 ], [ 129.035446436256336, 35.116223826305159 ], [ 129.035402045176141, 35.116128384574623 ], [ 129.035311048099402, 35.115934176051006 ], [ 129.035293964034025, 35.115897720147409 ], [ 129.035245511106069, 35.115792508513977 ], [ 129.035239197860648, 35.11577879283923 ], [ 129.035194521729721, 35.115681756103577 ], [ 129.035076208100179, 35.115428081959962 ], [ 129.035022739612259, 35.115368524918992 ], [ 129.035012149057764, 35.115356729759874 ], [ 129.034942917711703, 35.115298430805232 ], [ 129.034942467224226, 35.115298106535292 ], [ 129.034851809353626, 35.115232430476233 ], [ 129.034808326863754, 35.115370801373807 ], [ 129.034796473762668, 35.11540863544996 ], [ 129.034789670093261, 35.115430368542064 ], [ 129.034743716363295, 35.115426876085458 ], [ 129.034726048255351, 35.115434145977829 ], [ 129.034698596407083, 35.115445723235958 ], [ 129.034633875058063, 35.115473018784471 ], [ 129.034591431717814, 35.115494755040288 ], [ 129.034571799439249, 35.115507289939991 ], [ 129.034558421149001, 35.115516755919444 ], [ 129.034501149800434, 35.115548357838627 ], [ 129.034467370615602, 35.115566996408553 ], [ 129.034456689323292, 35.115578798556591 ], [ 129.034443869570879, 35.115612079076804 ], [ 129.034424430884485, 35.115616743990067 ], [ 129.034409894051038, 35.115634470811067 ], [ 129.034377402193996, 35.115666640729543 ], [ 129.0343487087668, 35.115695049688753 ], [ 129.034319042383828, 35.115715985735989 ], [ 129.034305705611729, 35.115719126322176 ], [ 129.034277773527947, 35.115710074264946 ], [ 129.034265552334489, 35.115706114917238 ], [ 129.034228021192121, 35.115727199210383 ], [ 129.034118025442467, 35.115776730760224 ], [ 129.034005401559426, 35.115809696718117 ], [ 129.033939039202096, 35.115845127235815 ], [ 129.033882944012873, 35.115887399938963 ], [ 129.033786211289197, 35.11596886268029 ], [ 129.033651971168723, 35.115851298385643 ], [ 129.033606725970117, 35.115890536793493 ], [ 129.03336141682891, 35.116105667684465 ], [ 129.033302640397665, 35.116158593282407 ], [ 129.033292033781237, 35.116167893325873 ], [ 129.033312740451095, 35.116182926370058 ], [ 129.033335860761468, 35.116197351845429 ], [ 129.033383115744414, 35.116187056170027 ], [ 129.033449630847116, 35.116171576808483 ], [ 129.033488592834317, 35.116138993466265 ], [ 129.033515460752426, 35.116120769910921 ], [ 129.033541650792301, 35.116108062017666 ], [ 129.033567188065803, 35.116103089254487 ], [ 129.033682387013698, 35.116083539591017 ], [ 129.03373142323565, 35.116205332446818 ], [ 129.033794200746513, 35.116195698501038 ], [ 129.033892857985705, 35.116174736897293 ], [ 129.033930521792826, 35.116312719651802 ], [ 129.033931676049804, 35.116316929134541 ], [ 129.033932478217878, 35.116319858253476 ], [ 129.033962357499888, 35.116422695326612 ], [ 129.033976420893424, 35.116482363022342 ], [ 129.033978329777142, 35.116561472823577 ], [ 129.033978317139798, 35.116561852589463 ], [ 129.034051190232105, 35.116561066302765 ], [ 129.034112696720712, 35.116559301343834 ], [ 129.034162820942299, 35.116536934258207 ], [ 129.034176092305245, 35.116534046106068 ], [ 129.034234234381984, 35.116538537629864 ], [ 129.034279651243963, 35.116540868568336 ], [ 129.034300822943237, 35.116542124252092 ], [ 129.034341413011617, 35.116544818323135 ], [ 129.034353093917446, 35.116562149161446 ], [ 129.03436827687284, 35.11656289282778 ], [ 129.034397115832064, 35.116563353567763 ], [ 129.03442501212669, 35.116563635109074 ], [ 129.034490501656194, 35.116560281396566 ], [ 129.034556368558242, 35.116683298826906 ], [ 129.034562951905741, 35.116688075192059 ], [ 129.034692663393855, 35.116744238898328 ], [ 129.034810368912531, 35.116797974073194 ], [ 129.034843799757937, 35.116839535363397 ], [ 129.03490296050856, 35.116843449256848 ], [ 129.034928856783466, 35.116845672854396 ], [ 129.034980073486651, 35.116849490763471 ], [ 129.034978452083806, 35.116888701848595 ], [ 129.034958894456423, 35.116953485448349 ], [ 129.03494494143186, 35.116999705024703 ], [ 129.034910835307898, 35.117106580928208 ], [ 129.03488703343686, 35.117168392463945 ], [ 129.034887769988757, 35.11716858237947 ], [ 129.03493290121304, 35.117171344958841 ], [ 129.03500189130412, 35.117175581496163 ], [ 129.035110942341504, 35.117170431444634 ], [ 129.035114517388081, 35.117170258145215 ], [ 129.035115550227772, 35.117170214382782 ], [ 129.035138915348796, 35.117169585720852 ], [ 129.035190758893719, 35.117168201391301 ], [ 129.035247706002679, 35.11716640978905 ] ] ] } },
{ "type": "Feature", "properties": { "TOT_OA_CD": "21030510010003", "dong": "초량1동", "risk_norm": 0.23222683460252883, "high_risk": false, "aed_dist_night": 121.95424075135526, "covered_night": true, "gap": false, "elev": 19.0, "인구기준시점": "2026-06", "AED기준시점": "2026-07", "생성일": "2026-07-26" }, "geometry": { "type": "Polygon", "coordinates": [ [ [ 129.039652094130474, 35.114660103806578 ], [ 129.039702957898385, 35.114644761266447 ], [ 129.040109612106988, 35.114522103746182 ], [ 129.040119373703305, 35.114519147735784 ], [ 129.040184398405302, 35.114499538008793 ], [ 129.040322248486149, 35.114457947279973 ], [ 129.040414155892904, 35.114430226551278 ], [ 129.040460280936173, 35.114412762011234 ], [ 129.040638110954774, 35.114345427411571 ], [ 129.040667849880521, 35.114334168672933 ], [ 129.040673484744588, 35.114332034127109 ], [ 129.040683455688168, 35.114328252226386 ], [ 129.040715257599174, 35.114317465824627 ], [ 129.040723041236475, 35.114314826124826 ], [ 129.040731282852647, 35.114312031814194 ], [ 129.04083018830238, 35.114278483938634 ], [ 129.04105019518903, 35.1142038566813 ], [ 129.041049736953539, 35.114202364033865 ], [ 129.040862984835144, 35.113595397612499 ], [ 129.040726807957498, 35.113179590509809 ], [ 129.040643734529738, 35.112925912954417 ], [ 129.040625984337169, 35.112871708039371 ], [ 129.040624926882259, 35.112868460318317 ], [ 129.040623299360504, 35.112863490585994 ], [ 129.040319679746659, 35.112144084053462 ], [ 129.040183410353848, 35.111821190676913 ], [ 129.04002545743424, 35.111446921791035 ], [ 129.039451309012748, 35.111619570593462 ], [ 129.039027140662114, 35.111747116751047 ], [ 129.038912473524334, 35.111781594487688 ], [ 129.038900309305347, 35.11178525444209 ], [ 129.038713259913379, 35.111841497345679 ], [ 129.038561571596745, 35.111887107265687 ], [ 129.038361685372678, 35.11194721011109 ], [ 129.03821900416159, 35.111990561263362 ], [ 129.038207261750983, 35.111994130119989 ], [ 129.038206311463171, 35.111994418089012 ], [ 129.038210943200255, 35.112001905851294 ], [ 129.03824909049618, 35.11208244996655 ], [ 129.038264651788609, 35.112119941824169 ], [ 129.038389837790078, 35.112421543062688 ], [ 129.038546745944672, 35.112766265187759 ], [ 129.038689383865233, 35.113088188765978 ], [ 129.038750322443292, 35.113219228665905 ], [ 129.038829825047259, 35.113399018553281 ], [ 129.038218891264137, 35.11359161809515 ], [ 129.038215887237811, 35.11359256687075 ], [ 129.037949005595465, 35.113676706214832 ], [ 129.03791963425104, 35.113687856855165 ], [ 129.037605410022394, 35.113807110104986 ], [ 129.037643674320094, 35.113883877856892 ], [ 129.037742442690785, 35.114081337353163 ], [ 129.037743014337025, 35.114082444497882 ], [ 129.037783916338668, 35.114161879033162 ], [ 129.037865044088761, 35.114319429513095 ], [ 129.037866943591325, 35.114323116446378 ], [ 129.037950087181173, 35.114484570513198 ], [ 129.037953608406497, 35.114491406059685 ], [ 129.038080365235231, 35.114734397826098 ], [ 129.03809065771182, 35.114766509001051 ], [ 129.038090778979949, 35.114766887927637 ], [ 129.038476967791524, 35.114680645010232 ], [ 129.03850698594789, 35.114666881231948 ], [ 129.038511898956386, 35.114664923688679 ], [ 129.038533614567257, 35.114701666576714 ], [ 129.038684557653596, 35.11494350939013 ], [ 129.03864641362884, 35.114957654968663 ], [ 129.038511534592033, 35.115021494044477 ], [ 129.038399288469236, 35.115081695294776 ], [ 129.038374890597481, 35.115103757399289 ], [ 129.038361470733889, 35.115118806214099 ], [ 129.038376198790502, 35.115144216150981 ], [ 129.038722997734794, 35.115016352493193 ], [ 129.038723296216801, 35.115016238711739 ], [ 129.038726635104922, 35.115015007080778 ], [ 129.038739524211195, 35.11501025060609 ], [ 129.038755425503069, 35.115004393766306 ], [ 129.039038724440104, 35.114899940781214 ], [ 129.039180199834618, 35.114847776219655 ], [ 129.039181490078363, 35.114847303632232 ], [ 129.039334985832966, 35.114790703532847 ], [ 129.039417908444562, 35.114760125934346 ], [ 129.039427942409304, 35.114756421787824 ], [ 129.039430793260578, 35.114755379346896 ], [ 129.039438387411394, 35.114752110112953 ], [ 129.03951760392647, 35.114718006441684 ], [ 129.039597224184433, 35.114683725345508 ], [ 129.039649235865738, 35.114661334756711 ], [ 129.039652094130474, 35.114660103806578 ] ] ] } },
{ "type": "Feature", "properties": { "TOT_OA_CD": "21030510010011", "dong": "초량1동", "risk_norm": 0.23946181635328384, "high_risk": false, "aed_dist_night": 153.88235090079161, "covered_night": false, "gap": false, "elev": 22.0, "인구기준시점": "2026-06", "AED기준시점": "2026-07", "생성일": "2026-07-26" }, "geometry": { "type": "Polygon", "coordinates": [ [ [ 129.038684557653596, 35.11494350939013 ], [ 129.038533614567257, 35.114701666576714 ], [ 129.038511898956386, 35.114664923688679 ], [ 129.03850698594789, 35.114666881231948 ], [ 129.038476967791524, 35.114680645010232 ], [ 129.038090778979949, 35.114766887927637 ], [ 129.03809065771182, 35.114766509001051 ], [ 129.038080365235231, 35.114734397826098 ], [ 129.037953608406497, 35.114491406059685 ], [ 129.037950087181173, 35.114484570513198 ], [ 129.037866943591325, 35.114323116446378 ], [ 129.037865044088761, 35.114319429513095 ], [ 129.037783916338668, 35.114161879033162 ], [ 129.037743014337025, 35.114082444497882 ], [ 129.037739528037463, 35.114083655409566 ], [ 129.037707054482013, 35.114092115274026 ], [ 129.0376553206587, 35.114113362758722 ], [ 129.037590772914996, 35.114139509903765 ], [ 129.037562830238016, 35.114158439508159 ], [ 129.037561638003297, 35.114162379360216 ], [ 129.037562125529064, 35.114221202764277 ], [ 129.037390374928492, 35.114281975837699 ], [ 129.037355411309022, 35.114219345900835 ], [ 129.037352492221203, 35.114162206001545 ], [ 129.037358520137303, 35.114118731129373 ], [ 129.037345876145622, 35.114018437041693 ], [ 129.03730024200766, 35.113926145800569 ], [ 129.037222015772556, 35.11395666957219 ], [ 129.037203931574766, 35.113963724186057 ], [ 129.037194226185022, 35.11396751326793 ], [ 129.037099069142897, 35.114004638762999 ], [ 129.036917344955071, 35.114075541103212 ], [ 129.036861222316219, 35.114095116437667 ], [ 129.036856703718144, 35.114096632556787 ], [ 129.036858624906813, 35.114100480642406 ], [ 129.036859372784278, 35.114101976856531 ], [ 129.036944011679026, 35.114275861297536 ], [ 129.036956837531164, 35.114302203472405 ], [ 129.036665701824234, 35.114396992756326 ], [ 129.03663236051321, 35.114327587099822 ], [ 129.036562212676529, 35.11435231885384 ], [ 129.03657805093809, 35.114457399789188 ], [ 129.03656375825102, 35.114459986513154 ], [ 129.036519855574113, 35.114467876879836 ], [ 129.036556232601896, 35.114559292209705 ], [ 129.036603687264602, 35.114627950032705 ], [ 129.03678020771801, 35.114572073744085 ], [ 129.036761601064626, 35.114529173630061 ], [ 129.036804624820462, 35.114510999664866 ], [ 129.036794274015051, 35.114494626849641 ], [ 129.037017475119313, 35.114426778080215 ], [ 129.03704647231433, 35.114486348880426 ], [ 129.03707597409786, 35.114546960052458 ], [ 129.037154265932998, 35.114707803603672 ], [ 129.037155585540575, 35.114710526859298 ], [ 129.037156165295045, 35.114711715967807 ], [ 129.037160986524754, 35.114721635696881 ], [ 129.037219385510809, 35.114841845925177 ], [ 129.037219792043203, 35.114842690986755 ], [ 129.037267127116536, 35.114940107097354 ], [ 129.037270079881978, 35.114946180791584 ], [ 129.037272197868248, 35.114950634045378 ], [ 129.037272702825305, 35.114951696087786 ], [ 129.037355050240905, 35.115124704942573 ], [ 129.037356719389152, 35.115128219878002 ], [ 129.037357399379971, 35.115129661953809 ], [ 129.037521707579089, 35.115459250640313 ], [ 129.038051533188764, 35.115263915982148 ], [ 129.038298981086825, 35.11517268657542 ], [ 129.038301424251671, 35.115171785501097 ], [ 129.03831857214081, 35.115165463882164 ], [ 129.038327160252948, 35.11516229749212 ], [ 129.038376198790502, 35.115144216150981 ], [ 129.038361470733889, 35.115118806214099 ], [ 129.038374890597481, 35.115103757399289 ], [ 129.038399288469236, 35.115081695294776 ], [ 129.038511534592033, 35.115021494044477 ], [ 129.03864641362884, 35.114957654968663 ], [ 129.038684557653596, 35.11494350939013 ] ] ] } },
{ "type": "Feature", "properties": { "TOT_OA_CD": "21030510010001", "dong": "초량1동", "risk_norm": 0.58664257409040299, "high_risk": true, "aed_dist_night": 281.98485811420676, "covered_night": false, "gap": true, "elev": 35.0, "인구기준시점": "2026-06", "AED기준시점": "2026-07", "생성일": "2026-07-26" }, "geometry": { "type": "Polygon", "coordinates": [ [ [ 129.036944438006486, 35.11525346593703 ], [ 129.036949276177609, 35.115251845674948 ], [ 129.036965722283753, 35.115262250936496 ], [ 129.036968133362791, 35.115260808419364 ], [ 129.03698809537542, 35.115252239665338 ], [ 129.037050942552099, 35.115231129207274 ], [ 129.037113789229011, 35.115210109764 ], [ 129.037181242422463, 35.115187464838527 ], [ 129.03730162728877, 35.115144975631964 ], [ 129.037355050240905, 35.115124704942573 ], [ 129.037272702825305, 35.114951696087786 ], [ 129.037272197868248, 35.114950634045378 ], [ 129.037270079881978, 35.114946180791584 ], [ 129.037267127116536, 35.114940107097354 ], [ 129.037219792043203, 35.114842690986755 ], [ 129.037219385510809, 35.114841845925177 ], [ 129.037160986524754, 35.114721635696881 ], [ 129.037156165295045, 35.114711715967807 ], [ 129.037155585540575, 35.114710526859298 ], [ 129.037154265932998, 35.114707803603672 ], [ 129.03707597409786, 35.114546960052458 ], [ 129.03704647231433, 35.114486348880426 ], [ 129.037017475119313, 35.114426778080215 ], [ 129.036794274015051, 35.114494626849641 ], [ 129.036804624820462, 35.114510999664866 ], [ 129.036761601064626, 35.114529173630061 ], [ 129.03678020771801, 35.114572073744085 ], [ 129.036603687264602, 35.114627950032705 ], [ 129.036556232601896, 35.114559292209705 ], [ 129.036519855574113, 35.114467876879836 ], [ 129.03656375825102, 35.114459986513154 ], [ 129.03657805093809, 35.114457399789188 ], [ 129.036562212676529, 35.11435231885384 ], [ 129.03663236051321, 35.114327587099822 ], [ 129.036665701824234, 35.114396992756326 ], [ 129.036956837531164, 35.114302203472405 ], [ 129.036944011679026, 35.114275861297536 ], [ 129.036859372784278, 35.114101976856531 ], [ 129.036858624906813, 35.114100480642406 ], [ 129.036856703718144, 35.114096632556787 ], [ 129.036853630692349, 35.114090459395278 ], [ 129.036851477964234, 35.114086141810525 ], [ 129.036747715493107, 35.113878084173209 ], [ 129.03674546483893, 35.113873577560682 ], [ 129.036663253462621, 35.113708724330685 ], [ 129.0366619693948, 35.113706137643703 ], [ 129.036592675880229, 35.113733505708325 ], [ 129.036340036044891, 35.113829420942338 ], [ 129.036339727696173, 35.113829537525731 ], [ 129.036316237781449, 35.113793309924496 ], [ 129.036315568707636, 35.113793615947991 ], [ 129.036310398708792, 35.113795968888667 ], [ 129.036282348830468, 35.113808732484792 ], [ 129.036250544670736, 35.113825146532378 ], [ 129.036229920661185, 35.113835846899043 ], [ 129.03621972670561, 35.113841200073146 ], [ 129.036204815698909, 35.113857428832702 ], [ 129.036186393059467, 35.11387176544752 ], [ 129.036169724751687, 35.113884749912323 ], [ 129.036158000150351, 35.113915940297524 ], [ 129.036143088236912, 35.113931537932231 ], [ 129.036103055616991, 35.113944619284865 ], [ 129.036065655001579, 35.113957158750907 ], [ 129.036052932515332, 35.113961849716972 ], [ 129.036038717052321, 35.113964512957843 ], [ 129.03611329468643, 35.114098726366727 ], [ 129.036244091997901, 35.114334111555586 ], [ 129.036195548216455, 35.114353883552333 ], [ 129.036191501758196, 35.11435553429915 ], [ 129.036104747334775, 35.114390882723384 ], [ 129.036050083125559, 35.114410196654966 ], [ 129.036005291375261, 35.114427894186797 ], [ 129.035968933156568, 35.114442724051351 ], [ 129.035537509320022, 35.114618747105396 ], [ 129.035462237875919, 35.114649450511848 ], [ 129.035455788160078, 35.114652083810036 ], [ 129.035452805690454, 35.114653306330126 ], [ 129.035339738511595, 35.114699437318613 ], [ 129.035337018367414, 35.114700546486382 ], [ 129.035332523218926, 35.114702378745314 ], [ 129.035116600520553, 35.114790474506577 ], [ 129.035000312984693, 35.114837919959541 ], [ 129.034970004543766, 35.114850284518553 ], [ 129.034844302797097, 35.114901561025491 ], [ 129.034840486195321, 35.114903124070032 ], [ 129.03483920227734, 35.114903645233255 ], [ 129.034696434510067, 35.114961885398266 ], [ 129.03466524288612, 35.114974612709638 ], [ 129.03466363128959, 35.114975271468928 ], [ 129.034607311313721, 35.114998253649311 ], [ 129.034577902211311, 35.115029438785783 ], [ 129.034567706915482, 35.115040878674705 ], [ 129.034608424597565, 35.115065394663851 ], [ 129.034675709273955, 35.115110608046095 ], [ 129.034767461456198, 35.115170875108483 ], [ 129.034851809353626, 35.115232430476233 ], [ 129.034942467224226, 35.115298106535292 ], [ 129.03497506015313, 35.115274267017902 ], [ 129.035022872767144, 35.115239280077361 ], [ 129.035039982174226, 35.115226566088317 ], [ 129.03506268026976, 35.115208892691342 ], [ 129.035071015278419, 35.115202580386104 ], [ 129.035106989925566, 35.115185174344994 ], [ 129.035132868904412, 35.115167320901257 ], [ 129.035166754718233, 35.115144146575574 ], [ 129.035173006558352, 35.115137924692782 ], [ 129.035184081195808, 35.115126745017761 ], [ 129.035184674466393, 35.115126141524364 ], [ 129.035202502623974, 35.115107991559682 ], [ 129.035233973465864, 35.115076344661055 ], [ 129.035249763683936, 35.115062099248199 ], [ 129.035257780613335, 35.115057843039999 ], [ 129.035260374011983, 35.115056467688269 ], [ 129.035294948080491, 35.115039101828344 ], [ 129.035318198475125, 35.115027829220196 ], [ 129.035323374131593, 35.115024835214932 ], [ 129.035330044441423, 35.115020975633129 ], [ 129.035358996885435, 35.115004471723672 ], [ 129.035376873024802, 35.114995724051852 ], [ 129.035383279855381, 35.114993025505306 ], [ 129.035431243217232, 35.114988898835598 ], [ 129.0355464830063, 35.114966664623971 ], [ 129.035583432873466, 35.115098295916532 ], [ 129.035587165126231, 35.115111589830363 ], [ 129.035645115189908, 35.115210441800208 ], [ 129.035655292295758, 35.11522651218435 ], [ 129.035735466968532, 35.115221539982301 ], [ 129.035744549361567, 35.115223366944988 ], [ 129.035762900309663, 35.115242372204932 ], [ 129.035807068175018, 35.11525080341751 ], [ 129.035814887607131, 35.11524929689142 ], [ 129.035958281709725, 35.115221107366587 ], [ 129.036066829782186, 35.115204273393999 ], [ 129.036142689342711, 35.115186296580688 ], [ 129.036235977416226, 35.115164196599309 ], [ 129.03624678133275, 35.115161633396987 ], [ 129.036348043008388, 35.115140746826427 ], [ 129.036400010710167, 35.115123371127531 ], [ 129.036399800847988, 35.115122948231843 ], [ 129.03632074793785, 35.114963590678151 ], [ 129.036409259916866, 35.114940297864941 ], [ 129.036424483040975, 35.114917602330998 ], [ 129.036465960999834, 35.114904217659749 ], [ 129.036390135649327, 35.114755167984512 ], [ 129.036622134382668, 35.114679362526871 ], [ 129.0366951901932, 35.114892544881648 ], [ 129.036640779620626, 35.114908430641492 ], [ 129.036594733091221, 35.114904192611768 ], [ 129.036591714598387, 35.115003881125084 ], [ 129.036621763234649, 35.115088945441556 ], [ 129.03653000681706, 35.115111202120758 ], [ 129.036453905462878, 35.115128449202288 ], [ 129.036409868675207, 35.11514324313351 ], [ 129.036488557861105, 35.115301851453935 ], [ 129.0365425300472, 35.115276627895575 ], [ 129.036674527074098, 35.115234446459567 ], [ 129.036719394859688, 35.115329221693884 ], [ 129.036942715276837, 35.115254050400388 ], [ 129.036944438006486, 35.11525346593703 ] ] ] } },
{ "type": "Feature", "properties": { "TOT_OA_CD": "21030510010010", "dong": "초량1동", "risk_norm": 0.58664257409040299, "high_risk": true, "aed_dist_night": 323.04804095731151, "covered_night": false, "gap": true, "elev": 35.0, "인구기준시점": "2026-06", "AED기준시점": "2026-07", "생성일": "2026-07-26" }, "geometry": { "type": "Polygon", "coordinates": [ [ [ 129.034726048255351, 35.115434145977829 ], [ 129.034743716363295, 35.115426876085458 ], [ 129.034789670093261, 35.115430368542064 ], [ 129.034796473762668, 35.11540863544996 ], [ 129.034808326863754, 35.115370801373807 ], [ 129.034851809353626, 35.115232430476233 ], [ 129.034767461456198, 35.115170875108483 ], [ 129.034675709273955, 35.115110608046095 ], [ 129.034608424597565, 35.115065394663851 ], [ 129.034567706915482, 35.115040878674705 ], [ 129.034577902211311, 35.115029438785783 ], [ 129.034607311313721, 35.114998253649311 ], [ 129.03466363128959, 35.114975271468928 ], [ 129.03466524288612, 35.114974612709638 ], [ 129.034696434510067, 35.114961885398266 ], [ 129.03483920227734, 35.114903645233255 ], [ 129.034840486195321, 35.114903124070032 ], [ 129.034844302797097, 35.114901561025491 ], [ 129.034970004543766, 35.114850284518553 ], [ 129.035000312984693, 35.114837919959541 ], [ 129.035116600520553, 35.114790474506577 ], [ 129.035332523218926, 35.114702378745314 ], [ 129.035337018367414, 35.114700546486382 ], [ 129.035339738511595, 35.114699437318613 ], [ 129.035452805690454, 35.114653306330126 ], [ 129.035455788160078, 35.114652083810036 ], [ 129.035462237875919, 35.114649450511848 ], [ 129.035537509320022, 35.114618747105396 ], [ 129.035968933156568, 35.114442724051351 ], [ 129.036005291375261, 35.114427894186797 ], [ 129.036050083125559, 35.114410196654966 ], [ 129.036104747334775, 35.114390882723384 ], [ 129.036191501758196, 35.11435553429915 ], [ 129.036195548216455, 35.114353883552333 ], [ 129.036244091997901, 35.114334111555586 ], [ 129.03611329468643, 35.114098726366727 ], [ 129.036038717052321, 35.113964512957843 ], [ 129.036052932515332, 35.113961849716972 ], [ 129.036065655001579, 35.113957158750907 ], [ 129.036103055616991, 35.113944619284865 ], [ 129.036143088236912, 35.113931537932231 ], [ 129.036158000150351, 35.113915940297524 ], [ 129.036169724751687, 35.113884749912323 ], [ 129.036186393059467, 35.11387176544752 ], [ 129.036204815698909, 35.113857428832702 ], [ 129.03621972670561, 35.113841200073146 ], [ 129.036229920661185, 35.113835846899043 ], [ 129.036250544670736, 35.113825146532378 ], [ 129.036282348830468, 35.113808732484792 ], [ 129.036310398708792, 35.113795968888667 ], [ 129.036315568707636, 35.113793615947991 ], [ 129.036316237781449, 35.113793309924496 ], [ 129.036339727696173, 35.113829537525731 ], [ 129.036340036044891, 35.113829420942338 ], [ 129.036592675880229, 35.113733505708325 ], [ 129.0366619693948, 35.113706137643703 ], [ 129.036573874449033, 35.113529514391161 ], [ 129.036573753569456, 35.113529271589151 ], [ 129.036572844495225, 35.113527431207288 ], [ 129.036634404713851, 35.11350633185814 ], [ 129.03667481000312, 35.113490438889855 ], [ 129.036730085750179, 35.113467798051289 ], [ 129.036758050934225, 35.113452286387968 ], [ 129.036769126941238, 35.113445702994653 ], [ 129.036776253845034, 35.113437769463857 ], [ 129.036777185748775, 35.113436795614142 ], [ 129.036788876471036, 35.11342449809068 ], [ 129.036801039137089, 35.113419103671582 ], [ 129.036824727041903, 35.113409543691375 ], [ 129.036853791105131, 35.113397277414009 ], [ 129.036867060185642, 35.113387988392617 ], [ 129.036879234394291, 35.113382215142096 ], [ 129.036892502252726, 35.113374731162033 ], [ 129.036918166851422, 35.113360120488402 ], [ 129.036954684953429, 35.113339289875981 ], [ 129.036981335469193, 35.113323776777264 ], [ 129.036982616187231, 35.11332302935454 ], [ 129.036993508460426, 35.113316653809321 ], [ 129.037016754981863, 35.113303577690615 ], [ 129.037038911230781, 35.113294377903365 ], [ 129.037054264855357, 35.113287882693918 ], [ 129.037065672068053, 35.113283101924843 ], [ 129.037074547440824, 35.11326164809234 ], [ 129.037076011328196, 35.113260664776313 ], [ 129.037087706395937, 35.113252809456831 ], [ 129.037116441058316, 35.113241353317115 ], [ 129.03714024028082, 35.11323188383367 ], [ 129.037160882841022, 35.113223179269298 ], [ 129.037161627396671, 35.113222863272647 ], [ 129.037169744112219, 35.113219435187858 ], [ 129.037183123993856, 35.113215464266318 ], [ 129.037203654233565, 35.113208726664432 ], [ 129.03721954736298, 35.113177857480188 ], [ 129.037209649983311, 35.113171363351398 ], [ 129.037127430565221, 35.113006616904215 ], [ 129.037103222566429, 35.112958103206218 ], [ 129.037072096408309, 35.112895741847737 ], [ 129.036970420219347, 35.112692032526461 ], [ 129.036968034950803, 35.112687248138904 ], [ 129.036964203256076, 35.112680933128523 ], [ 129.036961303722478, 35.112676167885105 ], [ 129.036930300946068, 35.112681940980956 ], [ 129.036927057201297, 35.11268361947414 ], [ 129.036721714308499, 35.11276387143608 ], [ 129.03648723554403, 35.112855970037955 ], [ 129.03644561536376, 35.112898776268537 ], [ 129.036347528250843, 35.112999651968501 ], [ 129.036324799508122, 35.113025464870027 ], [ 129.036279033647872, 35.113077439850386 ], [ 129.036227503465938, 35.113109813715901 ], [ 129.036209847019251, 35.113115508531571 ], [ 129.036128552593709, 35.113141730142118 ], [ 129.036093695544309, 35.113152973293516 ], [ 129.036066131275334, 35.113210593360094 ], [ 129.035982606255402, 35.113385195151146 ], [ 129.036018789607965, 35.113402108921022 ], [ 129.036100656359366, 35.113440378203954 ], [ 129.036117836153323, 35.113482702329698 ], [ 129.036118593336028, 35.113484577108203 ], [ 129.036073065251742, 35.113547486514442 ], [ 129.035992660300451, 35.113628253579385 ], [ 129.035984707910899, 35.113634186031355 ], [ 129.03574855388112, 35.113810253971103 ], [ 129.03571704580844, 35.113833857243904 ], [ 129.035713498665757, 35.113836504265592 ], [ 129.035710690760368, 35.113842407556511 ], [ 129.035663554152734, 35.113941538922376 ], [ 129.035650967477125, 35.113946040609818 ], [ 129.035635744079883, 35.113980536410878 ], [ 129.035609637892236, 35.114025664899494 ], [ 129.035587108590761, 35.114067862925566 ], [ 129.035542704557656, 35.114090782015374 ], [ 129.035443584260207, 35.114126028792192 ], [ 129.03526943553868, 35.114187956279935 ], [ 129.035249718553047, 35.11420238849805 ], [ 129.035243605143251, 35.114206862209564 ], [ 129.035236255692695, 35.114212244204609 ], [ 129.035198622201449, 35.114221683883933 ], [ 129.035185244789062, 35.11422503966272 ], [ 129.035120807223166, 35.114241199612053 ], [ 129.035104527096223, 35.1142618454614 ], [ 129.035046921319548, 35.11433487215551 ], [ 129.034977043254742, 35.114356230211861 ], [ 129.034905771911383, 35.114378013442305 ], [ 129.034905340094923, 35.114377923330416 ], [ 129.034810544655244, 35.1143578321878 ], [ 129.034756726024057, 35.114346425745168 ], [ 129.034632907239512, 35.114412709956142 ], [ 129.034602700893572, 35.114478077372304 ], [ 129.034575086415117, 35.114537839076057 ], [ 129.034514352930785, 35.114669271281308 ], [ 129.034490125500326, 35.114893094240557 ], [ 129.034489878388399, 35.114915783824493 ], [ 129.034489869422401, 35.114916593605983 ], [ 129.034486343412254, 35.11492048817167 ], [ 129.034467889838908, 35.114940871136895 ], [ 129.034448939589453, 35.114961799581842 ], [ 129.034400023390788, 35.115015822566377 ], [ 129.034319843401789, 35.11508136458378 ], [ 129.034267128635264, 35.115124462938965 ], [ 129.034257366760698, 35.115129819491791 ], [ 129.034234521809452, 35.115142358963439 ], [ 129.034212355236747, 35.115150877651338 ], [ 129.034200280295011, 35.115158515734727 ], [ 129.034171266484179, 35.115180364038459 ], [ 129.034148849751972, 35.115196551433108 ], [ 129.03417591637384, 35.115223359177307 ], [ 129.034226219783108, 35.115279004909347 ], [ 129.034229128637236, 35.115282221098965 ], [ 129.034657851411822, 35.115431640205117 ], [ 129.034698596407083, 35.115445723235958 ], [ 129.034726048255351, 35.115434145977829 ] ] ] } },
{ "type": "Feature", "properties": { "TOT_OA_CD": "21030510010008", "dong": "초량1동", "risk_norm": 0.086573169318081802, "high_risk": false, "aed_dist_night": 155.92345766525168, "covered_night": false, "gap": false, "elev": 12.0, "인구기준시점": "2026-06", "AED기준시점": "2026-07", "생성일": "2026-07-26" }, "geometry": { "type": "Polygon", "coordinates": [ [ [ 129.038546745944672, 35.112766265187759 ], [ 129.038389837790078, 35.112421543062688 ], [ 129.038264651788609, 35.112119941824169 ], [ 129.03824909049618, 35.11208244996655 ], [ 129.038210943200255, 35.112001905851294 ], [ 129.038206311463171, 35.111994418089012 ], [ 129.03819898105823, 35.111996646162929 ], [ 129.037897166897864, 35.112007830810398 ], [ 129.037847651469207, 35.112044583279037 ], [ 129.037792091121617, 35.11208582131907 ], [ 129.037808547004346, 35.112165441658505 ], [ 129.03780922049296, 35.112168701500764 ], [ 129.037870682237127, 35.112466128610848 ], [ 129.037847830151634, 35.112509399521592 ], [ 129.037846824670311, 35.112511305700984 ], [ 129.037843039976764, 35.112518471069414 ], [ 129.037819791299682, 35.112502919262731 ], [ 129.037404082492657, 35.112593693615885 ], [ 129.03737853055685, 35.112598456421388 ], [ 129.03737899688366, 35.112601025511914 ], [ 129.037379700791064, 35.112602750381619 ], [ 129.037387166705173, 35.112620929660707 ], [ 129.037411852740036, 35.112681042857126 ], [ 129.037515997597296, 35.112908398710879 ], [ 129.037651947732627, 35.113193556630463 ], [ 129.037733523451408, 35.113359366624216 ], [ 129.037885672176657, 35.113638182317224 ], [ 129.03791963425104, 35.113687856855165 ], [ 129.037949005595465, 35.113676706214832 ], [ 129.038215887237811, 35.11359256687075 ], [ 129.038218891264137, 35.11359161809515 ], [ 129.038829825047259, 35.113399018553281 ], [ 129.038750322443292, 35.113219228665905 ], [ 129.038689383865233, 35.113088188765978 ], [ 129.038546745944672, 35.112766265187759 ] ] ] } },
{ "type": "Feature", "properties": { "TOT_OA_CD": "21030510010009", "dong": "초량1동", "risk_norm": 0.18789606331961434, "high_risk": false, "aed_dist_night": 210.44481792975745, "covered_night": false, "gap": false, "elev": 12.0, "인구기준시점": "2026-06", "AED기준시점": "2026-07", "생성일": "2026-07-26" }, "geometry": { "type": "Polygon", "coordinates": [ [ [ 129.037742442690785, 35.114081337353163 ], [ 129.037643674320094, 35.113883877856892 ], [ 129.037605410022394, 35.113807110104986 ], [ 129.03791963425104, 35.113687856855165 ], [ 129.037885672176657, 35.113638182317224 ], [ 129.037733523451408, 35.113359366624216 ], [ 129.037651947732627, 35.113193556630463 ], [ 129.037515997597296, 35.112908398710879 ], [ 129.037411852740036, 35.112681042857126 ], [ 129.037387166705173, 35.112620929660707 ], [ 129.037379700791064, 35.112602750381619 ], [ 129.03737899688366, 35.112601025511914 ], [ 129.03737853055685, 35.112598456421388 ], [ 129.037366352124025, 35.112600726097583 ], [ 129.037066212689695, 35.11265662655579 ], [ 129.036961303722478, 35.112676167885105 ], [ 129.036964203256076, 35.112680933128523 ], [ 129.036968034950803, 35.112687248138904 ], [ 129.036970420219347, 35.112692032526461 ], [ 129.037072096408309, 35.112895741847737 ], [ 129.037103222566429, 35.112958103206218 ], [ 129.037127430565221, 35.113006616904215 ], [ 129.037209649983311, 35.113171363351398 ], [ 129.03721954736298, 35.113177857480188 ], [ 129.037203654233565, 35.113208726664432 ], [ 129.037183123993856, 35.113215464266318 ], [ 129.037169744112219, 35.113219435187858 ], [ 129.037161627396671, 35.113222863272647 ], [ 129.037160882841022, 35.113223179269298 ], [ 129.03714024028082, 35.11323188383367 ], [ 129.037116441058316, 35.113241353317115 ], [ 129.037087706395937, 35.113252809456831 ], [ 129.037076011328196, 35.113260664776313 ], [ 129.037074547440824, 35.11326164809234 ], [ 129.037065672068053, 35.113283101924843 ], [ 129.037054264855357, 35.113287882693918 ], [ 129.037038911230781, 35.113294377903365 ], [ 129.037016754981863, 35.113303577690615 ], [ 129.036993508460426, 35.113316653809321 ], [ 129.036982616187231, 35.11332302935454 ], [ 129.036981335469193, 35.113323776777264 ], [ 129.036954684953429, 35.113339289875981 ], [ 129.036918166851422, 35.113360120488402 ], [ 129.036892502252726, 35.113374731162033 ], [ 129.036879234394291, 35.113382215142096 ], [ 129.036867060185642, 35.113387988392617 ], [ 129.036853791105131, 35.113397277414009 ], [ 129.036824727041903, 35.113409543691375 ], [ 129.036801039137089, 35.113419103671582 ], [ 129.036788876471036, 35.11342449809068 ], [ 129.036777185748775, 35.113436795614142 ], [ 129.036776253845034, 35.113437769463857 ], [ 129.036769126941238, 35.113445702994653 ], [ 129.036758050934225, 35.113452286387968 ], [ 129.036730085750179, 35.113467798051289 ], [ 129.03667481000312, 35.113490438889855 ], [ 129.036634404713851, 35.11350633185814 ], [ 129.036572844495225, 35.113527431207288 ], [ 129.036573753569456, 35.113529271589151 ], [ 129.036573874449033, 35.113529514391161 ], [ 129.0366619693948, 35.113706137643703 ], [ 129.036663253462621, 35.113708724330685 ], [ 129.03674546483893, 35.113873577560682 ], [ 129.036747715493107, 35.113878084173209 ], [ 129.036851477964234, 35.114086141810525 ], [ 129.036853630692349, 35.114090459395278 ], [ 129.036856703718144, 35.114096632556787 ], [ 129.036861222316219, 35.114095116437667 ], [ 129.036917344955071, 35.114075541103212 ], [ 129.037099069142897, 35.114004638762999 ], [ 129.037194226185022, 35.11396751326793 ], [ 129.037203931574766, 35.113963724186057 ], [ 129.037222015772556, 35.11395666957219 ], [ 129.03730024200766, 35.113926145800569 ], [ 129.037345876145622, 35.114018437041693 ], [ 129.037358520137303, 35.114118731129373 ], [ 129.037352492221203, 35.114162206001545 ], [ 129.037355411309022, 35.114219345900835 ], [ 129.037390374928492, 35.114281975837699 ], [ 129.037562125529064, 35.114221202764277 ], [ 129.037561638003297, 35.114162379360216 ], [ 129.037562830238016, 35.114158439508159 ], [ 129.037590772914996, 35.114139509903765 ], [ 129.0376553206587, 35.114113362758722 ], [ 129.037707054482013, 35.114092115274026 ], [ 129.037739528037463, 35.114083655409566 ], [ 129.037743014337025, 35.114082444497882 ], [ 129.037742442690785, 35.114081337353163 ] ] ] } },
{ "type": "Feature", "properties": { "TOT_OA_CD": "21030510010006", "dong": "초량1동", "risk_norm": 0.21950465203914774, "high_risk": false, "aed_dist_night": 292.64168041799053, "covered_night": false, "gap": false, "elev": 30.0, "인구기준시점": "2026-06", "AED기준시점": "2026-07", "생성일": "2026-07-26" }, "geometry": { "type": "Polygon", "coordinates": [ [ [ 129.037072286213174, 35.11617901346694 ], [ 129.037102971580424, 35.116160597355197 ], [ 129.037130344627457, 35.116143545935017 ], [ 129.037167671940409, 35.116139442586729 ], [ 129.037190906906204, 35.116141481263398 ], [ 129.037287138732609, 35.116149636540719 ], [ 129.037362637295189, 35.116159836324719 ], [ 129.037409929555992, 35.116165277203898 ], [ 129.037480446818392, 35.116170708343994 ], [ 129.037512797664789, 35.116177512668372 ], [ 129.037552625921307, 35.116191815505921 ], [ 129.037588306573952, 35.116212256888453 ], [ 129.037608222434073, 35.116222480081703 ], [ 129.037637265907307, 35.116240193507785 ], [ 129.03767710586942, 35.116256693410925 ], [ 129.037694989805999, 35.116262547893385 ], [ 129.037714527774398, 35.116265039087835 ], [ 129.03771550453672, 35.1162651637541 ], [ 129.037716162211183, 35.116265243767266 ], [ 129.037726034518869, 35.116266412299545 ], [ 129.037741502518372, 35.116264515597891 ], [ 129.037777481188527, 35.116262161182966 ], [ 129.037844569160768, 35.116253793995241 ], [ 129.037906759264189, 35.11623377425088 ], [ 129.03790785405684, 35.116233348318808 ], [ 129.037863339168069, 35.116146475387595 ], [ 129.037675186262419, 35.115779282271433 ], [ 129.03767221551692, 35.115773480184856 ], [ 129.037619009108653, 35.115669648925625 ], [ 129.037617547717133, 35.115666797603268 ], [ 129.037534159583998, 35.115504042745115 ], [ 129.037523490137005, 35.115483221815438 ], [ 129.037512874285568, 35.115462508442413 ], [ 129.037521707579089, 35.115459250640313 ], [ 129.037357399379971, 35.115129661953809 ], [ 129.037356719389152, 35.115128219878002 ], [ 129.037355050240905, 35.115124704942573 ], [ 129.03730162728877, 35.115144975631964 ], [ 129.037181242422463, 35.115187464838527 ], [ 129.037113789229011, 35.115210109764 ], [ 129.037050942552099, 35.115231129207274 ], [ 129.03698809537542, 35.115252239665338 ], [ 129.036968133362791, 35.115260808419364 ], [ 129.036965722283753, 35.115262250936496 ], [ 129.036949276177609, 35.115251845674948 ], [ 129.036944438006486, 35.11525346593703 ], [ 129.036942715276837, 35.115254050400388 ], [ 129.036719394859688, 35.115329221693884 ], [ 129.036674527074098, 35.115234446459567 ], [ 129.0365425300472, 35.115276627895575 ], [ 129.036488557861105, 35.115301851453935 ], [ 129.036488821328902, 35.115302382767396 ], [ 129.036490181839582, 35.115305122674208 ], [ 129.036584703830272, 35.11550450685111 ], [ 129.036586924890656, 35.115509189662028 ], [ 129.036586418098608, 35.115509373697897 ], [ 129.036538153885232, 35.11552682603228 ], [ 129.036323361921461, 35.115613006283368 ], [ 129.036321824121245, 35.115613622650066 ], [ 129.036212888007157, 35.115657329045284 ], [ 129.03612048612851, 35.115694400846714 ], [ 129.036106441177026, 35.115715573888771 ], [ 129.036054453298789, 35.115734468936111 ], [ 129.036015395290576, 35.115747260218406 ], [ 129.036022010676163, 35.115801087629656 ], [ 129.035828198023381, 35.115857478597867 ], [ 129.035849183104602, 35.115930934237475 ], [ 129.035810894535416, 35.115944738132583 ], [ 129.035813051425947, 35.115959098780117 ], [ 129.03581144162635, 35.115962893364674 ], [ 129.035834232631714, 35.116038325886322 ], [ 129.035853793632469, 35.116046199741533 ], [ 129.035880536170225, 35.11614905443362 ], [ 129.035760217550603, 35.116191449475401 ], [ 129.035737067012292, 35.116189115523539 ], [ 129.035747719789811, 35.116215791016067 ], [ 129.03576759153438, 35.11625652755022 ], [ 129.035777801618309, 35.116277796247971 ], [ 129.03579514893201, 35.116312945004843 ], [ 129.035809311510974, 35.116341874215543 ], [ 129.035816669307877, 35.116356745119788 ], [ 129.035826767288341, 35.116373326789919 ], [ 129.035843456035479, 35.116406943036488 ], [ 129.035854435263531, 35.116429023340999 ], [ 129.035879468195361, 35.116479492348944 ], [ 129.035896594590582, 35.116513740463404 ], [ 129.035923823298788, 35.116567542848735 ], [ 129.035945561205239, 35.116610532301301 ], [ 129.035968178870803, 35.116655142556986 ], [ 129.035987720587087, 35.116693895194238 ], [ 129.035999797393572, 35.116717507820631 ], [ 129.036015167707376, 35.116747518965987 ], [ 129.036028892270934, 35.116777890883462 ], [ 129.036036579801475, 35.116794833989069 ], [ 129.036058594238966, 35.116841969162735 ], [ 129.036067102123269, 35.116860174030968 ], [ 129.036090817030669, 35.1169054167868 ], [ 129.036099816477417, 35.116916139247714 ], [ 129.036113974204909, 35.116929835682669 ], [ 129.036157850733332, 35.117002887454881 ], [ 129.036158962975321, 35.117011982382166 ], [ 129.036194522826236, 35.116999397695849 ], [ 129.036246622764821, 35.11698099526464 ], [ 129.036334389257121, 35.11695113554044 ], [ 129.036397216362275, 35.116929754259836 ], [ 129.036694347189808, 35.116825741696772 ], [ 129.036762895483804, 35.116796066744065 ], [ 129.036911717834641, 35.11670904170154 ], [ 129.037071027995154, 35.116619337279232 ], [ 129.037118320969029, 35.116597176205715 ], [ 129.03710298482784, 35.116569879552522 ], [ 129.037102017882489, 35.116567824397755 ], [ 129.036965695513913, 35.116279077884471 ], [ 129.037010913564899, 35.116264463538421 ], [ 129.037014199305389, 35.116254907990395 ], [ 129.037010920440252, 35.116230832242884 ], [ 129.037041022259785, 35.116205415303057 ], [ 129.037072286213174, 35.11617901346694 ] ] ] } },
{ "type": "Feature", "properties": { "TOT_OA_CD": "21030510010007", "dong": "초량1동", "risk_norm": 0.58265999600253693, "high_risk": true, "aed_dist_night": 302.16003003106368, "covered_night": false, "gap": true, "elev": 35.0, "인구기준시점": "2026-06", "AED기준시점": "2026-07", "생성일": "2026-07-26" }, "geometry": { "type": "Polygon", "coordinates": [ [ [ 129.03647712990778, 35.11847513167482 ], [ 129.036492468000461, 35.118472254002675 ], [ 129.036562850773862, 35.11847275643656 ], [ 129.036562433368204, 35.118467185236511 ], [ 129.036559766071633, 35.118431792768853 ], [ 129.036555815410594, 35.118379365202685 ], [ 129.036555633937866, 35.118376948476083 ], [ 129.036558866432728, 35.118367472963577 ], [ 129.036568126365353, 35.118340344049763 ], [ 129.036572342812519, 35.118327987126719 ], [ 129.036611653666881, 35.118278760861706 ], [ 129.036616264800529, 35.11827298794784 ], [ 129.036625529219407, 35.118250365264082 ], [ 129.036631251474461, 35.11823638886235 ], [ 129.036638029315441, 35.118219839411459 ], [ 129.036670981150678, 35.118214491560366 ], [ 129.036695830002316, 35.118210466332108 ], [ 129.036702775565573, 35.11820933058717 ], [ 129.036710030746264, 35.118208149436704 ], [ 129.036742889635292, 35.118202818944305 ], [ 129.036918895468261, 35.118059621099661 ], [ 129.037020569902978, 35.11797723395221 ], [ 129.037174215325365, 35.117852752000687 ], [ 129.037216417903636, 35.117817533311545 ], [ 129.037277718139507, 35.117766376140722 ], [ 129.037321893509528, 35.117729516701957 ], [ 129.037364194314335, 35.117694219192387 ], [ 129.037411195986721, 35.117696994982815 ], [ 129.037593011259418, 35.117707731114812 ], [ 129.037640081008306, 35.117710511352335 ], [ 129.037684608764408, 35.117713138992315 ], [ 129.037732643449374, 35.117700992441193 ], [ 129.03773792929519, 35.117699656785149 ], [ 129.037743224005226, 35.117698322839267 ], [ 129.037746183602877, 35.117697572093149 ], [ 129.037751367851797, 35.117696258465195 ], [ 129.037771694094403, 35.117691104778352 ], [ 129.037792778509157, 35.117685771974259 ], [ 129.037897091936742, 35.117219906902577 ], [ 129.037934113799054, 35.117054579333931 ], [ 129.037977767064348, 35.116859627930346 ], [ 129.038007687256538, 35.116726015530638 ], [ 129.038008264216415, 35.116723435887238 ], [ 129.038008673702478, 35.116721577855635 ], [ 129.038041967863506, 35.116572899913137 ], [ 129.03804419968202, 35.116562913241836 ], [ 129.038053096936011, 35.11652318241503 ], [ 129.038054086768767, 35.116518749236612 ], [ 129.037980540851748, 35.116375211242158 ], [ 129.037937586163821, 35.11629137409841 ], [ 129.037919709449682, 35.116256482112668 ], [ 129.03790785405684, 35.116233348318808 ], [ 129.037906759264189, 35.11623377425088 ], [ 129.037844569160768, 35.116253793995241 ], [ 129.037777481188527, 35.116262161182966 ], [ 129.037741502518372, 35.116264515597891 ], [ 129.037726034518869, 35.116266412299545 ], [ 129.037716162211183, 35.116265243767266 ], [ 129.03771550453672, 35.1162651637541 ], [ 129.037714527774398, 35.116265039087835 ], [ 129.03771119984458, 35.11627754164779 ], [ 129.037687598785169, 35.116345419042318 ], [ 129.037640631971129, 35.116480503623769 ], [ 129.037604713219139, 35.116495277882272 ], [ 129.037590836602874, 35.116497950527076 ], [ 129.037536053858162, 35.116500617402195 ], [ 129.037477983721146, 35.116481741259761 ], [ 129.037232482470586, 35.116692905261772 ], [ 129.037225308670486, 35.116698060659495 ], [ 129.037185997982363, 35.116711317127027 ], [ 129.037186176755313, 35.116711604284319 ], [ 129.037294046726402, 35.116893889789942 ], [ 129.037294747369486, 35.116895089092033 ], [ 129.037444451819255, 35.117165461774903 ], [ 129.037445670372705, 35.117167651688582 ], [ 129.037504921380901, 35.117269370458914 ], [ 129.037507445589711, 35.117273713960486 ], [ 129.037461400486706, 35.11729210594784 ], [ 129.037394633714683, 35.117282751174713 ], [ 129.037256859976424, 35.117252290449557 ], [ 129.037256409308497, 35.117252191574252 ], [ 129.037253118150147, 35.117251471461927 ], [ 129.037226604973256, 35.117252515529131 ], [ 129.037220175919856, 35.117252517731444 ], [ 129.037165014699355, 35.117242718113005 ], [ 129.037153057408631, 35.117242720990383 ], [ 129.037136515440665, 35.117244231858905 ], [ 129.037127323278582, 35.117245748660579 ], [ 129.037113535459468, 35.117248015275116 ], [ 129.037107097489127, 35.117250287858546 ], [ 129.037093287772706, 35.117255303785967 ], [ 129.03698091397149, 35.117311086546067 ], [ 129.03697900595327, 35.117312033120662 ], [ 129.036960359948523, 35.117320060438971 ], [ 129.036956433657735, 35.117320286949294 ], [ 129.036951036477888, 35.117320604237705 ], [ 129.036903896822992, 35.117316427121615 ], [ 129.036898377358938, 35.117313679568248 ], [ 129.036893878227659, 35.117310282546704 ], [ 129.036889730492817, 35.117306840483828 ], [ 129.036883893513078, 35.117306409569437 ], [ 129.036877235081789, 35.117305474298263 ], [ 129.036791427715087, 35.117304814200764 ], [ 129.036786424500946, 35.117304139242798 ], [ 129.03678059956016, 35.117302771417855 ], [ 129.036774323541493, 35.117301222691204 ], [ 129.036763934499618, 35.117298665789953 ], [ 129.036748101482118, 35.117291828568057 ], [ 129.036744151748593, 35.117289171094285 ], [ 129.036738928572817, 35.117285666033617 ], [ 129.036719472450983, 35.117272295605538 ], [ 129.036717266549005, 35.117269240952773 ], [ 129.036715159151925, 35.117266465464574 ], [ 129.036678081654856, 35.117217234945933 ], [ 129.036531404108104, 35.117194860177499 ], [ 129.036404802383913, 35.117175554064367 ], [ 129.036395893241718, 35.117172040722167 ], [ 129.036395301292345, 35.117171896755828 ], [ 129.036353216057506, 35.117161417044038 ], [ 129.036281779366476, 35.117160067710309 ], [ 129.036279549128551, 35.117151856985792 ], [ 129.036201885360612, 35.11716120848866 ], [ 129.03622002073115, 35.117192371969928 ], [ 129.036393026848287, 35.117344706780131 ], [ 129.036490498989821, 35.117430523872592 ], [ 129.036491423235447, 35.117463027139117 ], [ 129.036438492201853, 35.117461203447959 ], [ 129.036227789543176, 35.117453954076026 ], [ 129.036062623782612, 35.117448268500844 ], [ 129.035942829152845, 35.117444147221434 ], [ 129.035865033795972, 35.117424583519096 ], [ 129.035833329514816, 35.117422312938274 ], [ 129.035834332989054, 35.117407962699453 ], [ 129.035847036789647, 35.117226117941009 ], [ 129.035847629687112, 35.117202871274536 ], [ 129.035848611248412, 35.117164086627135 ], [ 129.035848751750081, 35.117158361387119 ], [ 129.035813473334116, 35.117157651697887 ], [ 129.035515346414314, 35.117165153096018 ], [ 129.035502291370136, 35.117165480812268 ], [ 129.035499846702237, 35.117165546043111 ], [ 129.035382314460577, 35.117166182210632 ], [ 129.035362459324375, 35.117166386879816 ], [ 129.035361976504475, 35.117166385773977 ], [ 129.035264344401838, 35.117166233266673 ], [ 129.03525363997781, 35.11716622190756 ], [ 129.035247706002679, 35.11716640978905 ], [ 129.035190758893719, 35.117168201391301 ], [ 129.035138915348796, 35.117169585720852 ], [ 129.035115550227772, 35.117170214382782 ], [ 129.035114517388081, 35.117170258145215 ], [ 129.035110942341504, 35.117170431444634 ], [ 129.03500189130412, 35.117175581496163 ], [ 129.03493290121304, 35.117171344958841 ], [ 129.034887769988757, 35.11716858237947 ], [ 129.03488703343686, 35.117168392463945 ], [ 129.034910835307898, 35.117106580928208 ], [ 129.03494494143186, 35.116999705024703 ], [ 129.034958894456423, 35.116953485448349 ], [ 129.034908784908424, 35.116938730441852 ], [ 129.034854915512511, 35.116927577164141 ], [ 129.034794591171021, 35.116973131649786 ], [ 129.034779493414078, 35.11699518346645 ], [ 129.03466091567924, 35.11698482164006 ], [ 129.03463176201214, 35.117019307951999 ], [ 129.034602710389606, 35.117074153315734 ], [ 129.034573188677541, 35.117176249305921 ], [ 129.034567183625654, 35.117202837360864 ], [ 129.034565710276752, 35.117209231346003 ], [ 129.034622291155443, 35.117269581378508 ], [ 129.034755184734394, 35.117311825204965 ], [ 129.03476244045828, 35.117325356755103 ], [ 129.034768980193377, 35.117337571967525 ], [ 129.034752950331466, 35.117399090311814 ], [ 129.03475269541056, 35.117400065478371 ], [ 129.034760052578292, 35.117402801585726 ], [ 129.034763959912425, 35.117404255083123 ], [ 129.034858802620846, 35.117439545044206 ], [ 129.03486428020517, 35.117441582780572 ], [ 129.034867541706177, 35.117443763940756 ], [ 129.034992080601825, 35.117527056641315 ], [ 129.034995832556291, 35.117527831374403 ], [ 129.03503440840305, 35.117535785509325 ], [ 129.035109117964566, 35.117551190882814 ], [ 129.035115052057591, 35.117550070758753 ], [ 129.035152498858452, 35.117542999275976 ], [ 129.035190486917429, 35.117535824450215 ], [ 129.035193060885859, 35.117539667008096 ], [ 129.035258115101612, 35.117636816109595 ], [ 129.035273772422329, 35.117660198648217 ], [ 129.03528342379019, 35.117674612217996 ], [ 129.035287973023031, 35.117690097546785 ], [ 129.035309387738693, 35.117762996929059 ], [ 129.035332229643927, 35.117840783900107 ], [ 129.035371484385308, 35.117872275923446 ], [ 129.0353916170601, 35.117888428478928 ], [ 129.035391131452798, 35.117890502944569 ], [ 129.035520355547419, 35.1179847633774 ], [ 129.035524124051364, 35.117987587246184 ], [ 129.035542308851916, 35.118001216485311 ], [ 129.035564256751314, 35.118017673303314 ], [ 129.035587373207477, 35.118035002467252 ], [ 129.035610733348051, 35.118052510689083 ], [ 129.035604508834751, 35.118082415905448 ], [ 129.03560451148229, 35.118085596794145 ], [ 129.035604522543508, 35.118101679666545 ], [ 129.035604534272409, 35.118121596214998 ], [ 129.035668553826355, 35.118192275963679 ], [ 129.035671152802195, 35.118210954253904 ], [ 129.035673301567414, 35.118226458255485 ], [ 129.035673793675585, 35.118229993562025 ], [ 129.035674367512257, 35.118234140939016 ], [ 129.035676030995006, 35.118246123098665 ], [ 129.035676898933531, 35.118252375612336 ], [ 129.035680323659193, 35.118277045522163 ], [ 129.035779008057858, 35.118322197526979 ], [ 129.035903991020973, 35.118379397172291 ], [ 129.035947614993916, 35.118386123930811 ], [ 129.035988727924092, 35.118392476754508 ], [ 129.036008252923835, 35.11839547871886 ], [ 129.036023261716906, 35.118397798590124 ], [ 129.036104088991124, 35.118444372190687 ], [ 129.036133572304635, 35.118461347386926 ], [ 129.036172669036915, 35.118492163135159 ], [ 129.036173008700843, 35.118492429303387 ], [ 129.036242764216411, 35.118547417298821 ], [ 129.036262816052698, 35.118563223590293 ], [ 129.036329435108144, 35.118535268361811 ], [ 129.036413524566228, 35.118491653244782 ], [ 129.036457733892632, 35.118480167901865 ], [ 129.03647712990778, 35.11847513167482 ] ] ] } },
{ "type": "Feature", "properties": { "TOT_OA_CD": "21030510010004", "dong": "초량1동", "risk_norm": 0.6285642107837488, "high_risk": true, "aed_dist_night": 182.9212872222985, "covered_night": false, "gap": true, "elev": 112.0, "인구기준시점": "2026-06", "AED기준시점": "2026-07", "생성일": "2026-07-26" }, "geometry": { "type": "Polygon", "coordinates": [ [ [ 129.03463176201214, 35.117019307951999 ], [ 129.03466091567924, 35.11698482164006 ], [ 129.034779493414078, 35.11699518346645 ], [ 129.034794591171021, 35.116973131649786 ], [ 129.034854915512511, 35.116927577164141 ], [ 129.034908784908424, 35.116938730441852 ], [ 129.034958894456423, 35.116953485448349 ], [ 129.034978452083806, 35.116888701848595 ], [ 129.034980073486651, 35.116849490763471 ], [ 129.034928856783466, 35.116845672854396 ], [ 129.03490296050856, 35.116843449256848 ], [ 129.034843799757937, 35.116839535363397 ], [ 129.034810368912531, 35.116797974073194 ], [ 129.034692663393855, 35.116744238898328 ], [ 129.034562951905741, 35.116688075192059 ], [ 129.034556368558242, 35.116683298826906 ], [ 129.034490501656194, 35.116560281396566 ], [ 129.03442501212669, 35.116563635109074 ], [ 129.034397115832064, 35.116563353567763 ], [ 129.03436827687284, 35.11656289282778 ], [ 129.034353093917446, 35.116562149161446 ], [ 129.034341413011617, 35.116544818323135 ], [ 129.034300822943237, 35.116542124252092 ], [ 129.034279651243963, 35.116540868568336 ], [ 129.034234234381984, 35.116538537629864 ], [ 129.034176092305245, 35.116534046106068 ], [ 129.034162820942299, 35.116536934258207 ], [ 129.034112696720712, 35.116559301343834 ], [ 129.034051190232105, 35.116561066302765 ], [ 129.033978317139798, 35.116561852589463 ], [ 129.033978329777142, 35.116561472823577 ], [ 129.033976420893424, 35.116482363022342 ], [ 129.033962357499888, 35.116422695326612 ], [ 129.033932478217878, 35.116319858253476 ], [ 129.033931676049804, 35.116316929134541 ], [ 129.033930521792826, 35.116312719651802 ], [ 129.033892857985705, 35.116174736897293 ], [ 129.033794200746513, 35.116195698501038 ], [ 129.03373142323565, 35.116205332446818 ], [ 129.033682387013698, 35.116083539591017 ], [ 129.033567188065803, 35.116103089254487 ], [ 129.033541650792301, 35.116108062017666 ], [ 129.033515460752426, 35.116120769910921 ], [ 129.033488592834317, 35.116138993466265 ], [ 129.033449630847116, 35.116171576808483 ], [ 129.033383115744414, 35.116187056170027 ], [ 129.033335860761468, 35.116197351845429 ], [ 129.033312740451095, 35.116182926370058 ], [ 129.033292033781237, 35.116167893325873 ], [ 129.033302640397665, 35.116158593282407 ], [ 129.03336141682891, 35.116105667684465 ], [ 129.033606725970117, 35.115890536793493 ], [ 129.033651971168723, 35.115851298385643 ], [ 129.033786211289197, 35.11596886268029 ], [ 129.033882944012873, 35.115887399938963 ], [ 129.033939039202096, 35.115845127235815 ], [ 129.034005401559426, 35.115809696718117 ], [ 129.034118025442467, 35.115776730760224 ], [ 129.034228021192121, 35.115727199210383 ], [ 129.034265552334489, 35.115706114917238 ], [ 129.034277773527947, 35.115710074264946 ], [ 129.034305705611729, 35.115719126322176 ], [ 129.034319042383828, 35.115715985735989 ], [ 129.0343487087668, 35.115695049688753 ], [ 129.034377402193996, 35.115666640729543 ], [ 129.034409894051038, 35.115634470811067 ], [ 129.034424430884485, 35.115616743990067 ], [ 129.034443869570879, 35.115612079076804 ], [ 129.034456689323292, 35.115578798556591 ], [ 129.034467370615602, 35.115566996408553 ], [ 129.034501149800434, 35.115548357838627 ], [ 129.034558421149001, 35.115516755919444 ], [ 129.034571799439249, 35.115507289939991 ], [ 129.034591431717814, 35.115494755040288 ], [ 129.034633875058063, 35.115473018784471 ], [ 129.034698596407083, 35.115445723235958 ], [ 129.034657851411822, 35.115431640205117 ], [ 129.034229128637236, 35.115282221098965 ], [ 129.034226219783108, 35.115279004909347 ], [ 129.03417591637384, 35.115223359177307 ], [ 129.034148849751972, 35.115196551433108 ], [ 129.034143234249569, 35.115200608570639 ], [ 129.034128809716975, 35.115208114084766 ], [ 129.03412605284646, 35.115209550089148 ], [ 129.034061520594179, 35.1152431281239 ], [ 129.034042455979488, 35.11525304920756 ], [ 129.034042193649043, 35.115258079031882 ], [ 129.034041849580063, 35.115264658856738 ], [ 129.034040769064148, 35.115285335799548 ], [ 129.034037950207988, 35.115323031100743 ], [ 129.033977963511717, 35.115327266138678 ], [ 129.033968700555505, 35.11533243152055 ], [ 129.033950806760657, 35.11534241532901 ], [ 129.033841197950267, 35.11540144835358 ], [ 129.033810425749408, 35.115425910995882 ], [ 129.033754546331267, 35.115456035235432 ], [ 129.033617009330726, 35.115530177402441 ], [ 129.033600414070094, 35.115539429711895 ], [ 129.033553518426999, 35.115565303581732 ], [ 129.033551185276849, 35.115575298649155 ], [ 129.033520091760693, 35.115593984108919 ], [ 129.033469489480268, 35.115601359493205 ], [ 129.033439050782562, 35.115578051056545 ], [ 129.033429371318306, 35.115569719049688 ], [ 129.033423941145315, 35.115565049749335 ], [ 129.03333972234617, 35.115496117408831 ], [ 129.033338912092603, 35.115494044040247 ], [ 129.033333399055039, 35.115479975538562 ], [ 129.033327147312406, 35.115480589289888 ], [ 129.033330221568747, 35.115467338989312 ], [ 129.033313005946809, 35.115422347050803 ], [ 129.033287142511796, 35.115371489463818 ], [ 129.033250278151371, 35.115384831849546 ], [ 129.033235855897004, 35.115390005663663 ], [ 129.033209886682329, 35.115399323338863 ], [ 129.033179882469938, 35.115410087726794 ], [ 129.033161349617075, 35.115478497049715 ], [ 129.032732672111791, 35.115846913894835 ], [ 129.032719811617824, 35.115857968076334 ], [ 129.032718836015476, 35.11585573717241 ], [ 129.032657577200865, 35.115910241069223 ], [ 129.032658663191654, 35.115912331694837 ], [ 129.032677208431494, 35.115927504000034 ], [ 129.032680689051119, 35.115929847472209 ], [ 129.032658024891731, 35.11595528828807 ], [ 129.032659780301884, 35.115957091856764 ], [ 129.032671482138426, 35.115967420678821 ], [ 129.032672968284288, 35.115968730866356 ], [ 129.032664106862143, 35.115974136335154 ], [ 129.032649782577948, 35.115987182649604 ], [ 129.032642602609144, 35.115993721801289 ], [ 129.032657601702084, 35.116005628227683 ], [ 129.032730091193429, 35.116063176779278 ], [ 129.032742115438225, 35.116078414417451 ], [ 129.032765728709535, 35.11610832714382 ], [ 129.03277166667695, 35.116112923326696 ], [ 129.032831736259169, 35.116159408281007 ], [ 129.032832414289857, 35.116159931676506 ], [ 129.032863463990111, 35.116161204240889 ], [ 129.032898206732938, 35.116162629329779 ], [ 129.032923938214282, 35.116163685155605 ], [ 129.033017594165983, 35.116167553127369 ], [ 129.033021795612058, 35.116167725398732 ], [ 129.033077177978669, 35.116197063086645 ], [ 129.033122676598339, 35.116221164763523 ], [ 129.033194941649299, 35.116259445625772 ], [ 129.033209576436121, 35.116269704821107 ], [ 129.033273779126091, 35.116314685664946 ], [ 129.033288754117251, 35.116325179480953 ], [ 129.033319277796153, 35.116346570030956 ], [ 129.033369824591432, 35.116381995165554 ], [ 129.033538503557793, 35.11650019238914 ], [ 129.033694812164072, 35.116609728137853 ], [ 129.033703262625494, 35.116615649387221 ], [ 129.033793399488985, 35.116752481255311 ], [ 129.03391727600237, 35.116770822886004 ], [ 129.033919454629057, 35.116771140626113 ], [ 129.033920396526838, 35.116771281069546 ], [ 129.033943922168959, 35.116774770107789 ], [ 129.033950644259335, 35.116775766954206 ], [ 129.034141626972001, 35.116912663634587 ], [ 129.034192629177369, 35.116949222291623 ], [ 129.034281979532267, 35.117013267204747 ], [ 129.034330226673717, 35.117047845574682 ], [ 129.034337886815081, 35.117053338605267 ], [ 129.03437238882384, 35.117078067690841 ], [ 129.034469405934743, 35.117136706653753 ], [ 129.034524587129482, 35.11717005932617 ], [ 129.034534743797053, 35.117176204139945 ], [ 129.034546068453409, 35.117188281253355 ], [ 129.034565710276752, 35.117209231346003 ], [ 129.034567183625654, 35.117202837360864 ], [ 129.034573188677541, 35.117176249305921 ], [ 129.034602710389606, 35.117074153315734 ], [ 129.03463176201214, 35.117019307951999 ] ] ] } },
{ "type": "Feature", "properties": { "TOT_OA_CD": "21030520010010", "dong": "초량2동", "risk_norm": 0.23593261730978718, "high_risk": false, "aed_dist_night": 182.08304467704085, "covered_night": false, "gap": false, "elev": 11.0, "인구기준시점": "2026-06", "AED기준시점": "2026-07", "생성일": "2026-07-26" }, "geometry": { "type": "Polygon", "coordinates": [ [ [ 129.039604622446205, 35.116024857192556 ], [ 129.039603876741154, 35.116024065150135 ], [ 129.03960120974034, 35.116025083591694 ], [ 129.039564029235692, 35.116039426370364 ], [ 129.039312261879189, 35.11612806427884 ], [ 129.039017713087844, 35.116231767313749 ], [ 129.038949272544443, 35.116256305634991 ], [ 129.038897284605042, 35.116274889944989 ], [ 129.038844967587295, 35.116293654198785 ], [ 129.038568704065455, 35.116391933344914 ], [ 129.038563987629715, 35.116393611627878 ], [ 129.038562715573903, 35.116394062344284 ], [ 129.038561299714758, 35.116394569882196 ], [ 129.038537862448464, 35.116402903529554 ], [ 129.038457684977175, 35.116431410745001 ], [ 129.038179645368132, 35.116531457120516 ], [ 129.03815079942467, 35.116541831145412 ], [ 129.038082007858122, 35.11656652222544 ], [ 129.038274962142793, 35.11694154735261 ], [ 129.038280483639625, 35.116952281325688 ], [ 129.038288586905992, 35.116968025260519 ], [ 129.038352883021105, 35.117093142341517 ], [ 129.038355945963872, 35.117099116308808 ], [ 129.038358087169826, 35.117103279855499 ], [ 129.038359197711372, 35.117105443168519 ], [ 129.038387062774433, 35.117159670566508 ], [ 129.038455078884851, 35.117290906470295 ], [ 129.038457441354694, 35.11729545671718 ], [ 129.038577041626439, 35.117526222551149 ], [ 129.038637452396813, 35.117503444439137 ], [ 129.038772853670167, 35.117452404174315 ], [ 129.038775419666337, 35.117451438417476 ], [ 129.038779708308226, 35.117449824164879 ], [ 129.038887996277964, 35.117409003457574 ], [ 129.038888907174567, 35.117408661021372 ], [ 129.039201858143969, 35.117290692684172 ], [ 129.039396891940783, 35.11721849623472 ], [ 129.039473010628257, 35.117190323050252 ], [ 129.039706926277091, 35.117105619939053 ], [ 129.040077594173567, 35.116971398355304 ], [ 129.040124776821813, 35.116954310929778 ], [ 129.040314929525749, 35.116885449659264 ], [ 129.040369560637686, 35.11686399739753 ], [ 129.040347175773547, 35.116827743067333 ], [ 129.040004276647039, 35.116451463084161 ], [ 129.039604622446205, 35.116024857192556 ] ] ] } },
{ "type": "Feature", "properties": { "TOT_OA_CD": "21030520010008", "dong": "초량2동", "risk_norm": 0.33465345197570406, "high_risk": false, "aed_dist_night": 260.84300131727423, "covered_night": false, "gap": false, "elev": 16.0, "인구기준시점": "2026-06", "AED기준시점": "2026-07", "생성일": "2026-07-26" }, "geometry": { "type": "Polygon", "coordinates": [ [ [ 129.039311434786413, 35.118803197395508 ], [ 129.039370686882933, 35.118784060810803 ], [ 129.039398395090558, 35.118803349655394 ], [ 129.039504932267164, 35.118791986576653 ], [ 129.039518567640926, 35.118790531256877 ], [ 129.039561360772268, 35.11878596642282 ], [ 129.039617960490801, 35.118767292580884 ], [ 129.039621797041661, 35.118766026673732 ], [ 129.039648033852586, 35.118759602013498 ], [ 129.039665835812372, 35.118755233820281 ], [ 129.039722747712688, 35.11875326833799 ], [ 129.039768978913372, 35.118735712543831 ], [ 129.039803003288824, 35.118722343829553 ], [ 129.039844839335643, 35.118689900493209 ], [ 129.039891717769336, 35.118652280898957 ], [ 129.039921118463752, 35.118622964533188 ], [ 129.040031109586863, 35.118764915579042 ], [ 129.040181917393994, 35.118690735463552 ], [ 129.040095042627172, 35.118523681056466 ], [ 129.040068549065836, 35.118474195360029 ], [ 129.040037727870583, 35.118416617665893 ], [ 129.03996053969027, 35.118271072508414 ], [ 129.039940667023785, 35.118234212740973 ], [ 129.039917719660423, 35.118191522513918 ], [ 129.039917609360799, 35.118191315660397 ], [ 129.039894772041436, 35.118149048691592 ], [ 129.039789368561458, 35.117954027812601 ], [ 129.039787204722558, 35.117950007968759 ], [ 129.039785371729153, 35.117946601498197 ], [ 129.039753355393714, 35.117887067998623 ], [ 129.039678145930878, 35.117748011632607 ], [ 129.039652782897832, 35.117700382360511 ], [ 129.039652233421663, 35.117699346174227 ], [ 129.039645030683374, 35.117685818761259 ], [ 129.039551001939941, 35.117509280530918 ], [ 129.039498080367707, 35.117409696779568 ], [ 129.039469896182425, 35.117357039796126 ], [ 129.039443951612043, 35.11730858112653 ], [ 129.039426053755165, 35.117274245041315 ], [ 129.039399373222409, 35.11722323604598 ], [ 129.039396891940783, 35.11721849623472 ], [ 129.039201858143969, 35.117290692684172 ], [ 129.038888907174567, 35.117408661021372 ], [ 129.038887996277964, 35.117409003457574 ], [ 129.038779708308226, 35.117449824164879 ], [ 129.038775419666337, 35.117451438417476 ], [ 129.038772853670167, 35.117452404174315 ], [ 129.038637452396813, 35.117503444439137 ], [ 129.038577041626439, 35.117526222551149 ], [ 129.038515861449412, 35.117549280874883 ], [ 129.037874761436456, 35.117787623142185 ], [ 129.037807865426515, 35.117811817552841 ], [ 129.03780799746778, 35.117812070151523 ], [ 129.03780882962684, 35.117813724876548 ], [ 129.037868364741371, 35.117932144966112 ], [ 129.037870320042231, 35.117935933991532 ], [ 129.037908312029657, 35.118009766663043 ], [ 129.037960718149691, 35.118111606301269 ], [ 129.038003226018446, 35.118194206625525 ], [ 129.038004256875382, 35.118196216764758 ], [ 129.038087320398205, 35.118355392318094 ], [ 129.038144093362178, 35.11846418471773 ], [ 129.038145190661652, 35.118466284158728 ], [ 129.038167720399912, 35.118509453395049 ], [ 129.038107552015333, 35.118536413495995 ], [ 129.037968697418023, 35.118596558076213 ], [ 129.037957296099165, 35.118590594340588 ], [ 129.037940168706996, 35.118608320159495 ], [ 129.037870761531138, 35.118636373867318 ], [ 129.037839431429717, 35.118660693990243 ], [ 129.037704197947875, 35.118727045924267 ], [ 129.037726695575714, 35.118746328253856 ], [ 129.037741400599913, 35.118758401819683 ], [ 129.037757643966756, 35.118775432799879 ], [ 129.037761924581844, 35.118780569073998 ], [ 129.037766647624494, 35.118793186772329 ], [ 129.037785194730617, 35.118812109862972 ], [ 129.03784480136818, 35.118873114141238 ], [ 129.037880746815659, 35.118939506477126 ], [ 129.038234560189267, 35.118800094663804 ], [ 129.038304789764538, 35.118774168027713 ], [ 129.038311476997137, 35.118787073617959 ], [ 129.038368994717189, 35.118765675780601 ], [ 129.038681128581061, 35.118645897847919 ], [ 129.038785973753278, 35.118605664629015 ], [ 129.039079843874106, 35.118492894147529 ], [ 129.039084505553234, 35.118491216538985 ], [ 129.039165288021479, 35.118652435388242 ], [ 129.039104120548132, 35.118680171457989 ], [ 129.039044114512194, 35.118777294589187 ], [ 129.039038304400776, 35.118789555511732 ], [ 129.039006516781797, 35.118845539301525 ], [ 129.038994018393282, 35.118860596327352 ], [ 129.038983387273078, 35.118880068275431 ], [ 129.038975494027255, 35.118894582620044 ], [ 129.038956963342571, 35.118911083095362 ], [ 129.038953564006789, 35.11891739431173 ], [ 129.038942165943013, 35.118938038165659 ], [ 129.038929888744548, 35.118959314439586 ], [ 129.038917066066176, 35.118986358927501 ], [ 129.038916189995916, 35.11898960414559 ], [ 129.03891397637787, 35.118997464572843 ], [ 129.038913912032115, 35.118997717875601 ], [ 129.038906223749706, 35.119024941496377 ], [ 129.038893627808079, 35.119068300567498 ], [ 129.038883657115463, 35.119096516990318 ], [ 129.038867660335228, 35.119139515321955 ], [ 129.038841461731636, 35.119185494072077 ], [ 129.038821840778155, 35.119218128346567 ], [ 129.038802328602685, 35.119249952498421 ], [ 129.038805413031326, 35.119276722863809 ], [ 129.038807395130931, 35.119293307267434 ], [ 129.038809596949278, 35.119312415181902 ], [ 129.038807739082358, 35.119327288374443 ], [ 129.038806318251886, 35.119338735303224 ], [ 129.038796997770504, 35.119349014849867 ], [ 129.03878416810079, 35.119361636295089 ], [ 129.038761471231254, 35.119383997843428 ], [ 129.038740855926392, 35.119404374637305 ], [ 129.038730329386311, 35.119414653258708 ], [ 129.038715975440198, 35.119426277023287 ], [ 129.03865458278861, 35.119447387063367 ], [ 129.038658065649059, 35.11945397691057 ], [ 129.038759804963462, 35.119652756298343 ], [ 129.038760729010221, 35.11965456943679 ], [ 129.038788035327002, 35.119707903093719 ], [ 129.03878930795662, 35.119710397929616 ], [ 129.038854050067272, 35.119840978170792 ], [ 129.038855708444885, 35.119844321041832 ], [ 129.039009158399921, 35.12014906857852 ], [ 129.03901533106017, 35.120160683252614 ], [ 129.039114429064853, 35.120137543367598 ], [ 129.039412478106385, 35.120007262790587 ], [ 129.03941610012555, 35.120004563325509 ], [ 129.039519993154101, 35.119927132796604 ], [ 129.039548783045092, 35.119905679156496 ], [ 129.039569978098484, 35.119880894988952 ], [ 129.039599573969667, 35.11984629276737 ], [ 129.039709315572338, 35.119717968182321 ], [ 129.039710009170733, 35.119717155137444 ], [ 129.039714361970852, 35.119712065220639 ], [ 129.039671433519004, 35.119627892144081 ], [ 129.039493250267014, 35.119287324692593 ], [ 129.039479974589398, 35.119261946996481 ], [ 129.039377465860952, 35.119066022573776 ], [ 129.039367232639677, 35.119046394572415 ], [ 129.039252436857822, 35.118826335686762 ], [ 129.039311434786413, 35.118803197395508 ] ] ] } },
{ "type": "Feature", "properties": { "TOT_OA_CD": "21030520010009", "dong": "초량2동", "risk_norm": 0.20608804912845999, "high_risk": false, "aed_dist_night": 147.18548845079496, "covered_night": true, "gap": false, "elev": 16.0, "인구기준시점": "2026-06", "AED기준시점": "2026-07", "생성일": "2026-07-26" }, "geometry": { "type": "Polygon", "coordinates": [ [ [ 129.040353655821207, 35.118962150569921 ], [ 129.040557803175204, 35.118729091879864 ], [ 129.040560276018624, 35.118726268141685 ], [ 129.040649629292318, 35.118624257719027 ], [ 129.04114466954158, 35.118059088014654 ], [ 129.041158961922889, 35.118042769123718 ], [ 129.041183589511576, 35.118014664561834 ], [ 129.041267870191973, 35.117928070880048 ], [ 129.041171186250608, 35.117741495789048 ], [ 129.041167781590701, 35.117734928441855 ], [ 129.04099347099384, 35.117398546081454 ], [ 129.040989991095216, 35.117391827285893 ], [ 129.040916574890247, 35.117250132450451 ], [ 129.040909163261801, 35.117235835110996 ], [ 129.040907419756451, 35.117233392268545 ], [ 129.040904470402381, 35.117229267900733 ], [ 129.040824826554257, 35.11711771565507 ], [ 129.04059149425666, 35.116790899920993 ], [ 129.040580861907245, 35.11679459557255 ], [ 129.040369560637686, 35.11686399739753 ], [ 129.040314929525749, 35.116885449659264 ], [ 129.040124776821813, 35.116954310929778 ], [ 129.040077594173567, 35.116971398355304 ], [ 129.039706926277091, 35.117105619939053 ], [ 129.039473010628257, 35.117190323050252 ], [ 129.039396891940783, 35.11721849623472 ], [ 129.039399373222409, 35.11722323604598 ], [ 129.039426053755165, 35.117274245041315 ], [ 129.039443951612043, 35.11730858112653 ], [ 129.039469896182425, 35.117357039796126 ], [ 129.039498080367707, 35.117409696779568 ], [ 129.039551001939941, 35.117509280530918 ], [ 129.039645030683374, 35.117685818761259 ], [ 129.039652233421663, 35.117699346174227 ], [ 129.039652782897832, 35.117700382360511 ], [ 129.039678145930878, 35.117748011632607 ], [ 129.039753355393714, 35.117887067998623 ], [ 129.039785371729153, 35.117946601498197 ], [ 129.039787204722558, 35.117950007968759 ], [ 129.039789368561458, 35.117954027812601 ], [ 129.039894772041436, 35.118149048691592 ], [ 129.039917609360799, 35.118191315660397 ], [ 129.039917719660423, 35.118191522513918 ], [ 129.039940667023785, 35.118234212740973 ], [ 129.03996053969027, 35.118271072508414 ], [ 129.040037727870583, 35.118416617665893 ], [ 129.040068549065836, 35.118474195360029 ], [ 129.040095042627172, 35.118523681056466 ], [ 129.040181917393994, 35.118690735463552 ], [ 129.040031109586863, 35.118764915579042 ], [ 129.039921118463752, 35.118622964533188 ], [ 129.039891717769336, 35.118652280898957 ], [ 129.039844839335643, 35.118689900493209 ], [ 129.039803003288824, 35.118722343829553 ], [ 129.039768978913372, 35.118735712543831 ], [ 129.039722747712688, 35.11875326833799 ], [ 129.039665835812372, 35.118755233820281 ], [ 129.039648033852586, 35.118759602013498 ], [ 129.039621797041661, 35.118766026673732 ], [ 129.039617960490801, 35.118767292580884 ], [ 129.039561360772268, 35.11878596642282 ], [ 129.039518567640926, 35.118790531256877 ], [ 129.039504932267164, 35.118791986576653 ], [ 129.039398395090558, 35.118803349655394 ], [ 129.039370686882933, 35.118784060810803 ], [ 129.039311434786413, 35.118803197395508 ], [ 129.039252436857822, 35.118826335686762 ], [ 129.039367232639677, 35.119046394572415 ], [ 129.039377465860952, 35.119066022573776 ], [ 129.039479974589398, 35.119261946996481 ], [ 129.039493250267014, 35.119287324692593 ], [ 129.039671433519004, 35.119627892144081 ], [ 129.039714361970852, 35.119712065220639 ], [ 129.039716612495312, 35.119709436345119 ], [ 129.039796008407762, 35.119616578216352 ], [ 129.039993054355534, 35.11938337987268 ], [ 129.040117869158365, 35.119235664396761 ], [ 129.040123388482641, 35.119229121563038 ], [ 129.040124493192337, 35.11922782452811 ], [ 129.040202816570712, 35.119135105994033 ], [ 129.040204746599414, 35.119132824709162 ], [ 129.040209700465738, 35.119126964347913 ], [ 129.040220720086978, 35.119113921287081 ], [ 129.040291747684137, 35.119032835193153 ], [ 129.0403218510925, 35.11899846889348 ], [ 129.040332611654435, 35.118986181928975 ], [ 129.040339246068697, 35.118978604273494 ], [ 129.040341027160139, 35.118976570142408 ], [ 129.040353655821207, 35.118962150569921 ] ] ] } },
{ "type": "Feature", "properties": { "TOT_OA_CD": "21030520010006", "dong": "초량2동", "risk_norm": 0.34276367009313674, "high_risk": false, "aed_dist_night": 374.07839717515913, "covered_night": false, "gap": false, "elev": 17.0, "인구기준시점": "2026-06", "AED기준시점": "2026-07", "생성일": "2026-07-26" }, "geometry": { "type": "Polygon", "coordinates": [ [ [ 129.036262237983294, 35.118838013707105 ], [ 129.036357918997538, 35.118717039123702 ], [ 129.036736669034525, 35.11864290802464 ], [ 129.036730604387174, 35.118484776588346 ], [ 129.036730051153398, 35.118473726199845 ], [ 129.036727292379624, 35.11841880317543 ], [ 129.036724983707643, 35.118372829312321 ], [ 129.036733309252554, 35.118372548812289 ], [ 129.036754251007551, 35.118372459972498 ], [ 129.036805378538816, 35.118387948770099 ], [ 129.036818546761452, 35.118396147860373 ], [ 129.03684894298172, 35.118418312696143 ], [ 129.036882520942555, 35.118441738226835 ], [ 129.03690424680596, 35.118452547172595 ], [ 129.036941225994354, 35.118473900001348 ], [ 129.036978313639878, 35.118494890788384 ], [ 129.037000476940307, 35.118502815329002 ], [ 129.037004416313948, 35.118504391854884 ], [ 129.037038329063137, 35.118517946718633 ], [ 129.037077388344926, 35.118530103704707 ], [ 129.037096149672749, 35.118536317699302 ], [ 129.037111400604857, 35.118541360838179 ], [ 129.037117128447221, 35.118544270724712 ], [ 129.037126103619613, 35.118548838103401 ], [ 129.037131359607997, 35.118551513251163 ], [ 129.037153315562932, 35.118562710497955 ], [ 129.037194671128304, 35.118558372095031 ], [ 129.037230981699793, 35.118557099160689 ], [ 129.037260056800164, 35.118567637207875 ], [ 129.037281345280036, 35.118581151073656 ], [ 129.037344320298388, 35.118596905862738 ], [ 129.037376684882219, 35.118602755224842 ], [ 129.037408282614365, 35.118610948552814 ], [ 129.037459297204862, 35.118620938641165 ], [ 129.037507021749491, 35.118629397099234 ], [ 129.037546187611582, 35.118636416055637 ], [ 129.037580195687951, 35.118637577738973 ], [ 129.037630778178709, 35.118661358041642 ], [ 129.037656678100262, 35.118682893594666 ], [ 129.037684333795909, 35.118708574133272 ], [ 129.037704197947875, 35.118727045924267 ], [ 129.037839431429717, 35.118660693990243 ], [ 129.037870761531138, 35.118636373867318 ], [ 129.037940168706996, 35.118608320159495 ], [ 129.037957296099165, 35.118590594340588 ], [ 129.037968697418023, 35.118596558076213 ], [ 129.038107552015333, 35.118536413495995 ], [ 129.038167720399912, 35.118509453395049 ], [ 129.038145190661652, 35.118466284158728 ], [ 129.038144093362178, 35.11846418471773 ], [ 129.038087320398205, 35.118355392318094 ], [ 129.038004256875382, 35.118196216764758 ], [ 129.038003226018446, 35.118194206625525 ], [ 129.037960718149691, 35.118111606301269 ], [ 129.037908312029657, 35.118009766663043 ], [ 129.037870320042231, 35.117935933991532 ], [ 129.037868364741371, 35.117932144966112 ], [ 129.03780882962684, 35.117813724876548 ], [ 129.03780799746778, 35.117812070151523 ], [ 129.037807865426515, 35.117811817552841 ], [ 129.037874761436456, 35.117787623142185 ], [ 129.038515861449412, 35.117549280874883 ], [ 129.038577041626439, 35.117526222551149 ], [ 129.038457441354694, 35.11729545671718 ], [ 129.038455078884851, 35.117290906470295 ], [ 129.038387062774433, 35.117159670566508 ], [ 129.038359197711372, 35.117105443168519 ], [ 129.038358087169826, 35.117103279855499 ], [ 129.038355945963872, 35.117099116308808 ], [ 129.038352883021105, 35.117093142341517 ], [ 129.038288586905992, 35.116968025260519 ], [ 129.038280483639625, 35.116952281325688 ], [ 129.038274962142793, 35.11694154735261 ], [ 129.038082007858122, 35.11656652222544 ], [ 129.038056063678852, 35.116516100441352 ], [ 129.038054086768767, 35.116518749236612 ], [ 129.038053096936011, 35.11652318241503 ], [ 129.03804419968202, 35.116562913241836 ], [ 129.038041967863506, 35.116572899913137 ], [ 129.038008673702478, 35.116721577855635 ], [ 129.038008264216415, 35.116723435887238 ], [ 129.038007687256538, 35.116726015530638 ], [ 129.037977767064348, 35.116859627930346 ], [ 129.037934113799054, 35.117054579333931 ], [ 129.037897091936742, 35.117219906902577 ], [ 129.037792778509157, 35.117685771974259 ], [ 129.037771694094403, 35.117691104778352 ], [ 129.037751367851797, 35.117696258465195 ], [ 129.037746183602877, 35.117697572093149 ], [ 129.037743224005226, 35.117698322839267 ], [ 129.03773792929519, 35.117699656785149 ], [ 129.037732643449374, 35.117700992441193 ], [ 129.037684608764408, 35.117713138992315 ], [ 129.037640081008306, 35.117710511352335 ], [ 129.037593011259418, 35.117707731114812 ], [ 129.037411195986721, 35.117696994982815 ], [ 129.037364194314335, 35.117694219192387 ], [ 129.037321893509528, 35.117729516701957 ], [ 129.037277718139507, 35.117766376140722 ], [ 129.037216417903636, 35.117817533311545 ], [ 129.037174215325365, 35.117852752000687 ], [ 129.037020569902978, 35.11797723395221 ], [ 129.036918895468261, 35.118059621099661 ], [ 129.036742889635292, 35.118202818944305 ], [ 129.036710030746264, 35.118208149436704 ], [ 129.036702775565573, 35.11820933058717 ], [ 129.036695830002316, 35.118210466332108 ], [ 129.036670981150678, 35.118214491560366 ], [ 129.036638029315441, 35.118219839411459 ], [ 129.036631251474461, 35.11823638886235 ], [ 129.036625529219407, 35.118250365264082 ], [ 129.036616264800529, 35.11827298794784 ], [ 129.036611653666881, 35.118278760861706 ], [ 129.036572342812519, 35.118327987126719 ], [ 129.036568126365353, 35.118340344049763 ], [ 129.036558866432728, 35.118367472963577 ], [ 129.036555633937866, 35.118376948476083 ], [ 129.036555815410594, 35.118379365202685 ], [ 129.036559766071633, 35.118431792768853 ], [ 129.036562433368204, 35.118467185236511 ], [ 129.036562850773862, 35.11847275643656 ], [ 129.036492468000461, 35.118472254002675 ], [ 129.03647712990778, 35.11847513167482 ], [ 129.036457733892632, 35.118480167901865 ], [ 129.036413524566228, 35.118491653244782 ], [ 129.036329435108144, 35.118535268361811 ], [ 129.036262816052698, 35.118563223590293 ], [ 129.036242764216411, 35.118547417298821 ], [ 129.036173008700843, 35.118492429303387 ], [ 129.036165213687298, 35.118500805835147 ], [ 129.036161266071247, 35.118505042990684 ], [ 129.036149424700653, 35.118519467461468 ], [ 129.036125630992785, 35.118548136619019 ], [ 129.036100743636041, 35.118578521892744 ], [ 129.036079032138844, 35.118605297368077 ], [ 129.036054034554866, 35.118636943569328 ], [ 129.036029037099922, 35.118668947701408 ], [ 129.036008009318977, 35.118700112620871 ], [ 129.036006781779093, 35.118701944935196 ], [ 129.036005467374792, 35.118709785799012 ], [ 129.036008874299199, 35.118725378437659 ], [ 129.036003066093144, 35.118740161921693 ], [ 129.035989689497882, 35.118755580524841 ], [ 129.035953492840918, 35.118767487104691 ], [ 129.035930240922568, 35.118776508537472 ], [ 129.035899857516938, 35.118784538419412 ], [ 129.035864536876261, 35.118792841838193 ], [ 129.035834809427485, 35.118798168455008 ], [ 129.035809581977475, 35.118804485709227 ], [ 129.035775687514246, 35.118813237169107 ], [ 129.035772900187993, 35.11881416601188 ], [ 129.035750896752319, 35.118821537843246 ], [ 129.03571788053398, 35.118827856412693 ], [ 129.035684531234637, 35.118829759471872 ], [ 129.035657762325968, 35.118824808005336 ], [ 129.035633077753005, 35.118817604937448 ], [ 129.035611132030255, 35.118804900658226 ], [ 129.035599620138782, 35.118796548788666 ], [ 129.03559785342128, 35.118795260216515 ], [ 129.035594354338656, 35.118793112732853 ], [ 129.035570091922636, 35.11877823246305 ], [ 129.035548366388241, 35.118770126325934 ], [ 129.03552115800224, 35.118761752423858 ], [ 129.035498226822085, 35.1187553584125 ], [ 129.035470800441345, 35.118752210356639 ], [ 129.035440302110231, 35.118747801951251 ], [ 129.035406511286112, 35.118742314595885 ], [ 129.035364490289879, 35.11873529503935 ], [ 129.035282205746455, 35.118861920003965 ], [ 129.035318262040931, 35.118884394913856 ], [ 129.035297950450484, 35.118976898358468 ], [ 129.035292849201994, 35.119003631895609 ], [ 129.035384684204956, 35.119016712148294 ], [ 129.035399637217779, 35.119018978700431 ], [ 129.03582377142564, 35.119083370450639 ], [ 129.035944844148361, 35.119172571055621 ], [ 129.035978214500886, 35.119197149012876 ], [ 129.035982259691053, 35.119192028869591 ], [ 129.036089392122022, 35.119056560106664 ], [ 129.03609239557349, 35.119052764088408 ], [ 129.036262237983294, 35.118838013707105 ] ] ] } },
{ "type": "Feature", "properties": { "TOT_OA_CD": "21030520010007", "dong": "초량2동", "risk_norm": 0.92603610154809368, "high_risk": true, "aed_dist_night": 115.71172008198225, "covered_night": true, "gap": false, "elev": 71.0, "인구기준시점": "2026-06", "AED기준시점": "2026-07", "생성일": "2026-07-26" }, "geometry": { "type": "Polygon", "coordinates": [ [ [ 129.033526253104924, 35.118801505348145 ], [ 129.033561683964905, 35.118798251137136 ], [ 129.033591523465589, 35.118798422629276 ], [ 129.033601945823591, 35.118799591756073 ], [ 129.033623448362505, 35.118801840581312 ], [ 129.033651642719718, 35.118803815343462 ], [ 129.033690367345116, 35.118805337691938 ], [ 129.033710443056634, 35.118804701332699 ], [ 129.033744999345572, 35.118805953629796 ], [ 129.033753523359167, 35.118806655382798 ], [ 129.033754872875107, 35.118806762740498 ], [ 129.033812904650034, 35.118806747758768 ], [ 129.033835503466776, 35.118808003475905 ], [ 129.033850532289676, 35.118806826909861 ], [ 129.03386380363105, 35.118799702074966 ], [ 129.033865005794354, 35.118789607683077 ], [ 129.033870487865784, 35.118782575107396 ], [ 129.03389374486909, 35.118782298763087 ], [ 129.033917990076816, 35.11878445510839 ], [ 129.033947830624868, 35.118793461440696 ], [ 129.033975589239134, 35.118801926962519 ], [ 129.033995121130459, 35.118811204405247 ], [ 129.034016733164293, 35.118815255908132 ], [ 129.034039771884238, 35.118821829167345 ], [ 129.034068189309238, 35.118828852789122 ], [ 129.034105710551387, 35.118838937542165 ], [ 129.034132590231081, 35.118846231243502 ], [ 129.034152114774429, 35.118839375248783 ], [ 129.034180583922051, 35.118819663443496 ], [ 129.034185740249711, 35.11881609266824 ], [ 129.034177004163411, 35.118809289670907 ], [ 129.034134141524987, 35.118775933318105 ], [ 129.034050831810987, 35.118716312764526 ], [ 129.033966872469279, 35.118649427020785 ], [ 129.033966279911255, 35.118649192903888 ], [ 129.033881161019366, 35.118615270440955 ], [ 129.033877363898711, 35.118611034909023 ], [ 129.033835768408665, 35.118564598904563 ], [ 129.033784838912794, 35.118520490863638 ], [ 129.033775138051823, 35.118512092474134 ], [ 129.033715305531331, 35.118536210587443 ], [ 129.033667941752753, 35.118552537796091 ], [ 129.033648082799402, 35.118568244614913 ], [ 129.033625181578742, 35.118609686016967 ], [ 129.03359997240895, 35.118636067142582 ], [ 129.033598360391039, 35.118637411124062 ], [ 129.033592337080108, 35.118634185632921 ], [ 129.03351131563943, 35.11859088744459 ], [ 129.033462401959127, 35.118565157540068 ], [ 129.033401250937004, 35.11853251739165 ], [ 129.033385934192864, 35.118525355811208 ], [ 129.033389784179604, 35.11851964946684 ], [ 129.033403542983478, 35.118499247614089 ], [ 129.03341949656911, 35.118477682851221 ], [ 129.03342121748716, 35.11847535743896 ], [ 129.033452039914977, 35.118465334548993 ], [ 129.033487196629522, 35.118459755911246 ], [ 129.033531129484828, 35.118452757932339 ], [ 129.033559393392153, 35.118438310693861 ], [ 129.033586129895752, 35.118416959312832 ], [ 129.033625467861327, 35.118389629380346 ], [ 129.033644178783732, 35.118348503397641 ], [ 129.033663556966047, 35.118303755265643 ], [ 129.033667842199606, 35.118293874309181 ], [ 129.033690740483451, 35.118249296243086 ], [ 129.033727406530005, 35.118202190698973 ], [ 129.033764139022452, 35.118158455424634 ], [ 129.033762742785711, 35.118150703883707 ], [ 129.033751814147365, 35.118089801867946 ], [ 129.033770749749493, 35.118041529504559 ], [ 129.033733817887139, 35.118024286441958 ], [ 129.033737425945191, 35.118019724580087 ], [ 129.033741327069549, 35.118009547363187 ], [ 129.033756636623991, 35.11796967617687 ], [ 129.033772803300536, 35.117919861034174 ], [ 129.033931278628728, 35.117974131437101 ], [ 129.034052100567351, 35.117933749629664 ], [ 129.034104857044923, 35.117997705155126 ], [ 129.034146351310284, 35.11803518122116 ], [ 129.034167104097975, 35.118057673498448 ], [ 129.034174617015651, 35.118165033912341 ], [ 129.034178306635653, 35.118171729480927 ], [ 129.034192050602201, 35.118196720532396 ], [ 129.034199930246274, 35.118204902115941 ], [ 129.034261748665159, 35.118239308689596 ], [ 129.034296206688083, 35.118295192779591 ], [ 129.034304090194951, 35.118313938575248 ], [ 129.034302130963908, 35.118350246226825 ], [ 129.034299146585312, 35.118405617999748 ], [ 129.034290037620536, 35.118421645951095 ], [ 129.034253333556052, 35.118482453102516 ], [ 129.034246295393331, 35.118494100906176 ], [ 129.034233655233407, 35.118515042294653 ], [ 129.034213349468274, 35.118569237646362 ], [ 129.034182748741699, 35.118665692278931 ], [ 129.034182321635143, 35.11866848638023 ], [ 129.034181610401617, 35.1186732189434 ], [ 129.034181161666368, 35.118676147661205 ], [ 129.034180473022388, 35.118680736584516 ], [ 129.034179324619743, 35.118688253470907 ], [ 129.034179413142255, 35.118691454012477 ], [ 129.034179535693937, 35.118695473661816 ], [ 129.034179537965855, 35.118701738074797 ], [ 129.034181175839819, 35.118708912240777 ], [ 129.034181922598066, 35.118712103520693 ], [ 129.034182890108809, 35.118716240487402 ], [ 129.034184054254268, 35.118719862873562 ], [ 129.034184998044651, 35.118722792913566 ], [ 129.034186832554838, 35.118727055069918 ], [ 129.034188577613349, 35.118730056101434 ], [ 129.034190367022035, 35.118733138600973 ], [ 129.034192825907439, 35.1187363469678 ], [ 129.034199323228108, 35.11874389872164 ], [ 129.034236989295067, 35.118780609931875 ], [ 129.034284803699649, 35.118827224015519 ], [ 129.034318298130614, 35.118836274142353 ], [ 129.034337315820011, 35.118769333594315 ], [ 129.03434895023338, 35.118730337454274 ], [ 129.0343763605417, 35.118691968368182 ], [ 129.034401337567999, 35.118660359738591 ], [ 129.034438035322239, 35.118640231735043 ], [ 129.034612125340175, 35.118597982038011 ], [ 129.034625923910681, 35.118594634533117 ], [ 129.034838275883232, 35.118549030158043 ], [ 129.034935451984353, 35.11852841644729 ], [ 129.034943021173319, 35.118555022818768 ], [ 129.035024065683928, 35.118625478224033 ], [ 129.035033929135665, 35.118633001706151 ], [ 129.035043792954269, 35.118637621991454 ], [ 129.035051539470601, 35.118641099667421 ], [ 129.035104028044287, 35.118657670073979 ], [ 129.035210232578265, 35.118688377169988 ], [ 129.035234587684698, 35.118695221161531 ], [ 129.035256531505752, 35.118699992231775 ], [ 129.035278253215949, 35.118703861757986 ], [ 129.035305353804915, 35.118715030280349 ], [ 129.035310950837328, 35.11871962704047 ], [ 129.035337612512052, 35.118728632716682 ], [ 129.035358951501337, 35.118733918122125 ], [ 129.035364490289879, 35.11873529503935 ], [ 129.035406511286112, 35.118742314595885 ], [ 129.035440302110231, 35.118747801951251 ], [ 129.035470800441345, 35.118752210356639 ], [ 129.035498226822085, 35.1187553584125 ], [ 129.03552115800224, 35.118761752423858 ], [ 129.035548366388241, 35.118770126325934 ], [ 129.035570091922636, 35.11877823246305 ], [ 129.035594354338656, 35.118793112732853 ], [ 129.03559785342128, 35.118795260216515 ], [ 129.035599620138782, 35.118796548788666 ], [ 129.035611132030255, 35.118804900658226 ], [ 129.035633077753005, 35.118817604937448 ], [ 129.035657762325968, 35.118824808005336 ], [ 129.035684531234637, 35.118829759471872 ], [ 129.03571788053398, 35.118827856412693 ], [ 129.035750896752319, 35.118821537843246 ], [ 129.035772900187993, 35.11881416601188 ], [ 129.035775687514246, 35.118813237169107 ], [ 129.035809581977475, 35.118804485709227 ], [ 129.035834809427485, 35.118798168455008 ], [ 129.035864536876261, 35.118792841838193 ], [ 129.035899857516938, 35.118784538419412 ], [ 129.035930240922568, 35.118776508537472 ], [ 129.035953492840918, 35.118767487104691 ], [ 129.035989689497882, 35.118755580524841 ], [ 129.036003066093144, 35.118740161921693 ], [ 129.036008874299199, 35.118725378437659 ], [ 129.036005467374792, 35.118709785799012 ], [ 129.036006781779093, 35.118701944935196 ], [ 129.036008009318977, 35.118700112620871 ], [ 129.036029037099922, 35.118668947701408 ], [ 129.036054034554866, 35.118636943569328 ], [ 129.036079032138844, 35.118605297368077 ], [ 129.036100743636041, 35.118578521892744 ], [ 129.036125630992785, 35.118548136619019 ], [ 129.036149424700653, 35.118519467461468 ], [ 129.036161266071247, 35.118505042990684 ], [ 129.036165213687298, 35.118500805835147 ], [ 129.036173008700843, 35.118492429303387 ], [ 129.036172669036915, 35.118492163135159 ], [ 129.036133572304635, 35.118461347386926 ], [ 129.036104088991124, 35.118444372190687 ], [ 129.036023261716906, 35.118397798590124 ], [ 129.036008252923835, 35.11839547871886 ], [ 129.035988727924092, 35.118392476754508 ], [ 129.035947614993916, 35.118386123930811 ], [ 129.035903991020973, 35.118379397172291 ], [ 129.035779008057858, 35.118322197526979 ], [ 129.035680323659193, 35.118277045522163 ], [ 129.035676898933531, 35.118252375612336 ], [ 129.035676030995006, 35.118246123098665 ], [ 129.035674367512257, 35.118234140939016 ], [ 129.035673793675585, 35.118229993562025 ], [ 129.035673301567414, 35.118226458255485 ], [ 129.035671152802195, 35.118210954253904 ], [ 129.035668553826355, 35.118192275963679 ], [ 129.035604534272409, 35.118121596214998 ], [ 129.035604522543508, 35.118101679666545 ], [ 129.03560451148229, 35.118085596794145 ], [ 129.035604508834751, 35.118082415905448 ], [ 129.035610733348051, 35.118052510689083 ], [ 129.035587373207477, 35.118035002467252 ], [ 129.035564256751314, 35.118017673303314 ], [ 129.035542308851916, 35.118001216485311 ], [ 129.035524124051364, 35.117987587246184 ], [ 129.035520355547419, 35.1179847633774 ], [ 129.035391131452798, 35.117890502944569 ], [ 129.0353916170601, 35.117888428478928 ], [ 129.035371484385308, 35.117872275923446 ], [ 129.035332229643927, 35.117840783900107 ], [ 129.035309387738693, 35.117762996929059 ], [ 129.035287973023031, 35.117690097546785 ], [ 129.03528342379019, 35.117674612217996 ], [ 129.035273772422329, 35.117660198648217 ], [ 129.035258115101612, 35.117636816109595 ], [ 129.035193060885859, 35.117539667008096 ], [ 129.035190486917429, 35.117535824450215 ], [ 129.035152498858452, 35.117542999275976 ], [ 129.035115052057591, 35.117550070758753 ], [ 129.035109117964566, 35.117551190882814 ], [ 129.03503440840305, 35.117535785509325 ], [ 129.034995832556291, 35.117527831374403 ], [ 129.034992080601825, 35.117527056641315 ], [ 129.034867541706177, 35.117443763940756 ], [ 129.03486428020517, 35.117441582780572 ], [ 129.034858802620846, 35.117439545044206 ], [ 129.034763959912425, 35.117404255083123 ], [ 129.034760052578292, 35.117402801585726 ], [ 129.03475269541056, 35.117400065478371 ], [ 129.034752950331466, 35.117399090311814 ], [ 129.034768980193377, 35.117337571967525 ], [ 129.03476244045828, 35.117325356755103 ], [ 129.034755184734394, 35.117311825204965 ], [ 129.034622291155443, 35.117269581378508 ], [ 129.034565710276752, 35.117209231346003 ], [ 129.034546068453409, 35.117188281253355 ], [ 129.034534743797053, 35.117176204139945 ], [ 129.034524587129482, 35.11717005932617 ], [ 129.034469405934743, 35.117136706653753 ], [ 129.03437238882384, 35.117078067690841 ], [ 129.034337886815081, 35.117053338605267 ], [ 129.034330226673717, 35.117047845574682 ], [ 129.034281979532267, 35.117013267204747 ], [ 129.034192629177369, 35.116949222291623 ], [ 129.034141626972001, 35.116912663634587 ], [ 129.033950644259335, 35.116775766954206 ], [ 129.033943922168959, 35.116774770107789 ], [ 129.033920396526838, 35.116771281069546 ], [ 129.033919454629057, 35.116771140626113 ], [ 129.033877727897647, 35.116818155198679 ], [ 129.033693049244704, 35.116955543853727 ], [ 129.033585790730342, 35.117045546317598 ], [ 129.033572766623251, 35.117056772152367 ], [ 129.033319396699795, 35.11727519401078 ], [ 129.0332985812868, 35.117293136269971 ], [ 129.033253243420148, 35.117324317049317 ], [ 129.033366367449645, 35.117438409017694 ], [ 129.033361248758609, 35.117479818292807 ], [ 129.033361255340282, 35.117493050349907 ], [ 129.033371542609473, 35.117517700197908 ], [ 129.033371549387056, 35.117533051056782 ], [ 129.033369847331869, 35.117555585937659 ], [ 129.033390862104824, 35.11760519025912 ], [ 129.03339043645579, 35.117612338268877 ], [ 129.03338529720719, 35.11762571657043 ], [ 129.033380164896528, 35.117656562675336 ], [ 129.033377618233089, 35.117707687715352 ], [ 129.033376439114278, 35.117725688085692 ], [ 129.033375916200214, 35.11773373710583 ], [ 129.033359632384105, 35.117748388835892 ], [ 129.033351245231131, 35.117760371045264 ], [ 129.033361369668626, 35.117787688173756 ], [ 129.033381956508805, 35.117834012393295 ], [ 129.033406520582389, 35.117868888064365 ], [ 129.033433366406655, 35.117915202554293 ], [ 129.033456214756711, 35.117953847934437 ], [ 129.03345749126126, 35.117963293348339 ], [ 129.033478242500422, 35.118008427158188 ], [ 129.033479043244569, 35.118010167952441 ], [ 129.033501499122337, 35.118038760779378 ], [ 129.033513506104271, 35.118052702929482 ], [ 129.033528353791098, 35.118061774651167 ], [ 129.03353206120417, 35.118063801450852 ], [ 129.033537800021946, 35.118067189205092 ], [ 129.033547622648996, 35.118078751692323 ], [ 129.033587759309682, 35.118129866712692 ], [ 129.033594620180196, 35.118141131265936 ], [ 129.033595081850194, 35.11814216766313 ], [ 129.033576566302173, 35.118147761198372 ], [ 129.033436180678365, 35.118166762110768 ], [ 129.03335733105132, 35.118175733687096 ], [ 129.033219937535051, 35.118191977203793 ], [ 129.033218791883002, 35.118192090890204 ], [ 129.033082780300504, 35.118201624051686 ], [ 129.03304514350836, 35.118204263167961 ], [ 129.032968860439979, 35.118207437084777 ], [ 129.032909886542257, 35.118211670502625 ], [ 129.032821417785811, 35.118226971956716 ], [ 129.032810702850355, 35.118231382958086 ], [ 129.032811525892072, 35.118232734892089 ], [ 129.032827299499587, 35.118256436317303 ], [ 129.032854805490416, 35.118267714764904 ], [ 129.032894555964134, 35.118282774782848 ], [ 129.032931991423425, 35.118297204979562 ], [ 129.032975560978542, 35.118316032291325 ], [ 129.033025998826417, 35.118338616294963 ], [ 129.033080251034363, 35.118352419850027 ], [ 129.033074936434645, 35.118422736529055 ], [ 129.033120028180576, 35.11843465889887 ], [ 129.033194511043547, 35.118452638847394 ], [ 129.033203210835495, 35.118455521227105 ], [ 129.033184400810143, 35.118492482054037 ], [ 129.033144148906132, 35.118543897443956 ], [ 129.033131985372677, 35.11857699820515 ], [ 129.033164391884497, 35.11860670761893 ], [ 129.03322080244584, 35.118639935292791 ], [ 129.033302402857288, 35.118682160620722 ], [ 129.033385043850615, 35.118716787453032 ], [ 129.033386516692445, 35.118724060193777 ], [ 129.033382226205475, 35.118724647346554 ], [ 129.033333328354644, 35.118740983896892 ], [ 129.033286722975447, 35.118759203794475 ], [ 129.033237973835895, 35.118793080295276 ], [ 129.033209760018451, 35.11882455471364 ], [ 129.033186593584247, 35.118860173160904 ], [ 129.033164436140908, 35.118894124318572 ], [ 129.033138242354909, 35.118930572667175 ], [ 129.033092909930701, 35.118977789460317 ], [ 129.033086013939254, 35.118987020911163 ], [ 129.033083229553455, 35.118990744644016 ], [ 129.033092061476566, 35.118990075698797 ], [ 129.033135779269998, 35.118965025725004 ], [ 129.033161441804879, 35.118946721051678 ], [ 129.033179757040671, 35.118933827007126 ], [ 129.033208276806221, 35.118926518340338 ], [ 129.03322670305576, 35.118916327760914 ], [ 129.033238735557262, 35.11891300726225 ], [ 129.033244691801769, 35.118911364882649 ], [ 129.033265422217283, 35.118902977241476 ], [ 129.033293936880824, 35.118882869260482 ], [ 129.033318832175894, 35.11886537670658 ], [ 129.033357655692129, 35.118838685425395 ], [ 129.033386940300829, 35.118822364392962 ], [ 129.033414580968468, 35.11881388385649 ], [ 129.033447709511307, 35.118809097257127 ], [ 129.033489831914409, 35.118804850464116 ], [ 129.033521315902988, 35.118801957301216 ], [ 129.033526253104924, 35.118801505348145 ] ] ] } },
{ "type": "Feature", "properties": { "TOT_OA_CD": "21030520010004", "dong": "초량2동", "risk_norm": 0.24806133791305901, "high_risk": false, "aed_dist_night": 368.40327638850937, "covered_night": false, "gap": false, "elev": 16.0, "인구기준시점": "2026-06", "AED기준시점": "2026-07", "생성일": "2026-07-26" }, "geometry": { "type": "Polygon", "coordinates": [ [ [ 129.03901533106017, 35.120160683252614 ], [ 129.039009158399921, 35.12014906857852 ], [ 129.038855708444885, 35.119844321041832 ], [ 129.038854050067272, 35.119840978170792 ], [ 129.03878930795662, 35.119710397929616 ], [ 129.038788035327002, 35.119707903093719 ], [ 129.038760729010221, 35.11965456943679 ], [ 129.038759804963462, 35.119652756298343 ], [ 129.038658065649059, 35.11945397691057 ], [ 129.03865458278861, 35.119447387063367 ], [ 129.038715975440198, 35.119426277023287 ], [ 129.038730329386311, 35.119414653258708 ], [ 129.038740855926392, 35.119404374637305 ], [ 129.038761471231254, 35.119383997843428 ], [ 129.03878416810079, 35.119361636295089 ], [ 129.038796997770504, 35.119349014849867 ], [ 129.038806318251886, 35.119338735303224 ], [ 129.038807739082358, 35.119327288374443 ], [ 129.038809596949278, 35.119312415181902 ], [ 129.038807395130931, 35.119293307267434 ], [ 129.038805413031326, 35.119276722863809 ], [ 129.038802328602685, 35.119249952498421 ], [ 129.038821840778155, 35.119218128346567 ], [ 129.038841461731636, 35.119185494072077 ], [ 129.038867660335228, 35.119139515321955 ], [ 129.038883657115463, 35.119096516990318 ], [ 129.038893627808079, 35.119068300567498 ], [ 129.038906223749706, 35.119024941496377 ], [ 129.038913912032115, 35.118997717875601 ], [ 129.03891397637787, 35.118997464572843 ], [ 129.038916189995916, 35.11898960414559 ], [ 129.038917066066176, 35.118986358927501 ], [ 129.038929888744548, 35.118959314439586 ], [ 129.038942165943013, 35.118938038165659 ], [ 129.038953564006789, 35.11891739431173 ], [ 129.038956963342571, 35.118911083095362 ], [ 129.038975494027255, 35.118894582620044 ], [ 129.038983387273078, 35.118880068275431 ], [ 129.038994018393282, 35.118860596327352 ], [ 129.039006516781797, 35.118845539301525 ], [ 129.039038304400776, 35.118789555511732 ], [ 129.039044114512194, 35.118777294589187 ], [ 129.039104120548132, 35.118680171457989 ], [ 129.039165288021479, 35.118652435388242 ], [ 129.039084505553234, 35.118491216538985 ], [ 129.039079843874106, 35.118492894147529 ], [ 129.038785973753278, 35.118605664629015 ], [ 129.038681128581061, 35.118645897847919 ], [ 129.038368994717189, 35.118765675780601 ], [ 129.038311476997137, 35.118787073617959 ], [ 129.038304789764538, 35.118774168027713 ], [ 129.038234560189267, 35.118800094663804 ], [ 129.037880746815659, 35.118939506477126 ], [ 129.037862014828107, 35.118946886805091 ], [ 129.037851989258968, 35.118950836877808 ], [ 129.037842742533115, 35.118955354987158 ], [ 129.037838345855249, 35.118958232834885 ], [ 129.037835935135632, 35.118960630174513 ], [ 129.037794851882808, 35.118931474823789 ], [ 129.037780268280983, 35.118922068485553 ], [ 129.037741715764099, 35.118915230268705 ], [ 129.037729461602396, 35.118914161372409 ], [ 129.037353170605456, 35.118906313768463 ], [ 129.037170507461497, 35.118906367807661 ], [ 129.037152732631199, 35.118950269341106 ], [ 129.037115071430009, 35.119080112688195 ], [ 129.037235051746592, 35.119210089676578 ], [ 129.037224423691015, 35.119213922903285 ], [ 129.037234402259344, 35.119223646467908 ], [ 129.037256537649171, 35.119245256029998 ], [ 129.037325361003042, 35.119310888870551 ], [ 129.037434327563801, 35.119417249560136 ], [ 129.037434681926555, 35.11941759581358 ], [ 129.037509148067272, 35.119489943390491 ], [ 129.037518014057213, 35.119498559460581 ], [ 129.037525280127426, 35.119505892987448 ], [ 129.037594456670405, 35.11957575514451 ], [ 129.037634982297277, 35.119631627114963 ], [ 129.037677044595341, 35.119706960762457 ], [ 129.037682424852051, 35.119767854317018 ], [ 129.037674804287946, 35.119828131163274 ], [ 129.037660709152249, 35.11986060134727 ], [ 129.037640138712447, 35.119907965460243 ], [ 129.037604567262377, 35.119993902573562 ], [ 129.037543641058818, 35.120123599425973 ], [ 129.03753655680373, 35.12013803311369 ], [ 129.037518287507226, 35.120172675042689 ], [ 129.037320529361722, 35.120100177611405 ], [ 129.037293109921421, 35.120090126205227 ], [ 129.037291693507456, 35.120089612236981 ], [ 129.037290805111013, 35.120089287203086 ], [ 129.037263342002291, 35.120139045008308 ], [ 129.037213208672426, 35.120227805774917 ], [ 129.037134765164751, 35.120365935625486 ], [ 129.037114913179721, 35.12039823715115 ], [ 129.037143947799962, 35.120414118684003 ], [ 129.037241991875106, 35.120470507203883 ], [ 129.037300061192468, 35.120503905732171 ], [ 129.037343856568242, 35.120510984155253 ], [ 129.037370582439252, 35.12051530372846 ], [ 129.037422373230214, 35.12052367457305 ], [ 129.037552039068203, 35.120526533053983 ], [ 129.037701687170625, 35.120534390652672 ], [ 129.037759537460033, 35.120547426041362 ], [ 129.037788416929516, 35.120553935293621 ], [ 129.037794746884629, 35.120555361593375 ], [ 129.037827382885297, 35.120562704029133 ], [ 129.037848132645024, 35.12056737434655 ], [ 129.037972049391442, 35.120605656793785 ], [ 129.038066984726385, 35.120634687592478 ], [ 129.038145845556897, 35.120641276438498 ], [ 129.038307085389704, 35.120547949333734 ], [ 129.03832745867976, 35.120536157271417 ], [ 129.038354486427551, 35.12048988408236 ], [ 129.038356923213115, 35.120485719243206 ], [ 129.038389502194036, 35.120429922138989 ], [ 129.038725777767837, 35.120264139222115 ], [ 129.038949485288242, 35.12017603997591 ], [ 129.038989757711363, 35.120166645802939 ], [ 129.039005611855771, 35.120162955235692 ], [ 129.03901533106017, 35.120160683252614 ] ] ] } },
{ "type": "Feature", "properties": { "TOT_OA_CD": "21030520010005", "dong": "초량2동", "risk_norm": 0.63058600274516763, "high_risk": true, "aed_dist_night": 207.97634456464564, "covered_night": false, "gap": true, "elev": 95.0, "인구기준시점": "2026-06", "AED기준시점": "2026-07", "생성일": "2026-07-26" }, "geometry": { "type": "Polygon", "coordinates": [ [ [ 129.031722700808103, 35.119032634706542 ], [ 129.031759951454177, 35.119026402548229 ], [ 129.031785303592272, 35.119034461740526 ], [ 129.031794823614973, 35.119037488041435 ], [ 129.03181534788277, 35.119011223286137 ], [ 129.031867309061852, 35.118997887945206 ], [ 129.0319426687754, 35.118983627494266 ], [ 129.031943951904623, 35.11898364553042 ], [ 129.031992253243914, 35.11898424580928 ], [ 129.032361629717798, 35.11901146320092 ], [ 129.032545481570082, 35.119019781015567 ], [ 129.032545931811342, 35.119019798778425 ], [ 129.03274186443852, 35.119032818704476 ], [ 129.032938606499442, 35.119042240545596 ], [ 129.032943258347956, 35.119041202541588 ], [ 129.032910803134314, 35.118943305336217 ], [ 129.032896250491348, 35.118899503180124 ], [ 129.032895404978916, 35.118896952386585 ], [ 129.032851138711607, 35.11883586065413 ], [ 129.032795993709044, 35.118782676641331 ], [ 129.032754310116218, 35.118762145718975 ], [ 129.032663915609874, 35.118730035541894 ], [ 129.032562610939209, 35.11868476805089 ], [ 129.032531183089219, 35.118659492855961 ], [ 129.032499760888101, 35.11862051754607 ], [ 129.032386360707051, 35.118619371076043 ], [ 129.032363349878693, 35.118621715014314 ], [ 129.032303431462111, 35.118626274754021 ], [ 129.032300445545701, 35.118678121202365 ], [ 129.032073645244679, 35.118668570696599 ], [ 129.032069908217409, 35.118649551452329 ], [ 129.032035602942273, 35.118558036510137 ], [ 129.031931994301033, 35.118595686807602 ], [ 129.031871656191328, 35.118593537322162 ], [ 129.031833476847908, 35.118609351882327 ], [ 129.031732083731669, 35.118651349603425 ], [ 129.031627278170873, 35.118689323147379 ], [ 129.031607216863648, 35.118722498299128 ], [ 129.031354685882434, 35.118824541039302 ], [ 129.03115103381441, 35.118905136592574 ], [ 129.031027747541202, 35.118704508453625 ], [ 129.031005854320938, 35.118689998532062 ], [ 129.030980330009896, 35.118669384531032 ], [ 129.030969225152774, 35.118660415788959 ], [ 129.03093289810522, 35.118645219026753 ], [ 129.030810622468238, 35.118627518646072 ], [ 129.030485939600112, 35.118580518569814 ], [ 129.030441219135895, 35.11856185368017 ], [ 129.030409250038218, 35.118493763360966 ], [ 129.030577893355144, 35.118431429892922 ], [ 129.030892935336595, 35.118302304363503 ], [ 129.030908813537877, 35.118295795175968 ], [ 129.031221742991335, 35.118167534872811 ], [ 129.031409740794288, 35.118087626631876 ], [ 129.031514151476159, 35.118044188189273 ], [ 129.031814911420128, 35.117919062704047 ], [ 129.032187176778763, 35.117767630365208 ], [ 129.0324157566005, 35.117675002290824 ], [ 129.03248735771993, 35.117645796961817 ], [ 129.032494279312914, 35.117642973912673 ], [ 129.032525055795901, 35.117690261302485 ], [ 129.03252691065353, 35.117693856949273 ], [ 129.032648378211832, 35.117855574754515 ], [ 129.032664822100799, 35.117907859824655 ], [ 129.032668490812767, 35.117918016114707 ], [ 129.032683094146989, 35.117959035300757 ], [ 129.032691975914361, 35.118005724976399 ], [ 129.032695285336388, 35.118023117686093 ], [ 129.032702335830948, 35.118067238386978 ], [ 129.03270531417985, 35.118086697268964 ], [ 129.032724002227496, 35.118127740523143 ], [ 129.032735498628114, 35.118156609163542 ], [ 129.032737545440426, 35.11817003897729 ], [ 129.032738028086186, 35.118173192162857 ], [ 129.032737777897353, 35.11817963645251 ], [ 129.032786418860098, 35.118242844884612 ], [ 129.032791936155292, 35.118239094709381 ], [ 129.032810702850355, 35.118231382958086 ], [ 129.032821417785811, 35.118226971956716 ], [ 129.032909886542257, 35.118211670502625 ], [ 129.032968860439979, 35.118207437084777 ], [ 129.03304514350836, 35.118204263167961 ], [ 129.033082780300504, 35.118201624051686 ], [ 129.033218791883002, 35.118192090890204 ], [ 129.033219937535051, 35.118191977203793 ], [ 129.03335733105132, 35.118175733687096 ], [ 129.033436180678365, 35.118166762110768 ], [ 129.033576566302173, 35.118147761198372 ], [ 129.033595081850194, 35.11814216766313 ], [ 129.033594620180196, 35.118141131265936 ], [ 129.033587759309682, 35.118129866712692 ], [ 129.033547622648996, 35.118078751692323 ], [ 129.033537800021946, 35.118067189205092 ], [ 129.03353206120417, 35.118063801450852 ], [ 129.033528353791098, 35.118061774651167 ], [ 129.033513506104271, 35.118052702929482 ], [ 129.033501499122337, 35.118038760779378 ], [ 129.033479043244569, 35.118010167952441 ], [ 129.033478242500422, 35.118008427158188 ], [ 129.03345749126126, 35.117963293348339 ], [ 129.033456214756711, 35.117953847934437 ], [ 129.033433366406655, 35.117915202554293 ], [ 129.033406520582389, 35.117868888064365 ], [ 129.033381956508805, 35.117834012393295 ], [ 129.033361369668626, 35.117787688173756 ], [ 129.033351245231131, 35.117760371045264 ], [ 129.033359632384105, 35.117748388835892 ], [ 129.033375916200214, 35.11773373710583 ], [ 129.033376439114278, 35.117725688085692 ], [ 129.033377618233089, 35.117707687715352 ], [ 129.033380164896528, 35.117656562675336 ], [ 129.03338529720719, 35.11762571657043 ], [ 129.03339043645579, 35.117612338268877 ], [ 129.033390862104824, 35.11760519025912 ], [ 129.033369847331869, 35.117555585937659 ], [ 129.033371549387056, 35.117533051056782 ], [ 129.033371542609473, 35.117517700197908 ], [ 129.033361255340282, 35.117493050349907 ], [ 129.033361248758609, 35.117479818292807 ], [ 129.033366367449645, 35.117438409017694 ], [ 129.033253243420148, 35.117324317049317 ], [ 129.033252443928291, 35.117324867217938 ], [ 129.033181124374636, 35.117373929388428 ], [ 129.033079011026473, 35.117412624744134 ], [ 129.03303787866821, 35.117425343951176 ], [ 129.032957568445141, 35.117456120407795 ], [ 129.032956031122353, 35.117456705152662 ], [ 129.032936661180457, 35.117464128836311 ], [ 129.032877740184574, 35.117490193325324 ], [ 129.032741843834827, 35.117545121957086 ], [ 129.032594428265895, 35.11760212558027 ], [ 129.032557048688318, 35.117617372172866 ], [ 129.032511589514115, 35.117550770299637 ], [ 129.032439781661594, 35.117495407531976 ], [ 129.032396116316193, 35.117367733534948 ], [ 129.032219749901316, 35.117189561729873 ], [ 129.032183009978411, 35.117065922267976 ], [ 129.032145569947374, 35.116921884472845 ], [ 129.032106978989106, 35.116777082222825 ], [ 129.032237394091084, 35.116704371600122 ], [ 129.03242975645972, 35.116836993440032 ], [ 129.032526919705873, 35.116784014689017 ], [ 129.03258983947569, 35.116742809458636 ], [ 129.032785698588697, 35.116614546993013 ], [ 129.032827526610788, 35.116612155214412 ], [ 129.032869616781426, 35.116607944242702 ], [ 129.032992188369832, 35.116703368130281 ], [ 129.032954364996044, 35.116769807041386 ], [ 129.032991456199539, 35.116798641300399 ], [ 129.033059590086026, 35.116828999704325 ], [ 129.033240180538257, 35.116895832137295 ], [ 129.033357105587811, 35.116946836790675 ], [ 129.033524238089313, 35.117019695084331 ], [ 129.033572766623251, 35.117056772152367 ], [ 129.033585790730342, 35.117045546317598 ], [ 129.033693049244704, 35.116955543853727 ], [ 129.033877727897647, 35.116818155198679 ], [ 129.033919454629057, 35.116771140626113 ], [ 129.03391727600237, 35.116770822886004 ], [ 129.033793399488985, 35.116752481255311 ], [ 129.033703262625494, 35.116615649387221 ], [ 129.033694812164072, 35.116609728137853 ], [ 129.033538503557793, 35.11650019238914 ], [ 129.033369824591432, 35.116381995165554 ], [ 129.033319277796153, 35.116346570030956 ], [ 129.033288754117251, 35.116325179480953 ], [ 129.033273779126091, 35.116314685664946 ], [ 129.033209576436121, 35.116269704821107 ], [ 129.033194941649299, 35.116259445625772 ], [ 129.033122676598339, 35.116221164763523 ], [ 129.033077177978669, 35.116197063086645 ], [ 129.033021795612058, 35.116167725398732 ], [ 129.033017594165983, 35.116167553127369 ], [ 129.032923938214282, 35.116163685155605 ], [ 129.032898206732938, 35.116162629329779 ], [ 129.032863463990111, 35.116161204240889 ], [ 129.032832414289857, 35.116159931676506 ], [ 129.032840685953886, 35.11616633133039 ], [ 129.032790887006428, 35.116239926299961 ], [ 129.032752173206006, 35.116297138473733 ], [ 129.032676464813164, 35.116336521953393 ], [ 129.032651640525245, 35.116313254132479 ], [ 129.032620336938606, 35.116290988765343 ], [ 129.032567101320666, 35.116293364247831 ], [ 129.032527157082683, 35.116318287839022 ], [ 129.032496014445712, 35.116344922310354 ], [ 129.032495205304997, 35.116346715937397 ], [ 129.032477050859399, 35.116386977313219 ], [ 129.032503548664437, 35.11642133012441 ], [ 129.032474253953353, 35.116442464811222 ], [ 129.032453268091871, 35.116445563964859 ], [ 129.032399401659973, 35.116453516626684 ], [ 129.032353824723202, 35.116429272314093 ], [ 129.03230925116651, 35.11643083308384 ], [ 129.032254388753955, 35.116445838097285 ], [ 129.032225086809575, 35.116471628759953 ], [ 129.032172230175689, 35.116518156850134 ], [ 129.032126856249761, 35.116606952801114 ], [ 129.032046826337762, 35.116559028371746 ], [ 129.031696803062289, 35.116055084111792 ], [ 129.031045079764453, 35.116174025239097 ], [ 129.030487558021548, 35.116275771345279 ], [ 129.030315145284249, 35.116307235789471 ], [ 129.030013430902812, 35.116331959186354 ], [ 129.029542318935938, 35.116370561626972 ], [ 129.029523730726936, 35.116372085518051 ], [ 129.02951178224825, 35.116364862008759 ], [ 129.029331971113493, 35.116256140322676 ], [ 129.029322782396207, 35.116284789754559 ], [ 129.029290923158129, 35.116384101000584 ], [ 129.029013104768495, 35.117250134080514 ], [ 129.028231509472022, 35.117476066180743 ], [ 129.028239945147561, 35.117490142226472 ], [ 129.028288950753733, 35.117525145350868 ], [ 129.028350661274175, 35.117557927102951 ], [ 129.028405104980664, 35.117583986061902 ], [ 129.028430523974606, 35.117616753029523 ], [ 129.028448925474464, 35.11767094978169 ], [ 129.028448945008762, 35.117723097290238 ], [ 129.028419073039004, 35.117783021342056 ], [ 129.02845909947311, 35.117787355483479 ], [ 129.028548303647284, 35.117817506612155 ], [ 129.028604280964032, 35.117847640357411 ], [ 129.028617391013995, 35.117861233681175 ], [ 129.028635214765046, 35.11790651888586 ], [ 129.028637742064063, 35.117920215048954 ], [ 129.028794983111624, 35.117980013950572 ], [ 129.028934546957828, 35.118041299745514 ], [ 129.02890235125264, 35.118114030068327 ], [ 129.028894676750923, 35.118131360396582 ], [ 129.028907539975563, 35.11813344042983 ], [ 129.028992554158407, 35.118144398150847 ], [ 129.029015660127129, 35.118172568870158 ], [ 129.029097405870033, 35.118277958918917 ], [ 129.029214421255602, 35.11842881422632 ], [ 129.029448542806307, 35.118705842432135 ], [ 129.02961955271175, 35.118764335859602 ], [ 129.029621229507711, 35.118764926013348 ], [ 129.029670554907852, 35.118782273540155 ], [ 129.029814491047006, 35.118837612824237 ], [ 129.029930352141236, 35.11887833145056 ], [ 129.030006487359856, 35.118886513544986 ], [ 129.03005947606141, 35.118872894601388 ], [ 129.03010916244736, 35.118853855363874 ], [ 129.030155453840052, 35.118851133158927 ], [ 129.030227105331278, 35.118858433151289 ], [ 129.030234879384068, 35.118859227580209 ], [ 129.030316165058423, 35.11888176311124 ], [ 129.03035403187809, 35.118897322902527 ], [ 129.030355208335919, 35.118897564109147 ], [ 129.030359705974945, 35.118898487368398 ], [ 129.030446728647007, 35.118916333181971 ], [ 129.030556002710227, 35.118924429114614 ], [ 129.030661974593897, 35.118929810428924 ], [ 129.0307340458846, 35.118942415346247 ], [ 129.030761439204838, 35.118947206757838 ], [ 129.030844089318833, 35.118961659728441 ], [ 129.030883693036515, 35.11897028470959 ], [ 129.030885998074751, 35.118970787528212 ], [ 129.030915882585589, 35.118977291139153 ], [ 129.030954454066716, 35.118985697424819 ], [ 129.030974895163723, 35.118990628893663 ], [ 129.031111293257396, 35.119023534088242 ], [ 129.031144080299924, 35.119031448061733 ], [ 129.031151373933795, 35.119059164480781 ], [ 129.031158875178647, 35.119135500652263 ], [ 129.031174923821169, 35.119174089917507 ], [ 129.031189435390047, 35.119190532391798 ], [ 129.031197369404367, 35.119199520435849 ], [ 129.031274899251855, 35.119263138045909 ], [ 129.031283936279436, 35.119270553241186 ], [ 129.031291420904239, 35.119276694254673 ], [ 129.031299405146513, 35.119277459819251 ], [ 129.031409666823663, 35.119288047198879 ], [ 129.031428191258414, 35.119289825532057 ], [ 129.03145280113452, 35.119278453478444 ], [ 129.031468480226465, 35.11927120650634 ], [ 129.031479472581424, 35.119266127659294 ], [ 129.031480654520522, 35.119264726921976 ], [ 129.031529399501409, 35.119207126022602 ], [ 129.031557426119576, 35.119173990855813 ], [ 129.031571491946067, 35.119166560509349 ], [ 129.031602090168064, 35.119150395512065 ], [ 129.031611691237799, 35.119145325191177 ], [ 129.031612558309035, 35.119144866114063 ], [ 129.031684112668472, 35.119060620832926 ], [ 129.031702268870447, 35.119036052206475 ], [ 129.031722700808103, 35.119032634706542 ] ] ] } },
{ "type": "Feature", "properties": { "TOT_OA_CD": "21030520010002", "dong": "초량2동", "risk_norm": 0.15108552433097663, "high_risk": false, "aed_dist_night": 148.32378488837449, "covered_night": true, "gap": false, "elev": 10.0, "인구기준시점": "2026-06", "AED기준시점": "2026-07", "생성일": "2026-07-26" }, "geometry": { "type": "Polygon", "coordinates": [ [ [ 129.040139159700288, 35.116076366478836 ], [ 129.04003334548932, 35.115879048235676 ], [ 129.040028929528745, 35.115870803173792 ], [ 129.040026675574467, 35.115866598715982 ], [ 129.039758969398832, 35.115367373764741 ], [ 129.039756265157735, 35.11536233023876 ], [ 129.039484789371699, 35.114856073879423 ], [ 129.039450153560381, 35.114791485703137 ], [ 129.039430793260578, 35.114755379346896 ], [ 129.039427942409304, 35.114756421787824 ], [ 129.039417908444562, 35.114760125934346 ], [ 129.039334985832966, 35.114790703532847 ], [ 129.039181490078363, 35.114847303632232 ], [ 129.039180199834618, 35.114847776219655 ], [ 129.039038724440104, 35.114899940781214 ], [ 129.038755425503069, 35.115004393766306 ], [ 129.038739524211195, 35.11501025060609 ], [ 129.038726635104922, 35.115015007080778 ], [ 129.038723296216801, 35.115016238711739 ], [ 129.038722997734794, 35.115016352493193 ], [ 129.038376198790502, 35.115144216150981 ], [ 129.038327160252948, 35.11516229749212 ], [ 129.03831857214081, 35.115165463882164 ], [ 129.038301424251671, 35.115171785501097 ], [ 129.038298981086825, 35.11517268657542 ], [ 129.038051533188764, 35.115263915982148 ], [ 129.037521707579089, 35.115459250640313 ], [ 129.037512874285568, 35.115462508442413 ], [ 129.037523490137005, 35.115483221815438 ], [ 129.037534159583998, 35.115504042745115 ], [ 129.037617547717133, 35.115666797603268 ], [ 129.037619009108653, 35.115669648925625 ], [ 129.03767221551692, 35.115773480184856 ], [ 129.037675186262419, 35.115779282271433 ], [ 129.037863339168069, 35.116146475387595 ], [ 129.03790785405684, 35.116233348318808 ], [ 129.037919709449682, 35.116256482112668 ], [ 129.037937586163821, 35.11629137409841 ], [ 129.037980540851748, 35.116375211242158 ], [ 129.038054086768767, 35.116518749236612 ], [ 129.038056063678852, 35.116516100441352 ], [ 129.038082007858122, 35.11656652222544 ], [ 129.03815079942467, 35.116541831145412 ], [ 129.038179645368132, 35.116531457120516 ], [ 129.038457684977175, 35.116431410745001 ], [ 129.038537862448464, 35.116402903529554 ], [ 129.038561299714758, 35.116394569882196 ], [ 129.038562715573903, 35.116394062344284 ], [ 129.038563987629715, 35.116393611627878 ], [ 129.038568704065455, 35.116391933344914 ], [ 129.038844967587295, 35.116293654198785 ], [ 129.038897284605042, 35.116274889944989 ], [ 129.038949272544443, 35.116256305634991 ], [ 129.039017713087844, 35.116231767313749 ], [ 129.039312261879189, 35.11612806427884 ], [ 129.039564029235692, 35.116039426370364 ], [ 129.03960120974034, 35.116025083591694 ], [ 129.039603876741154, 35.116024065150135 ], [ 129.039604622446205, 35.116024857192556 ], [ 129.040004276647039, 35.116451463084161 ], [ 129.040347175773547, 35.116827743067333 ], [ 129.040369560637686, 35.11686399739753 ], [ 129.040580861907245, 35.11679459557255 ], [ 129.04059149425666, 35.116790899920993 ], [ 129.040591309411099, 35.116790639914072 ], [ 129.040476719049678, 35.116630150128735 ], [ 129.040430736606794, 35.116554714894477 ], [ 129.040275137748864, 35.116299443617045 ], [ 129.040268244554852, 35.116288133875251 ], [ 129.040261941626312, 35.116277810236788 ], [ 129.040139159700288, 35.116076366478836 ] ] ] } },
{ "type": "Feature", "properties": { "TOT_OA_CD": "21030520010003", "dong": "초량2동", "risk_norm": 0.59653579401838175, "high_risk": true, "aed_dist_night": 368.73155092976231, "covered_night": false, "gap": true, "elev": 32.0, "인구기준시점": "2026-06", "AED기준시점": "2026-07", "생성일": "2026-07-26" }, "geometry": { "type": "Polygon", "coordinates": [ [ [ 129.037263342002291, 35.120139045008308 ], [ 129.037290805111013, 35.120089287203086 ], [ 129.037291693507456, 35.120089612236981 ], [ 129.037293109921421, 35.120090126205227 ], [ 129.037320529361722, 35.120100177611405 ], [ 129.037518287507226, 35.120172675042689 ], [ 129.03753655680373, 35.12013803311369 ], [ 129.037543641058818, 35.120123599425973 ], [ 129.037604567262377, 35.119993902573562 ], [ 129.037640138712447, 35.119907965460243 ], [ 129.037660709152249, 35.11986060134727 ], [ 129.037674804287946, 35.119828131163274 ], [ 129.037682424852051, 35.119767854317018 ], [ 129.037677044595341, 35.119706960762457 ], [ 129.037634982297277, 35.119631627114963 ], [ 129.037594456670405, 35.11957575514451 ], [ 129.037525280127426, 35.119505892987448 ], [ 129.037518014057213, 35.119498559460581 ], [ 129.037509148067272, 35.119489943390491 ], [ 129.037434681926555, 35.11941759581358 ], [ 129.037434327563801, 35.119417249560136 ], [ 129.037325361003042, 35.119310888870551 ], [ 129.037256537649171, 35.119245256029998 ], [ 129.037234402259344, 35.119223646467908 ], [ 129.037224423691015, 35.119213922903285 ], [ 129.037235051746592, 35.119210089676578 ], [ 129.037115071430009, 35.119080112688195 ], [ 129.037152732631199, 35.118950269341106 ], [ 129.037170507461497, 35.118906367807661 ], [ 129.037353170605456, 35.118906313768463 ], [ 129.037729461602396, 35.118914161372409 ], [ 129.037741715764099, 35.118915230268705 ], [ 129.037780268280983, 35.118922068485553 ], [ 129.037794851882808, 35.118931474823789 ], [ 129.037835935135632, 35.118960630174513 ], [ 129.037838345855249, 35.118958232834885 ], [ 129.037842742533115, 35.118955354987158 ], [ 129.037851989258968, 35.118950836877808 ], [ 129.037862014828107, 35.118946886805091 ], [ 129.037880746815659, 35.118939506477126 ], [ 129.03784480136818, 35.118873114141238 ], [ 129.037785194730617, 35.118812109862972 ], [ 129.037766647624494, 35.118793186772329 ], [ 129.037761924581844, 35.118780569073998 ], [ 129.037757643966756, 35.118775432799879 ], [ 129.037741400599913, 35.118758401819683 ], [ 129.037726695575714, 35.118746328253856 ], [ 129.037704197947875, 35.118727045924267 ], [ 129.037684333795909, 35.118708574133272 ], [ 129.037656678100262, 35.118682893594666 ], [ 129.037630778178709, 35.118661358041642 ], [ 129.037580195687951, 35.118637577738973 ], [ 129.037546187611582, 35.118636416055637 ], [ 129.037507021749491, 35.118629397099234 ], [ 129.037459297204862, 35.118620938641165 ], [ 129.037408282614365, 35.118610948552814 ], [ 129.037376684882219, 35.118602755224842 ], [ 129.037344320298388, 35.118596905862738 ], [ 129.037281345280036, 35.118581151073656 ], [ 129.037260056800164, 35.118567637207875 ], [ 129.037230981699793, 35.118557099160689 ], [ 129.037194671128304, 35.118558372095031 ], [ 129.037153315562932, 35.118562710497955 ], [ 129.037131359607997, 35.118551513251163 ], [ 129.037126103619613, 35.118548838103401 ], [ 129.037117128447221, 35.118544270724712 ], [ 129.037111400604857, 35.118541360838179 ], [ 129.037096149672749, 35.118536317699302 ], [ 129.037077388344926, 35.118530103704707 ], [ 129.037038329063137, 35.118517946718633 ], [ 129.037004416313948, 35.118504391854884 ], [ 129.037000476940307, 35.118502815329002 ], [ 129.036978313639878, 35.118494890788384 ], [ 129.036941225994354, 35.118473900001348 ], [ 129.03690424680596, 35.118452547172595 ], [ 129.036882520942555, 35.118441738226835 ], [ 129.03684894298172, 35.118418312696143 ], [ 129.036818546761452, 35.118396147860373 ], [ 129.036805378538816, 35.118387948770099 ], [ 129.036754251007551, 35.118372459972498 ], [ 129.036733309252554, 35.118372548812289 ], [ 129.036724983707643, 35.118372829312321 ], [ 129.036727292379624, 35.11841880317543 ], [ 129.036730051153398, 35.118473726199845 ], [ 129.036730604387174, 35.118484776588346 ], [ 129.036736669034525, 35.11864290802464 ], [ 129.036357918997538, 35.118717039123702 ], [ 129.036262237983294, 35.118838013707105 ], [ 129.03609239557349, 35.119052764088408 ], [ 129.036089392122022, 35.119056560106664 ], [ 129.035982259691053, 35.119192028869591 ], [ 129.035978214500886, 35.119197149012876 ], [ 129.035944844148361, 35.119172571055621 ], [ 129.03582377142564, 35.119083370450639 ], [ 129.035399637217779, 35.119018978700431 ], [ 129.035384684204956, 35.119016712148294 ], [ 129.035292849201994, 35.119003631895609 ], [ 129.035228952347239, 35.118994537129282 ], [ 129.035187924896661, 35.118996846591557 ], [ 129.035076752327711, 35.119023449620698 ], [ 129.034901109589185, 35.119077373041705 ], [ 129.034917323595408, 35.11910251658793 ], [ 129.034985464310012, 35.119114735968957 ], [ 129.034995744748613, 35.119116583920118 ], [ 129.035012529918134, 35.119119588278693 ], [ 129.035098924072742, 35.119130894767991 ], [ 129.035212067837278, 35.119149449422942 ], [ 129.035206365979604, 35.119238271319595 ], [ 129.03523023163612, 35.119378373123872 ], [ 129.035230603804536, 35.119380895640042 ], [ 129.035399098996692, 35.119357555876888 ], [ 129.035526937766434, 35.119363261755758 ], [ 129.035554123945303, 35.119364477975168 ], [ 129.03561150648946, 35.119382588312803 ], [ 129.035623033060659, 35.119392186016277 ], [ 129.035719341470326, 35.119472386045103 ], [ 129.035799617813979, 35.119546146019772 ], [ 129.035960446774595, 35.119693921113878 ], [ 129.035961290928668, 35.119694463124937 ], [ 129.035963585733867, 35.119695938842156 ], [ 129.03597344892475, 35.119702268502998 ], [ 129.035981320623392, 35.119707320562839 ], [ 129.036064673614447, 35.119760819042831 ], [ 129.036233672843338, 35.119865155826325 ], [ 129.036269164543512, 35.119887912576992 ], [ 129.036639350426384, 35.120125264209776 ], [ 129.036645015115653, 35.120128896226575 ], [ 129.036700740527834, 35.120164775371784 ], [ 129.036704312844734, 35.120167079692486 ], [ 129.036705539171891, 35.120167870163144 ], [ 129.036709345917501, 35.12017032659309 ], [ 129.036710301159133, 35.120170941102593 ], [ 129.036772167997242, 35.120210768934314 ], [ 129.036801626012647, 35.120226881434029 ], [ 129.037114913179721, 35.12039823715115 ], [ 129.037134765164751, 35.120365935625486 ], [ 129.037213208672426, 35.120227805774917 ], [ 129.037263342002291, 35.120139045008308 ] ] ] } },
{ "type": "Feature", "properties": { "TOT_OA_CD": "21030520010001", "dong": "초량2동", "risk_norm": 0.59645428171227799, "high_risk": true, "aed_dist_night": 139.91997240789635, "covered_night": true, "gap": false, "elev": 48.0, "인구기준시점": "2026-06", "AED기준시점": "2026-07", "생성일": "2026-07-26" }, "geometry": { "type": "Polygon", "coordinates": [ [ [ 129.034917323595408, 35.11910251658793 ], [ 129.034901109589185, 35.119077373041705 ], [ 129.035076752327711, 35.119023449620698 ], [ 129.035187924896661, 35.118996846591557 ], [ 129.035228952347239, 35.118994537129282 ], [ 129.035292849201994, 35.119003631895609 ], [ 129.035297950450484, 35.118976898358468 ], [ 129.035318262040931, 35.118884394913856 ], [ 129.035282205746455, 35.118861920003965 ], [ 129.035364490289879, 35.11873529503935 ], [ 129.035358951501337, 35.118733918122125 ], [ 129.035337612512052, 35.118728632716682 ], [ 129.035310950837328, 35.11871962704047 ], [ 129.035305353804915, 35.118715030280349 ], [ 129.035278253215949, 35.118703861757986 ], [ 129.035256531505752, 35.118699992231775 ], [ 129.035234587684698, 35.118695221161531 ], [ 129.035210232578265, 35.118688377169988 ], [ 129.035104028044287, 35.118657670073979 ], [ 129.035051539470601, 35.118641099667421 ], [ 129.035043792954269, 35.118637621991454 ], [ 129.035033929135665, 35.118633001706151 ], [ 129.035024065683928, 35.118625478224033 ], [ 129.034943021173319, 35.118555022818768 ], [ 129.034935451984353, 35.11852841644729 ], [ 129.034838275883232, 35.118549030158043 ], [ 129.034625923910681, 35.118594634533117 ], [ 129.034612125340175, 35.118597982038011 ], [ 129.034438035322239, 35.118640231735043 ], [ 129.034401337567999, 35.118660359738591 ], [ 129.0343763605417, 35.118691968368182 ], [ 129.03434895023338, 35.118730337454274 ], [ 129.034337315820011, 35.118769333594315 ], [ 129.034318298130614, 35.118836274142353 ], [ 129.034284803699649, 35.118827224015519 ], [ 129.034236989295067, 35.118780609931875 ], [ 129.034199323228108, 35.11874389872164 ], [ 129.034192825907439, 35.1187363469678 ], [ 129.034190367022035, 35.118733138600973 ], [ 129.034188577613349, 35.118730056101434 ], [ 129.034186832554838, 35.118727055069918 ], [ 129.034184998044651, 35.118722792913566 ], [ 129.034184054254268, 35.118719862873562 ], [ 129.034182890108809, 35.118716240487402 ], [ 129.034181922598066, 35.118712103520693 ], [ 129.034181175839819, 35.118708912240777 ], [ 129.034179537965855, 35.118701738074797 ], [ 129.034179535693937, 35.118695473661816 ], [ 129.034179413142255, 35.118691454012477 ], [ 129.034179324619743, 35.118688253470907 ], [ 129.034180473022388, 35.118680736584516 ], [ 129.034181161666368, 35.118676147661205 ], [ 129.034181610401617, 35.1186732189434 ], [ 129.034182321635143, 35.11866848638023 ], [ 129.034182748741699, 35.118665692278931 ], [ 129.034213349468274, 35.118569237646362 ], [ 129.034233655233407, 35.118515042294653 ], [ 129.034246295393331, 35.118494100906176 ], [ 129.034253333556052, 35.118482453102516 ], [ 129.034290037620536, 35.118421645951095 ], [ 129.034299146585312, 35.118405617999748 ], [ 129.034302130963908, 35.118350246226825 ], [ 129.034304090194951, 35.118313938575248 ], [ 129.034296206688083, 35.118295192779591 ], [ 129.034261748665159, 35.118239308689596 ], [ 129.034199930246274, 35.118204902115941 ], [ 129.034192050602201, 35.118196720532396 ], [ 129.034178306635653, 35.118171729480927 ], [ 129.034174617015651, 35.118165033912341 ], [ 129.034167104097975, 35.118057673498448 ], [ 129.034146351310284, 35.11803518122116 ], [ 129.034104857044923, 35.117997705155126 ], [ 129.034052100567351, 35.117933749629664 ], [ 129.033931278628728, 35.117974131437101 ], [ 129.033772803300536, 35.117919861034174 ], [ 129.033756636623991, 35.11796967617687 ], [ 129.033741327069549, 35.118009547363187 ], [ 129.033737425945191, 35.118019724580087 ], [ 129.033733817887139, 35.118024286441958 ], [ 129.033770749749493, 35.118041529504559 ], [ 129.033751814147365, 35.118089801867946 ], [ 129.033762742785711, 35.118150703883707 ], [ 129.033764139022452, 35.118158455424634 ], [ 129.033727406530005, 35.118202190698973 ], [ 129.033690740483451, 35.118249296243086 ], [ 129.033667842199606, 35.118293874309181 ], [ 129.033663556966047, 35.118303755265643 ], [ 129.033644178783732, 35.118348503397641 ], [ 129.033625467861327, 35.118389629380346 ], [ 129.033586129895752, 35.118416959312832 ], [ 129.033559393392153, 35.118438310693861 ], [ 129.033531129484828, 35.118452757932339 ], [ 129.033487196629522, 35.118459755911246 ], [ 129.033452039914977, 35.118465334548993 ], [ 129.03342121748716, 35.11847535743896 ], [ 129.03341949656911, 35.118477682851221 ], [ 129.033403542983478, 35.118499247614089 ], [ 129.033389784179604, 35.11851964946684 ], [ 129.033385934192864, 35.118525355811208 ], [ 129.033401250937004, 35.11853251739165 ], [ 129.033462401959127, 35.118565157540068 ], [ 129.03351131563943, 35.11859088744459 ], [ 129.033592337080108, 35.118634185632921 ], [ 129.033598360391039, 35.118637411124062 ], [ 129.03359997240895, 35.118636067142582 ], [ 129.033625181578742, 35.118609686016967 ], [ 129.033648082799402, 35.118568244614913 ], [ 129.033667941752753, 35.118552537796091 ], [ 129.033715305531331, 35.118536210587443 ], [ 129.033775138051823, 35.118512092474134 ], [ 129.033784838912794, 35.118520490863638 ], [ 129.033835768408665, 35.118564598904563 ], [ 129.033877363898711, 35.118611034909023 ], [ 129.033881161019366, 35.118615270440955 ], [ 129.033966279911255, 35.118649192903888 ], [ 129.033966872469279, 35.118649427020785 ], [ 129.034050831810987, 35.118716312764526 ], [ 129.034134141524987, 35.118775933318105 ], [ 129.034177004163411, 35.118809289670907 ], [ 129.034185740249711, 35.11881609266824 ], [ 129.034180583922051, 35.118819663443496 ], [ 129.034152114774429, 35.118839375248783 ], [ 129.034132590231081, 35.118846231243502 ], [ 129.034105710551387, 35.118838937542165 ], [ 129.034068189309238, 35.118828852789122 ], [ 129.034039771884238, 35.118821829167345 ], [ 129.034016733164293, 35.118815255908132 ], [ 129.033995121130459, 35.118811204405247 ], [ 129.033975589239134, 35.118801926962519 ], [ 129.033947830624868, 35.118793461440696 ], [ 129.033917990076816, 35.11878445510839 ], [ 129.03389374486909, 35.118782298763087 ], [ 129.033870487865784, 35.118782575107396 ], [ 129.033865005794354, 35.118789607683077 ], [ 129.03386380363105, 35.118799702074966 ], [ 129.033850532289676, 35.118806826909861 ], [ 129.033835503466776, 35.118808003475905 ], [ 129.033812904650034, 35.118806747758768 ], [ 129.033754872875107, 35.118806762740498 ], [ 129.033753523359167, 35.118806655382798 ], [ 129.033744999345572, 35.118805953629796 ], [ 129.033710443056634, 35.118804701332699 ], [ 129.033690367345116, 35.118805337691938 ], [ 129.033651642719718, 35.118803815343462 ], [ 129.033623448362505, 35.118801840581312 ], [ 129.033601945823591, 35.118799591756073 ], [ 129.033591523465589, 35.118798422629276 ], [ 129.033561683964905, 35.118798251137136 ], [ 129.033526253104924, 35.118801505348145 ], [ 129.033521315902988, 35.118801957301216 ], [ 129.033489831914409, 35.118804850464116 ], [ 129.033447709511307, 35.118809097257127 ], [ 129.033414580968468, 35.11881388385649 ], [ 129.033386940300829, 35.118822364392962 ], [ 129.033357655692129, 35.118838685425395 ], [ 129.033318832175894, 35.11886537670658 ], [ 129.033293936880824, 35.118882869260482 ], [ 129.033265422217283, 35.118902977241476 ], [ 129.033244691801769, 35.118911364882649 ], [ 129.033238735557262, 35.11891300726225 ], [ 129.03322670305576, 35.118916327760914 ], [ 129.033208276806221, 35.118926518340338 ], [ 129.033179757040671, 35.118933827007126 ], [ 129.033161441804879, 35.118946721051678 ], [ 129.033135779269998, 35.118965025725004 ], [ 129.033092061476566, 35.118990075698797 ], [ 129.033083229553455, 35.118990744644016 ], [ 129.033086013939254, 35.118987020911163 ], [ 129.033092909930701, 35.118977789460317 ], [ 129.033138242354909, 35.118930572667175 ], [ 129.033164436140908, 35.118894124318572 ], [ 129.033186593584247, 35.118860173160904 ], [ 129.033209760018451, 35.11882455471364 ], [ 129.033237973835895, 35.118793080295276 ], [ 129.033286722975447, 35.118759203794475 ], [ 129.033333328354644, 35.118740983896892 ], [ 129.033382226205475, 35.118724647346554 ], [ 129.033386516692445, 35.118724060193777 ], [ 129.033385043850615, 35.118716787453032 ], [ 129.033302402857288, 35.118682160620722 ], [ 129.03322080244584, 35.118639935292791 ], [ 129.033164391884497, 35.11860670761893 ], [ 129.033131985372677, 35.11857699820515 ], [ 129.033144148906132, 35.118543897443956 ], [ 129.033184400810143, 35.118492482054037 ], [ 129.033203210835495, 35.118455521227105 ], [ 129.033194511043547, 35.118452638847394 ], [ 129.033120028180576, 35.11843465889887 ], [ 129.033074936434645, 35.118422736529055 ], [ 129.033080251034363, 35.118352419850027 ], [ 129.033025998826417, 35.118338616294963 ], [ 129.032975560978542, 35.118316032291325 ], [ 129.032931991423425, 35.118297204979562 ], [ 129.032894555964134, 35.118282774782848 ], [ 129.032854805490416, 35.118267714764904 ], [ 129.032827299499587, 35.118256436317303 ], [ 129.032811525892072, 35.118232734892089 ], [ 129.032810702850355, 35.118231382958086 ], [ 129.032791936155292, 35.118239094709381 ], [ 129.032786418860098, 35.118242844884612 ], [ 129.032773356158401, 35.118251735946792 ], [ 129.032751565484318, 35.1182696516871 ], [ 129.032545842700216, 35.118440367958748 ], [ 129.032505476265641, 35.118476198356589 ], [ 129.032487530072643, 35.118507273188918 ], [ 129.032479850485089, 35.118536244565099 ], [ 129.032485634919624, 35.118574172767048 ], [ 129.032499760888101, 35.11862051754607 ], [ 129.032531183089219, 35.118659492855961 ], [ 129.032562610939209, 35.11868476805089 ], [ 129.032663915609874, 35.118730035541894 ], [ 129.032754310116218, 35.118762145718975 ], [ 129.032795993709044, 35.118782676641331 ], [ 129.032851138711607, 35.11883586065413 ], [ 129.032895404978916, 35.118896952386585 ], [ 129.032896250491348, 35.118899503180124 ], [ 129.032910803134314, 35.118943305336217 ], [ 129.032943258347956, 35.119041202541588 ], [ 129.032938606499442, 35.119042240545596 ], [ 129.03274186443852, 35.119032818704476 ], [ 129.032545931811342, 35.119019798778425 ], [ 129.032545481570082, 35.119019781015567 ], [ 129.032361629717798, 35.11901146320092 ], [ 129.031992253243914, 35.11898424580928 ], [ 129.031943951904623, 35.11898364553042 ], [ 129.0319426687754, 35.118983627494266 ], [ 129.031867309061852, 35.118997887945206 ], [ 129.03181534788277, 35.119011223286137 ], [ 129.031794823614973, 35.119037488041435 ], [ 129.031805014810033, 35.119040728558744 ], [ 129.031842256247245, 35.119063484359039 ], [ 129.031858513488601, 35.119079325836019 ], [ 129.031888310868624, 35.119108361708776 ], [ 129.031908702855361, 35.119116230228627 ], [ 129.031982774565904, 35.119144817288728 ], [ 129.032053331427619, 35.119172046737631 ], [ 129.032056423838696, 35.119171701124266 ], [ 129.032063545814083, 35.119170897894527 ], [ 129.032146152113029, 35.119161601061755 ], [ 129.032201483609612, 35.119155374567278 ], [ 129.032263214195183, 35.119174197930086 ], [ 129.032455746492133, 35.119232909250925 ], [ 129.03267799715519, 35.119245296243328 ], [ 129.032779892042072, 35.119276280887291 ], [ 129.032819598722966, 35.119274510975075 ], [ 129.032924711270823, 35.119284303765987 ], [ 129.03302395992381, 35.119298679620364 ], [ 129.033031098786722, 35.119299713615995 ], [ 129.033035527125179, 35.119299862274943 ], [ 129.033038719055128, 35.119299968861597 ], [ 129.033304344476477, 35.119308855886729 ], [ 129.033377854731583, 35.119243049091466 ], [ 129.033383100797522, 35.119238351122604 ], [ 129.033478390265969, 35.119153079560142 ], [ 129.033484929500361, 35.119152448643007 ], [ 129.033893349050942, 35.119113411532197 ], [ 129.034203331991307, 35.119117423619599 ], [ 129.034229997212947, 35.119140544315087 ], [ 129.034234303117955, 35.11914499066026 ], [ 129.034318500905243, 35.119231981904171 ], [ 129.03433637391305, 35.119249402074082 ], [ 129.034342814507625, 35.119255680517277 ], [ 129.034345339636985, 35.119258147815657 ], [ 129.034346815190105, 35.119259591563427 ], [ 129.034455332889223, 35.11936539447607 ], [ 129.034456462566681, 35.119365948187841 ], [ 129.034551133009302, 35.119412355686059 ], [ 129.034568483330048, 35.119420860929814 ], [ 129.034587301161395, 35.11943008599102 ], [ 129.034675891079587, 35.119448630173522 ], [ 129.034677892832406, 35.119449050225064 ], [ 129.034760663773, 35.119441688894611 ], [ 129.034850101949672, 35.119433734551805 ], [ 129.03485849018378, 35.119432987278792 ], [ 129.035093394511478, 35.119399906026807 ], [ 129.035130554454895, 35.119394753228995 ], [ 129.035230603804536, 35.119380895640042 ], [ 129.03523023163612, 35.119378373123872 ], [ 129.035206365979604, 35.119238271319595 ], [ 129.035212067837278, 35.119149449422942 ], [ 129.035098924072742, 35.119130894767991 ], [ 129.035012529918134, 35.119119588278693 ], [ 129.034995744748613, 35.119116583920118 ], [ 129.034985464310012, 35.119114735968957 ], [ 129.034917323595408, 35.11910251658793 ] ] ] } },
{ "type": "Feature", "properties": { "TOT_OA_CD": "21030520010201", "dong": "초량2동", "risk_norm": 0.32043332879440917, "high_risk": false, "aed_dist_night": 75.692821102770921, "covered_night": true, "gap": false, "elev": 99.0, "인구기준시점": "2026-06", "AED기준시점": "2026-07", "생성일": "2026-07-26" }, "geometry": { "type": "Polygon", "coordinates": [ [ [ 129.033240180538257, 35.116895832137295 ], [ 129.033059590086026, 35.116828999704325 ], [ 129.032991456199539, 35.116798641300399 ], [ 129.032954364996044, 35.116769807041386 ], [ 129.032992188369832, 35.116703368130281 ], [ 129.032869616781426, 35.116607944242702 ], [ 129.032827526610788, 35.116612155214412 ], [ 129.032785698588697, 35.116614546993013 ], [ 129.03258983947569, 35.116742809458636 ], [ 129.032526919705873, 35.116784014689017 ], [ 129.03242975645972, 35.116836993440032 ], [ 129.032237394091084, 35.116704371600122 ], [ 129.032106978989106, 35.116777082222825 ], [ 129.032145569947374, 35.116921884472845 ], [ 129.032183009978411, 35.117065922267976 ], [ 129.032219749901316, 35.117189561729873 ], [ 129.032396116316193, 35.117367733534948 ], [ 129.032439781661594, 35.117495407531976 ], [ 129.032511589514115, 35.117550770299637 ], [ 129.032557048688318, 35.117617372172866 ], [ 129.032594428265895, 35.11760212558027 ], [ 129.032741843834827, 35.117545121957086 ], [ 129.032877740184574, 35.117490193325324 ], [ 129.032936661180457, 35.117464128836311 ], [ 129.032956031122353, 35.117456705152662 ], [ 129.032957568445141, 35.117456120407795 ], [ 129.03303787866821, 35.117425343951176 ], [ 129.033079011026473, 35.117412624744134 ], [ 129.033181124374636, 35.117373929388428 ], [ 129.033252443928291, 35.117324867217938 ], [ 129.033253243420148, 35.117324317049317 ], [ 129.0332985812868, 35.117293136269971 ], [ 129.033319396699795, 35.11727519401078 ], [ 129.033572766623251, 35.117056772152367 ], [ 129.033524238089313, 35.117019695084331 ], [ 129.033357105587811, 35.116946836790675 ], [ 129.033240180538257, 35.116895832137295 ] ] ] } },
{ "type": "Feature", "properties": { "TOT_OA_CD": "21030520010601", "dong": "초량2동", "risk_norm": 0.48288129549236958, "high_risk": false, "aed_dist_night": 148.22678032359926, "covered_night": true, "gap": false, "elev": 57.0, "인구기준시점": "2026-06", "AED기준시점": "2026-07", "생성일": "2026-07-26" }, "geometry": { "type": "Polygon", "coordinates": [ [ [ 129.031833476847908, 35.118609351882327 ], [ 129.031871656191328, 35.118593537322162 ], [ 129.031931994301033, 35.118595686807602 ], [ 129.032035602942273, 35.118558036510137 ], [ 129.032069908217409, 35.118649551452329 ], [ 129.032073645244679, 35.118668570696599 ], [ 129.032300445545701, 35.118678121202365 ], [ 129.032303431462111, 35.118626274754021 ], [ 129.032363349878693, 35.118621715014314 ], [ 129.032386360707051, 35.118619371076043 ], [ 129.032499760888101, 35.11862051754607 ], [ 129.032485634919624, 35.118574172767048 ], [ 129.032479850485089, 35.118536244565099 ], [ 129.032487530072643, 35.118507273188918 ], [ 129.032505476265641, 35.118476198356589 ], [ 129.032545842700216, 35.118440367958748 ], [ 129.032751565484318, 35.1182696516871 ], [ 129.032773356158401, 35.118251735946792 ], [ 129.032786418860098, 35.118242844884612 ], [ 129.032737777897353, 35.11817963645251 ], [ 129.032738028086186, 35.118173192162857 ], [ 129.032737545440426, 35.11817003897729 ], [ 129.032735498628114, 35.118156609163542 ], [ 129.032724002227496, 35.118127740523143 ], [ 129.03270531417985, 35.118086697268964 ], [ 129.032702335830948, 35.118067238386978 ], [ 129.032695285336388, 35.118023117686093 ], [ 129.032691975914361, 35.118005724976399 ], [ 129.032683094146989, 35.117959035300757 ], [ 129.032668490812767, 35.117918016114707 ], [ 129.032664822100799, 35.117907859824655 ], [ 129.032648378211832, 35.117855574754515 ], [ 129.03252691065353, 35.117693856949273 ], [ 129.032525055795901, 35.117690261302485 ], [ 129.032494279312914, 35.117642973912673 ], [ 129.03248735771993, 35.117645796961817 ], [ 129.0324157566005, 35.117675002290824 ], [ 129.032187176778763, 35.117767630365208 ], [ 129.031814911420128, 35.117919062704047 ], [ 129.031514151476159, 35.118044188189273 ], [ 129.031409740794288, 35.118087626631876 ], [ 129.031221742991335, 35.118167534872811 ], [ 129.030908813537877, 35.118295795175968 ], [ 129.030892935336595, 35.118302304363503 ], [ 129.030577893355144, 35.118431429892922 ], [ 129.030409250038218, 35.118493763360966 ], [ 129.030441219135895, 35.11856185368017 ], [ 129.030485939600112, 35.118580518569814 ], [ 129.030810622468238, 35.118627518646072 ], [ 129.03093289810522, 35.118645219026753 ], [ 129.030969225152774, 35.118660415788959 ], [ 129.030980330009896, 35.118669384531032 ], [ 129.031005854320938, 35.118689998532062 ], [ 129.031027747541202, 35.118704508453625 ], [ 129.03115103381441, 35.118905136592574 ], [ 129.031354685882434, 35.118824541039302 ], [ 129.031607216863648, 35.118722498299128 ], [ 129.031627278170873, 35.118689323147379 ], [ 129.031732083731669, 35.118651349603425 ], [ 129.031833476847908, 35.118609351882327 ] ] ] } },
{ "type": "Feature", "properties": { "TOT_OA_CD": "21030530010001", "dong": "초량3동", "risk_norm": 0.034087204534712763, "high_risk": false, "aed_dist_night": 194.55919442366579, "covered_night": false, "gap": false, "elev": 4.0, "인구기준시점": "2026-06", "AED기준시점": "2026-07", "생성일": "2026-07-26" }, "geometry": { "type": "Polygon", "coordinates": [ [ [ 129.05098203240351, 35.127220647753568 ], [ 129.050644065386905, 35.126574147575312 ], [ 129.050503179471548, 35.126304640661381 ], [ 129.050416375544444, 35.126140570457849 ], [ 129.05032861817935, 35.125974696492058 ], [ 129.050104366193864, 35.125542484831868 ], [ 129.050099477658932, 35.125533068708457 ], [ 129.050004415277897, 35.125349949039325 ], [ 129.049950092262122, 35.125247495753442 ], [ 129.049899345924189, 35.125219929729852 ], [ 129.049665094449125, 35.125092684043473 ], [ 129.049451002908, 35.124976610762133 ], [ 129.049373476690562, 35.124928175615509 ], [ 129.049317005523761, 35.124885021521642 ], [ 129.049276720247093, 35.124850687428314 ], [ 129.049212213202509, 35.124795728437398 ], [ 129.049173153515056, 35.124753497640199 ], [ 129.049157090910313, 35.124734611324918 ], [ 129.049135311139111, 35.124708903476822 ], [ 129.049103316331497, 35.124665498588818 ], [ 129.049084848408626, 35.124637988427097 ], [ 129.049058799494446, 35.124594938505268 ], [ 129.049017746913222, 35.12450251237734 ], [ 129.048960686091306, 35.124383861823205 ], [ 129.048832889274024, 35.124126627715775 ], [ 129.048745489770283, 35.123946848640749 ], [ 129.048800461012974, 35.123930714962029 ], [ 129.048801761867736, 35.123930334070693 ], [ 129.048939487082521, 35.123889906215958 ], [ 129.04904612697419, 35.123858605004472 ], [ 129.050003361972017, 35.123577623628947 ], [ 129.050040893362649, 35.123566604606374 ], [ 129.050000004205856, 35.123544857764784 ], [ 129.049994228806781, 35.123541795815491 ], [ 129.049978060147481, 35.123503121446333 ], [ 129.04997324835324, 35.123491608097069 ], [ 129.049955491296203, 35.123449142036563 ], [ 129.049581277373846, 35.122675013194026 ], [ 129.049408564845749, 35.122309715828003 ], [ 129.049099904978533, 35.121656885055934 ], [ 129.048654795342884, 35.120710495195951 ], [ 129.048672669447683, 35.120699450118117 ], [ 129.049770216270787, 35.120021326383274 ], [ 129.049999998059747, 35.119876887437883 ], [ 129.05049057932942, 35.119568535044557 ], [ 129.050475721863165, 35.119552982973339 ], [ 129.050182170111952, 35.119245639237256 ], [ 129.051596689345246, 35.118367307093578 ], [ 129.052817929800938, 35.11760033053509 ], [ 129.053079930626751, 35.117435779074768 ], [ 129.05369333942761, 35.117046012746073 ], [ 129.053904763967523, 35.116915056498478 ], [ 129.05458709400051, 35.116487720722887 ], [ 129.055326325380378, 35.116021191713173 ], [ 129.055326466461281, 35.116020300890909 ], [ 129.054768323999212, 35.115414293216212 ], [ 129.054354306142699, 35.114970080926412 ], [ 129.053254439991491, 35.115661184414741 ], [ 129.052801577466681, 35.115942425332108 ], [ 129.052714643726659, 35.115996411621936 ], [ 129.051061974109473, 35.117030824798675 ], [ 129.050986805596466, 35.117077871939067 ], [ 129.050079758030051, 35.117645336540008 ], [ 129.050066012192019, 35.117630226389871 ], [ 129.050000028847847, 35.117557702373013 ], [ 129.049829113697854, 35.117369844241146 ], [ 129.04912079736232, 35.116598302647027 ], [ 129.048433621004875, 35.115851890438833 ], [ 129.048433084264019, 35.115852229094294 ], [ 129.048243962270078, 35.11564527236628 ], [ 129.048787749029827, 35.115303363531197 ], [ 129.049701976509994, 35.114726407550314 ], [ 129.049999996959599, 35.114538052099796 ], [ 129.050282816579539, 35.114359302360015 ], [ 129.052509488838382, 35.112961172622747 ], [ 129.050132277371063, 35.110370429131002 ], [ 129.04995946070477, 35.11047739257905 ], [ 129.049955808728612, 35.11047342892077 ], [ 129.049952254986806, 35.110473376964272 ], [ 129.049861966214053, 35.110527757537035 ], [ 129.049863979969246, 35.110531542009277 ], [ 129.04986683366451, 35.110534722480359 ], [ 129.049863760231631, 35.110536625449868 ], [ 129.049872905472853, 35.110547169197353 ], [ 129.049878549646849, 35.110555575801556 ], [ 129.049863794716003, 35.110565909443423 ], [ 129.049863092732267, 35.110582375620048 ], [ 129.049902655858176, 35.110658668349942 ], [ 129.049929932550725, 35.110738676889625 ], [ 129.049969250192987, 35.110944052467659 ], [ 129.049990077067093, 35.111157678929985 ], [ 129.049989822174894, 35.11127873844304 ], [ 129.049979302612343, 35.111404190251179 ], [ 129.049976198871974, 35.111422629192361 ], [ 129.049961915411245, 35.111494070996322 ], [ 129.049951068386292, 35.111547953182061 ], [ 129.049947939867508, 35.111548573828998 ], [ 129.049940317287707, 35.111547116948259 ], [ 129.049913319990907, 35.111516640468103 ], [ 129.04968232184595, 35.111255865635201 ], [ 129.049563927526492, 35.111146704358362 ], [ 129.049506637887959, 35.111114746044478 ], [ 129.049493470346761, 35.111106702470707 ], [ 129.049469738858335, 35.110969661037117 ], [ 129.049375880504698, 35.110668515133604 ], [ 129.049275904395813, 35.110391340119861 ], [ 129.049171702635249, 35.110215607465626 ], [ 129.049062986583209, 35.110066378596223 ], [ 129.048889878790618, 35.109871723239117 ], [ 129.048815580710198, 35.109810156512431 ], [ 129.04885371157232, 35.10975848994488 ], [ 129.048678233703043, 35.109635200383977 ], [ 129.048649403923321, 35.109663857847188 ], [ 129.048492863693241, 35.109589601139461 ], [ 129.048094662083457, 35.109424306131643 ], [ 129.047733602007099, 35.109305423094028 ], [ 129.047622291794369, 35.109237663501517 ], [ 129.047424883733356, 35.109117494000614 ], [ 129.047292381493861, 35.108974099435031 ], [ 129.04718565344254, 35.108814031232761 ], [ 129.047072415796322, 35.108597577817086 ], [ 129.046984223831402, 35.108362588353657 ], [ 129.046868553739188, 35.10816726175409 ], [ 129.046738875677846, 35.108001207128851 ], [ 129.046564298859806, 35.107867981508306 ], [ 129.046600263132063, 35.107806953836985 ], [ 129.046405874261211, 35.107706832068196 ], [ 129.046359261463465, 35.107755937308816 ], [ 129.046073495431585, 35.107677158947141 ], [ 129.046006074405483, 35.107669623119605 ], [ 129.045956791493211, 35.107667180839421 ], [ 129.045887470852676, 35.107668045162058 ], [ 129.045792156352036, 35.10767659816981 ], [ 129.045593544206213, 35.107734838300921 ], [ 129.045414755383433, 35.107812594155526 ], [ 129.045320418535084, 35.10788502827041 ], [ 129.045212904377166, 35.108025105450686 ], [ 129.045092520119169, 35.108275621443028 ], [ 129.044745344973251, 35.10827059418444 ], [ 129.044061257557701, 35.108260182376085 ], [ 129.0440404790549, 35.10790715050976 ], [ 129.044031185077529, 35.1076082171924 ], [ 129.041302360778332, 35.108627891660049 ], [ 129.041198073984503, 35.108666858506012 ], [ 129.041138897690985, 35.108688970266108 ], [ 129.041267849718281, 35.108899215818482 ], [ 129.041072351564651, 35.109205970287533 ], [ 129.041068861388453, 35.109211449595826 ], [ 129.041059261441177, 35.109226451922432 ], [ 129.040989934353092, 35.109334737588277 ], [ 129.040899120515121, 35.109476584945938 ], [ 129.040874201910469, 35.109515506265744 ], [ 129.041172476009251, 35.110112810716309 ], [ 129.041218430901523, 35.110204838558467 ], [ 129.041600024258258, 35.110968977660256 ], [ 129.041598903805266, 35.110969316487498 ], [ 129.041591870302881, 35.110971453524463 ], [ 129.041400582477792, 35.111029542347559 ], [ 129.041388396221862, 35.111033242485824 ], [ 129.041289843681255, 35.111063170835855 ], [ 129.041117262426326, 35.111115576418662 ], [ 129.041087153538712, 35.111124721191835 ], [ 129.040454732648385, 35.111316766513895 ], [ 129.040453589263819, 35.111317112810433 ], [ 129.0400931964042, 35.111426551830846 ], [ 129.040054883071207, 35.111438073563221 ], [ 129.040026827794719, 35.11144651036134 ], [ 129.04002545743424, 35.111446921791035 ], [ 129.040183410353848, 35.111821190676913 ], [ 129.040319679746659, 35.112144084053462 ], [ 129.040623299360504, 35.112863490585994 ], [ 129.040624926882259, 35.112868460318317 ], [ 129.040625984337169, 35.112871708039371 ], [ 129.040643734529738, 35.112925912954417 ], [ 129.040726807957498, 35.113179590509809 ], [ 129.040862984835144, 35.113595397612499 ], [ 129.041049736953539, 35.114202364033865 ], [ 129.04105019518903, 35.1142038566813 ], [ 129.04083018830238, 35.114278483938634 ], [ 129.040731282852647, 35.114312031814194 ], [ 129.040723041236475, 35.114314826124826 ], [ 129.040715257599174, 35.114317465824627 ], [ 129.040683455688168, 35.114328252226386 ], [ 129.040673484744588, 35.114332034127109 ], [ 129.040667849880521, 35.114334168672933 ], [ 129.040638110954774, 35.114345427411571 ], [ 129.040460280936173, 35.114412762011234 ], [ 129.040414155892904, 35.114430226551278 ], [ 129.040322248486149, 35.114457947279973 ], [ 129.040184398405302, 35.114499538008793 ], [ 129.040119373703305, 35.114519147735784 ], [ 129.040109612106988, 35.114522103746182 ], [ 129.039702957898385, 35.114644761266447 ], [ 129.039652094130474, 35.114660103806578 ], [ 129.039649235865738, 35.114661334756711 ], [ 129.039597224184433, 35.114683725345508 ], [ 129.03951760392647, 35.114718006441684 ], [ 129.039438387411394, 35.114752110112953 ], [ 129.039430793260578, 35.114755379346896 ], [ 129.039450153560381, 35.114791485703137 ], [ 129.039484789371699, 35.114856073879423 ], [ 129.039756265157735, 35.11536233023876 ], [ 129.039758969398832, 35.115367373764741 ], [ 129.040026675574467, 35.115866598715982 ], [ 129.040028929528745, 35.115870803173792 ], [ 129.04003334548932, 35.115879048235676 ], [ 129.040139159700288, 35.116076366478836 ], [ 129.040261941626312, 35.116277810236788 ], [ 129.040268244554852, 35.116288133875251 ], [ 129.040275137748864, 35.116299443617045 ], [ 129.040474306968974, 35.116231956083595 ], [ 129.040745042446417, 35.116140769202183 ], [ 129.040845917272975, 35.116108547765528 ], [ 129.040976304812574, 35.116066898751832 ], [ 129.040978487344518, 35.116066201110215 ], [ 129.041055098895015, 35.11604173353728 ], [ 129.041259636514127, 35.115968281724911 ], [ 129.041314081969801, 35.115948727508076 ], [ 129.041388227343816, 35.11592459224461 ], [ 129.041390878522975, 35.115923726330244 ], [ 129.041456319926709, 35.115902430918887 ], [ 129.041646018538302, 35.115840698858001 ], [ 129.041884219503771, 35.115775036920205 ], [ 129.041925545977733, 35.115763655655833 ], [ 129.041949477757015, 35.115824796289274 ], [ 129.042009291854782, 35.115969138544493 ], [ 129.042310774420145, 35.116632943877811 ], [ 129.042345617340231, 35.116703814611384 ], [ 129.041885432514164, 35.116863943051968 ], [ 129.042243359839119, 35.117548415706906 ], [ 129.042323084002362, 35.117669865690651 ], [ 129.042315515984143, 35.117672608271803 ], [ 129.041908008364032, 35.117816881426741 ], [ 129.042366475494418, 35.118688596597295 ], [ 129.042406199179908, 35.118757428819166 ], [ 129.042806681052753, 35.118616356667651 ], [ 129.042814590033061, 35.118613478123542 ], [ 129.043337700451701, 35.119577529303136 ], [ 129.043937850113593, 35.11938164919048 ], [ 129.044110107390026, 35.119519348105555 ], [ 129.044697924115809, 35.120823832285552 ], [ 129.044735633809353, 35.120906489477271 ], [ 129.044870932105937, 35.121203039542131 ], [ 129.045011023352458, 35.121510097003942 ], [ 129.045138350354364, 35.121798517483967 ], [ 129.045202967980686, 35.121944885698973 ], [ 129.045403771934531, 35.122399734662231 ], [ 129.045428643256798, 35.122478990332922 ], [ 129.045472413806891, 35.122537580732356 ], [ 129.045517964284699, 35.122637867875852 ], [ 129.045828528663435, 35.123321635178044 ], [ 129.04589680708051, 35.123453929864631 ], [ 129.046315947105853, 35.124397039271585 ], [ 129.046346620138053, 35.124456986543798 ], [ 129.046362931922971, 35.124492746462579 ], [ 129.046705542211214, 35.125243606024725 ], [ 129.046717508227147, 35.125277374717626 ], [ 129.04674207840759, 35.125346680979298 ], [ 129.046453716357604, 35.125447974576339 ], [ 129.046452917250775, 35.12544825435333 ], [ 129.04603290314617, 35.125594537832747 ], [ 129.045977946740749, 35.125491298283912 ], [ 129.045591944933989, 35.12476609729795 ], [ 129.045574288274082, 35.124736854139222 ], [ 129.045556857808521, 35.124701753057884 ], [ 129.045535092915372, 35.12466265985821 ], [ 129.045047826671095, 35.123727620214645 ], [ 129.044735155841266, 35.123828414508331 ], [ 129.044718318672267, 35.123834405792067 ], [ 129.0444572147278, 35.123920912291368 ], [ 129.044473204987924, 35.123951084757458 ], [ 129.044475540017345, 35.123955490048701 ], [ 129.044967180243958, 35.124883112783905 ], [ 129.045027920370302, 35.124955262682711 ], [ 129.045037680262766, 35.124966859215426 ], [ 129.045087422749759, 35.125025962327996 ], [ 129.045117358023617, 35.125061527968953 ], [ 129.045661718428789, 35.125591646301061 ], [ 129.045808139335321, 35.125734234181763 ], [ 129.046511422436339, 35.126419097201293 ], [ 129.046898567773383, 35.126806132018089 ], [ 129.046910215531653, 35.126817774590904 ], [ 129.046914808397929, 35.126822365589966 ], [ 129.046962698178419, 35.126870240284958 ], [ 129.047074910736598, 35.126985245609688 ], [ 129.047080172981197, 35.126990642226311 ], [ 129.047161983498825, 35.127074484552139 ], [ 129.047286941445378, 35.127202557237212 ], [ 129.047398307983087, 35.127126274177911 ], [ 129.047430659041765, 35.127108223695679 ], [ 129.047498061420242, 35.127156142022613 ], [ 129.047587685853472, 35.127110394583781 ], [ 129.047611662306565, 35.12708886170666 ], [ 129.047613471926525, 35.12708723642757 ], [ 129.047592145548577, 35.127032313851977 ], [ 129.047592389342924, 35.12702803166647 ], [ 129.047594484082651, 35.126991362467109 ], [ 129.047674709793341, 35.126971417447123 ], [ 129.047720570872457, 35.126960017756893 ], [ 129.048678321793318, 35.127805790090669 ], [ 129.049188689783108, 35.128256474923113 ], [ 129.049234914342748, 35.128251839291821 ], [ 129.049242538094404, 35.128251074613786 ], [ 129.049245663293163, 35.128250768689462 ], [ 129.049431390682543, 35.128232146857329 ], [ 129.05000609047417, 35.128174522887839 ], [ 129.050231783524652, 35.128154755681351 ], [ 129.050233526641648, 35.128154601755561 ], [ 129.050476540372756, 35.128133321390614 ], [ 129.050774257603621, 35.128107249827714 ], [ 129.050867130268159, 35.128098285694954 ], [ 129.051338954309443, 35.128052745440129 ], [ 129.051381647976541, 35.128048623053338 ], [ 129.051413280985798, 35.128045569109013 ], [ 129.051068362927055, 35.127385787491718 ], [ 129.05098203240351, 35.127220647753568 ] ] ] } },
{ "type": "Feature", "properties": { "TOT_OA_CD": "21030530010002", "dong": "초량3동", "risk_norm": 0.0, "high_risk": false, "aed_dist_night": 56.083923724243228, "covered_night": true, "gap": false, "elev": 17.0, "인구기준시점": "2026-06", "AED기준시점": "2026-07", "생성일": "2026-07-26" }, "geometry": { "type": "Polygon", "coordinates": [ [ [ 129.046705542211214, 35.125243606024725 ], [ 129.046362931922971, 35.124492746462579 ], [ 129.046346620138053, 35.124456986543798 ], [ 129.045995631034799, 35.124584180911626 ], [ 129.045949002306969, 35.124519138324132 ], [ 129.045887364260295, 35.124397410691827 ], [ 129.045663472995386, 35.124475806600557 ], [ 129.045473637460105, 35.124109843771784 ], [ 129.045701375145143, 35.124030100824307 ], [ 129.045562271767267, 35.123755385266442 ], [ 129.045459281004128, 35.123594975412139 ], [ 129.045477992725438, 35.123588943885316 ], [ 129.045383937015316, 35.123439965157175 ], [ 129.045046129839278, 35.122804171773581 ], [ 129.044959458462472, 35.12264104416672 ], [ 129.04491463650848, 35.122565815096628 ], [ 129.044689043287121, 35.122119869161949 ], [ 129.044619850404388, 35.121983089074305 ], [ 129.045138350354364, 35.121798517483967 ], [ 129.045011023352458, 35.121510097003942 ], [ 129.044477429091614, 35.121701556693658 ], [ 129.04446325834175, 35.121706645681734 ], [ 129.044057490143871, 35.121852232110129 ], [ 129.044005194804754, 35.121749414763606 ], [ 129.043805238241731, 35.121384731096136 ], [ 129.043545283978006, 35.120910615938691 ], [ 129.043935496274116, 35.120771741785795 ], [ 129.043955041551925, 35.120764785655474 ], [ 129.044155873275884, 35.121126061575808 ], [ 129.044735633809353, 35.120906489477271 ], [ 129.044697924115809, 35.120823832285552 ], [ 129.044110107390026, 35.119519348105555 ], [ 129.043937850113593, 35.11938164919048 ], [ 129.043337700451701, 35.119577529303136 ], [ 129.042814590033061, 35.118613478123542 ], [ 129.042806681052753, 35.118616356667651 ], [ 129.042406199179908, 35.118757428819166 ], [ 129.042366475494418, 35.118688596597295 ], [ 129.041908008364032, 35.117816881426741 ], [ 129.042315515984143, 35.117672608271803 ], [ 129.042323084002362, 35.117669865690651 ], [ 129.042243359839119, 35.117548415706906 ], [ 129.041885432514164, 35.116863943051968 ], [ 129.042345617340231, 35.116703814611384 ], [ 129.042310774420145, 35.116632943877811 ], [ 129.042009291854782, 35.115969138544493 ], [ 129.041949477757015, 35.115824796289274 ], [ 129.041925545977733, 35.115763655655833 ], [ 129.041884219503771, 35.115775036920205 ], [ 129.041646018538302, 35.115840698858001 ], [ 129.041456319926709, 35.115902430918887 ], [ 129.041390878522975, 35.115923726330244 ], [ 129.041388227343816, 35.11592459224461 ], [ 129.041314081969801, 35.115948727508076 ], [ 129.041259636514127, 35.115968281724911 ], [ 129.041055098895015, 35.11604173353728 ], [ 129.040978487344518, 35.116066201110215 ], [ 129.040976304812574, 35.116066898751832 ], [ 129.040845917272975, 35.116108547765528 ], [ 129.040745042446417, 35.116140769202183 ], [ 129.040474306968974, 35.116231956083595 ], [ 129.040275137748864, 35.116299443617045 ], [ 129.040430736606794, 35.116554714894477 ], [ 129.040476719049678, 35.116630150128735 ], [ 129.040591309411099, 35.116790639914072 ], [ 129.04059149425666, 35.116790899920993 ], [ 129.040824826554257, 35.11711771565507 ], [ 129.040904470402381, 35.117229267900733 ], [ 129.040907419756451, 35.117233392268545 ], [ 129.040909163261801, 35.117235835110996 ], [ 129.040916574890247, 35.117250132450451 ], [ 129.040989991095216, 35.117391827285893 ], [ 129.04099347099384, 35.117398546081454 ], [ 129.041167781590701, 35.117734928441855 ], [ 129.041171186250608, 35.117741495789048 ], [ 129.041267870191973, 35.117928070880048 ], [ 129.041306089563335, 35.117984455107681 ], [ 129.041325547443222, 35.118022098907964 ], [ 129.041329742935858, 35.11803021960079 ], [ 129.041359466293045, 35.118087733364405 ], [ 129.041386150819676, 35.118143068705706 ], [ 129.041578685154207, 35.118521233906989 ], [ 129.041584997804279, 35.118533625621907 ], [ 129.041645270294538, 35.118652017289527 ], [ 129.041804502088837, 35.118964790467956 ], [ 129.041813407152176, 35.118982274013845 ], [ 129.0419683457514, 35.11928336705941 ], [ 129.041969070833375, 35.11928469224744 ], [ 129.041969311598052, 35.119285124644954 ], [ 129.042074852693531, 35.119476943698643 ], [ 129.042123273117767, 35.119560457252568 ], [ 129.042257115241796, 35.119791277788799 ], [ 129.042322667696936, 35.119909424231885 ], [ 129.042327388772378, 35.119918057509338 ], [ 129.042328025359723, 35.119919228739207 ], [ 129.042513341901326, 35.120258718246774 ], [ 129.042741022491839, 35.120675799343772 ], [ 129.042970350866256, 35.121115188369586 ], [ 129.042972514193622, 35.121119343429044 ], [ 129.042976017056844, 35.121126039270429 ], [ 129.043472164791581, 35.122062246316297 ], [ 129.043472824549724, 35.12206348121677 ], [ 129.043474713707553, 35.122067060015112 ], [ 129.043967677805909, 35.122997227489165 ], [ 129.043969839671291, 35.123001299588935 ], [ 129.043971729961925, 35.123004878364 ], [ 129.044456732104635, 35.123919992491366 ], [ 129.0444572147278, 35.123920912291368 ], [ 129.044718318672267, 35.123834405792067 ], [ 129.044735155841266, 35.123828414508331 ], [ 129.045047826671095, 35.123727620214645 ], [ 129.045535092915372, 35.12466265985821 ], [ 129.045556857808521, 35.124701753057884 ], [ 129.045574288274082, 35.124736854139222 ], [ 129.045591944933989, 35.12476609729795 ], [ 129.045977946740749, 35.125491298283912 ], [ 129.04603290314617, 35.125594537832747 ], [ 129.046452917250775, 35.12544825435333 ], [ 129.046453716357604, 35.125447974576339 ], [ 129.04674207840759, 35.125346680979298 ], [ 129.046717508227147, 35.125277374717626 ], [ 129.046705542211214, 35.125243606024725 ] ] ] } },
{ "type": "Feature", "properties": { "TOT_OA_CD": "21030530010201", "dong": "초량3동", "risk_norm": 0.0, "high_risk": false, "aed_dist_night": 94.236950468449294, "covered_night": true, "gap": false, "elev": 8.0, "인구기준시점": "2026-06", "AED기준시점": "2026-07", "생성일": "2026-07-26" }, "geometry": { "type": "Polygon", "coordinates": [ [ [ 129.044155873275884, 35.121126061575808 ], [ 129.043955041551925, 35.120764785655474 ], [ 129.043935496274116, 35.120771741785795 ], [ 129.043545283978006, 35.120910615938691 ], [ 129.043805238241731, 35.121384731096136 ], [ 129.044005194804754, 35.121749414763606 ], [ 129.044057490143871, 35.121852232110129 ], [ 129.04446325834175, 35.121706645681734 ], [ 129.044477429091614, 35.121701556693658 ], [ 129.044413928459903, 35.121590270081576 ], [ 129.044322199412164, 35.121425262539972 ], [ 129.044211340540983, 35.121225840612908 ], [ 129.044155873275884, 35.121126061575808 ] ] ] } },
{ "type": "Feature", "properties": { "TOT_OA_CD": "21030530010401", "dong": "초량3동", "risk_norm": 0.063090465165038884, "high_risk": false, "aed_dist_night": 226.14671079994756, "covered_night": false, "gap": false, "elev": 6.0, "인구기준시점": "2026-06", "AED기준시점": "2026-07", "생성일": "2026-07-26" }, "geometry": { "type": "Polygon", "coordinates": [ [ [ 129.045202967980686, 35.121944885698973 ], [ 129.045138350354364, 35.121798517483967 ], [ 129.044619850404388, 35.121983089074305 ], [ 129.044689043287121, 35.122119869161949 ], [ 129.04491463650848, 35.122565815096628 ], [ 129.044959458462472, 35.12264104416672 ], [ 129.045046129839278, 35.122804171773581 ], [ 129.045129131082291, 35.122776578974957 ], [ 129.045142536512145, 35.122771517688669 ], [ 129.04524794570969, 35.12273379440105 ], [ 129.045331293436732, 35.122703986279404 ], [ 129.045427046321265, 35.122669964450701 ], [ 129.045517964284699, 35.122637867875852 ], [ 129.045472413806891, 35.122537580732356 ], [ 129.045428643256798, 35.122478990332922 ], [ 129.045403771934531, 35.122399734662231 ], [ 129.045202967980686, 35.121944885698973 ] ] ] } },
{ "type": "Feature", "properties": { "TOT_OA_CD": "21030530010501", "dong": "초량3동", "risk_norm": 0.056535546865216633, "high_risk": false, "aed_dist_night": 146.92615243778937, "covered_night": true, "gap": false, "elev": 6.0, "인구기준시점": "2026-06", "AED기준시점": "2026-07", "생성일": "2026-07-26" }, "geometry": { "type": "Polygon", "coordinates": [ [ [ 129.044870932105937, 35.121203039542131 ], [ 129.044735633809353, 35.120906489477271 ], [ 129.044155873275884, 35.121126061575808 ], [ 129.044211340540983, 35.121225840612908 ], [ 129.044322199412164, 35.121425262539972 ], [ 129.044413928459903, 35.121590270081576 ], [ 129.044477429091614, 35.121701556693658 ], [ 129.045011023352458, 35.121510097003942 ], [ 129.044870932105937, 35.121203039542131 ] ] ] } },
{ "type": "Feature", "properties": { "TOT_OA_CD": "21030530010601", "dong": "초량3동", "risk_norm": 0.032744758971861854, "high_risk": false, "aed_dist_night": 139.52583493970991, "covered_night": true, "gap": false, "elev": 7.0, "인구기준시점": "2026-06", "AED기준시점": "2026-07", "생성일": "2026-07-26" }, "geometry": { "type": "Polygon", "coordinates": [ [ [ 129.045483114832166, 35.123587292617223 ], [ 129.045896807079799, 35.123453929845965 ], [ 129.045828528648542, 35.123321635185818 ], [ 129.045517964263325, 35.122637867850692 ], [ 129.045427046316945, 35.122669964449635 ], [ 129.045331293418712, 35.122703986274118 ], [ 129.04524794568735, 35.12273379437864 ], [ 129.045142536509047, 35.122771517694403 ], [ 129.045129131089084, 35.12277657897733 ], [ 129.04504612983763, 35.122804171768898 ], [ 129.045383936986951, 35.123439965162476 ], [ 129.0454779927, 35.12358894388197 ], [ 129.045483114832166, 35.123587292617223 ] ] ] } },
{ "type": "Feature", "properties": { "TOT_OA_CD": "21030530010901", "dong": "초량3동", "risk_norm": 0.12643619549054061, "high_risk": false, "aed_dist_night": 75.561543809159957, "covered_night": true, "gap": false, "elev": 15.0, "인구기준시점": "2026-06", "AED기준시점": "2026-07", "생성일": "2026-07-26" }, "geometry": { "type": "Polygon", "coordinates": [ [ [ 129.046315947105853, 35.124397039271585 ], [ 129.04589680708051, 35.123453929864631 ], [ 129.045483114823242, 35.123587292625444 ], [ 129.045477992725438, 35.123588943885316 ], [ 129.045459281004128, 35.123594975412139 ], [ 129.045562271767267, 35.123755385266442 ], [ 129.045701375145143, 35.124030100824307 ], [ 129.045473637460105, 35.124109843771784 ], [ 129.045663472995386, 35.124475806600557 ], [ 129.045887364260295, 35.124397410691827 ], [ 129.045949002306969, 35.124519138324132 ], [ 129.045995631034799, 35.124584180911626 ], [ 129.046346620138053, 35.124456986543798 ], [ 129.046315947105853, 35.124397039271585 ] ] ] } },
{ "type": "Feature", "properties": { "TOT_OA_CD": "21030530020001", "dong": "초량3동", "risk_norm": 0.17008144917869392, "high_risk": false, "aed_dist_night": 84.36654393331942, "covered_night": true, "gap": false, "elev": 27.0, "인구기준시점": "2026-06", "AED기준시점": "2026-07", "생성일": "2026-07-26" }, "geometry": { "type": "Polygon", "coordinates": [ [ [ 129.040985278796342, 35.123218502371273 ], [ 129.041012385121604, 35.123213893038212 ], [ 129.041052741526158, 35.123249608510456 ], [ 129.041080458053102, 35.123248264253874 ], [ 129.041109604803069, 35.123248045054332 ], [ 129.041118432743218, 35.123240620717027 ], [ 129.041130883723497, 35.123233984250696 ], [ 129.041135516408502, 35.12323151353241 ], [ 129.041196011092637, 35.123199263387164 ], [ 129.041235290177099, 35.123157760173996 ], [ 129.04123802092397, 35.123154872746682 ], [ 129.041241773736289, 35.123116652465484 ], [ 129.041246977841695, 35.123063667801439 ], [ 129.041246955531051, 35.122999582195433 ], [ 129.041246712034734, 35.122994694931279 ], [ 129.041243625956213, 35.122933060161429 ], [ 129.041255404478932, 35.122904482446145 ], [ 129.041259635750151, 35.122894218741045 ], [ 129.041261291645924, 35.122890198120317 ], [ 129.0413147143949, 35.122812978764465 ], [ 129.04131525115929, 35.122812230818198 ], [ 129.041317642246099, 35.122808964492791 ], [ 129.041319422507144, 35.122806534553646 ], [ 129.041425285859674, 35.122662305527818 ], [ 129.041503951013681, 35.122566441497604 ], [ 129.041525558990742, 35.122550519997013 ], [ 129.041526940101107, 35.122548981393642 ], [ 129.041656890039917, 35.122453835328379 ], [ 129.041724981020138, 35.122426941261907 ], [ 129.04183728482073, 35.122389144903941 ], [ 129.041955774549649, 35.122368764654084 ], [ 129.041999114637605, 35.122363669019926 ], [ 129.042012694851394, 35.122372005670762 ], [ 129.042061928339876, 35.122402155769862 ], [ 129.04208788716349, 35.122417725410727 ], [ 129.042111954701824, 35.122432160556222 ], [ 129.042145740765676, 35.122445499155084 ], [ 129.042202875973771, 35.122470439223086 ], [ 129.042238496174491, 35.122481530167867 ], [ 129.042290073060599, 35.122499999701056 ], [ 129.042293147110115, 35.122498966972813 ], [ 129.042357817239633, 35.122477243562436 ], [ 129.042359826987081, 35.122476569727418 ], [ 129.042443344608643, 35.122448512376941 ], [ 129.042457805366439, 35.122443657971068 ], [ 129.04251580194142, 35.122424187782634 ], [ 129.042706810541603, 35.122362099167653 ], [ 129.042700621087818, 35.122350563360875 ], [ 129.042732581664296, 35.122338732113697 ], [ 129.042730781365321, 35.122335208991018 ], [ 129.042727948270567, 35.122329639718295 ], [ 129.042548599260243, 35.121977430540994 ], [ 129.042547971339729, 35.121976196089847 ], [ 129.042470292558107, 35.122003515592709 ], [ 129.042438694215832, 35.122016046339489 ], [ 129.042185777988919, 35.122104896984993 ], [ 129.042185515204523, 35.122104986898599 ], [ 129.042143708645852, 35.122026744862893 ], [ 129.041899726187665, 35.121596585768074 ], [ 129.041863893958549, 35.121533409303147 ], [ 129.04156914017824, 35.121628530686017 ], [ 129.041590392247429, 35.121670838198305 ], [ 129.041639807733986, 35.121769430454755 ], [ 129.041671653348544, 35.121831974261397 ], [ 129.041683347354336, 35.121855757951238 ], [ 129.041825395784343, 35.122144606075118 ], [ 129.041837583995459, 35.122169568156728 ], [ 129.041861601200083, 35.122218775646779 ], [ 129.041784301811191, 35.122245931228463 ], [ 129.041585418592206, 35.122316259255818 ], [ 129.041467318792343, 35.122358031298916 ], [ 129.041461033122147, 35.122360249865338 ], [ 129.041342154614568, 35.122402284144158 ], [ 129.041213599425078, 35.12244793603638 ], [ 129.041141963963184, 35.12247338546851 ], [ 129.041078167760702, 35.122349348370463 ], [ 129.041011931735028, 35.122220561924195 ], [ 129.041001070608047, 35.122199448992973 ], [ 129.040979217138329, 35.122156958793539 ], [ 129.040967493660673, 35.122134164474112 ], [ 129.040936521801797, 35.12207394275282 ], [ 129.040852956272147, 35.121911463206494 ], [ 129.04085206681961, 35.121909799327852 ], [ 129.040851944944563, 35.121909562837487 ], [ 129.040788414409775, 35.121931080722838 ], [ 129.040732490048384, 35.121949761846587 ], [ 129.040625900780697, 35.121985368447469 ], [ 129.040633838105009, 35.122001162117954 ], [ 129.040662012457091, 35.122057244998977 ], [ 129.04072667156791, 35.122185952540448 ], [ 129.040887731430843, 35.122506548435751 ], [ 129.040911895175952, 35.122554646152643 ], [ 129.040912132111913, 35.122555108385761 ], [ 129.040729448438498, 35.122620045635252 ], [ 129.040727391505015, 35.122620777756282 ], [ 129.040726333058927, 35.122621154584898 ], [ 129.040614115027438, 35.122661045069528 ], [ 129.040529051869186, 35.122691281989852 ], [ 129.040503344618941, 35.122643144315404 ], [ 129.040232536333548, 35.122136076962462 ], [ 129.04022378141994, 35.122119693173971 ], [ 129.040117298667838, 35.12215526912177 ], [ 129.040062618470557, 35.122175934819253 ], [ 129.039998693785861, 35.122059896089262 ], [ 129.03999272065991, 35.122048287088049 ], [ 129.039992490538879, 35.122047837388962 ], [ 129.039978204813707, 35.122020079681953 ], [ 129.039977425854914, 35.122018573980149 ], [ 129.039934926809877, 35.121936018498992 ], [ 129.039906343092014, 35.121880487023866 ], [ 129.039880023805864, 35.121829356389185 ], [ 129.039879456620042, 35.121828257317233 ], [ 129.039878446369727, 35.121826355103202 ], [ 129.039840601647853, 35.121754654514362 ], [ 129.03981594506061, 35.121707959392452 ], [ 129.03981557270572, 35.121707241026783 ], [ 129.03973455601303, 35.121549735890667 ], [ 129.039674557368727, 35.121570236346003 ], [ 129.039642967753849, 35.12158097020793 ], [ 129.039613462253214, 35.121591076206208 ], [ 129.039397777267055, 35.121666727178663 ], [ 129.039366323758514, 35.12167775949888 ], [ 129.03936139837333, 35.121679487348437 ], [ 129.039202247791678, 35.121734015334717 ], [ 129.03918521959352, 35.121739825232773 ], [ 129.039184912197669, 35.121739933728939 ], [ 129.03909251347747, 35.12177156747363 ], [ 129.039124246044679, 35.121826866206675 ], [ 129.03918362070533, 35.121941038255734 ], [ 129.03909888560662, 35.12196613169602 ], [ 129.039015014061903, 35.121989062876011 ], [ 129.039025337262956, 35.122008851162327 ], [ 129.039035405373937, 35.122028145867624 ], [ 129.039103000247906, 35.122157821430221 ], [ 129.039105173779632, 35.122162002570064 ], [ 129.039198813740086, 35.122341651944282 ], [ 129.039210102735865, 35.122363306917748 ], [ 129.039210860701274, 35.122364749778427 ], [ 129.039211300240652, 35.122365597129459 ], [ 129.039286306485394, 35.12250957358529 ], [ 129.039288503469919, 35.122513774268739 ], [ 129.039289667015709, 35.122516008126631 ], [ 129.039362839655013, 35.122656417613968 ], [ 129.039363422555596, 35.122657535405217 ], [ 129.039365870438871, 35.122662239590561 ], [ 129.039366956653879, 35.122664330181976 ], [ 129.039426087096444, 35.122777775762003 ], [ 129.039526227565887, 35.122965317967683 ], [ 129.03956224262248, 35.123032727686962 ], [ 129.039622022947015, 35.123011706198113 ], [ 129.039624857451685, 35.123010714448121 ], [ 129.040361138781805, 35.122750825919375 ], [ 129.040383131229078, 35.122793188236479 ], [ 129.0403826044612, 35.122793362636983 ], [ 129.040426096425392, 35.122877140503867 ], [ 129.040427314727566, 35.122879483645782 ], [ 129.040428655065512, 35.122882069570451 ], [ 129.040577685263941, 35.123167158093175 ], [ 129.040579124123411, 35.123169906856603 ], [ 129.040620291956827, 35.12324865705331 ], [ 129.040644361051477, 35.123294696756403 ], [ 129.040644701395109, 35.123295346119313 ], [ 129.040647578205011, 35.123300852667064 ], [ 129.040680873635836, 35.1233671993106 ], [ 129.040682135792082, 35.123369714102118 ], [ 129.040685316839017, 35.123376050797759 ], [ 129.040685524634341, 35.123375254723655 ], [ 129.040693506090008, 35.123344559658634 ], [ 129.040722376118083, 35.123309370422277 ], [ 129.040755546580215, 35.123274811764531 ], [ 129.040865277232115, 35.123232223548342 ], [ 129.040906720572565, 35.123224278086887 ], [ 129.040985278796342, 35.123218502371273 ] ] ] } },
{ "type": "Feature", "properties": { "TOT_OA_CD": "21030530020004", "dong": "초량3동", "risk_norm": 0.079443069446905129, "high_risk": false, "aed_dist_night": 149.29602820564386, "covered_night": true, "gap": false, "elev": 15.0, "인구기준시점": "2026-06", "AED기준시점": "2026-07", "생성일": "2026-07-26" }, "geometry": { "type": "Polygon", "coordinates": [ [ [ 129.041886973204242, 35.120666173339181 ], [ 129.041828219360013, 35.120541534211952 ], [ 129.041817150108898, 35.120518112246103 ], [ 129.041754640599493, 35.120385803011303 ], [ 129.041726749796879, 35.120331731868099 ], [ 129.041718942243136, 35.120292254811453 ], [ 129.041686843821793, 35.120162107499681 ], [ 129.041685520246489, 35.1201457942948 ], [ 129.041685797446121, 35.120131677789203 ], [ 129.041685829263969, 35.120130280786455 ], [ 129.04168725332147, 35.120058874590704 ], [ 129.041687446184881, 35.120049077000239 ], [ 129.041696280362459, 35.120010910155955 ], [ 129.041507644970324, 35.119987123290471 ], [ 129.041479556862555, 35.119977307621262 ], [ 129.041375257414359, 35.119743834782341 ], [ 129.041378369008953, 35.119533204088732 ], [ 129.041362756868352, 35.119484725336278 ], [ 129.041341281276374, 35.119491789452056 ], [ 129.041242674731137, 35.119523639891206 ], [ 129.041095731598205, 35.119573371745169 ], [ 129.041075986987465, 35.119580057687557 ], [ 129.040876209067932, 35.119647671195722 ], [ 129.040873100797882, 35.119641461622848 ], [ 129.040855681612641, 35.119599391932837 ], [ 129.04085500874433, 35.119567393156466 ], [ 129.040852539841552, 35.119227490366008 ], [ 129.040848561288954, 35.119165749643514 ], [ 129.040846692506761, 35.119153221147371 ], [ 129.040844231430384, 35.119015323336129 ], [ 129.040748548901831, 35.119012641284677 ], [ 129.040757834132364, 35.118929533142413 ], [ 129.040753068410197, 35.118851510239736 ], [ 129.040616678846334, 35.118765800130554 ], [ 129.040561470879197, 35.118729348196553 ], [ 129.040560507052049, 35.118730494690851 ], [ 129.040557803175204, 35.118729091879864 ], [ 129.040353655821207, 35.118962150569921 ], [ 129.040341027160139, 35.118976570142408 ], [ 129.040339246068697, 35.118978604273494 ], [ 129.040332611654435, 35.118986181928975 ], [ 129.0403218510925, 35.11899846889348 ], [ 129.040291747684137, 35.119032835193153 ], [ 129.040220720086978, 35.119113921287081 ], [ 129.040209700465738, 35.119126964347913 ], [ 129.040204746599414, 35.119132824709162 ], [ 129.040202816570712, 35.119135105994033 ], [ 129.040124493192337, 35.11922782452811 ], [ 129.040123388482641, 35.119229121563038 ], [ 129.040117869158365, 35.119235664396761 ], [ 129.039993054355534, 35.11938337987268 ], [ 129.039796008407762, 35.119616578216352 ], [ 129.039716612495312, 35.119709436345119 ], [ 129.039714361970852, 35.119712065220639 ], [ 129.039710009170733, 35.119717155137444 ], [ 129.039709315572338, 35.119717968182321 ], [ 129.039599573969667, 35.11984629276737 ], [ 129.039569978098484, 35.119880894988952 ], [ 129.039548783045092, 35.119905679156496 ], [ 129.039519993154101, 35.119927132796604 ], [ 129.03941610012555, 35.120004563325509 ], [ 129.039412478106385, 35.120007262790587 ], [ 129.039114429064853, 35.120137543367598 ], [ 129.03901533106017, 35.120160683252614 ], [ 129.03907724484111, 35.12027562649282 ], [ 129.039101861536096, 35.120321353933093 ], [ 129.039123357926854, 35.12036127761246 ], [ 129.039373144151028, 35.12083918067141 ], [ 129.039422753633801, 35.120820308995178 ], [ 129.039467835326917, 35.120734720317294 ], [ 129.039490632322639, 35.120689735816882 ], [ 129.039507643876163, 35.120656171664024 ], [ 129.039613170408245, 35.120447950909067 ], [ 129.039638816879005, 35.120396368271713 ], [ 129.039664353195718, 35.120344999789076 ], [ 129.039746882174796, 35.120178943911448 ], [ 129.039801466987171, 35.120079172731998 ], [ 129.039880202964781, 35.120037756490504 ], [ 129.03985913430904, 35.119996319993447 ], [ 129.039917683696103, 35.119975201311185 ], [ 129.039948174755722, 35.119964554361545 ], [ 129.040081992226561, 35.119917640535682 ], [ 129.0403387642138, 35.119832381460526 ], [ 129.040364528490954, 35.11982340209218 ], [ 129.040383427203778, 35.119866257280201 ], [ 129.040383932272931, 35.120002181979999 ], [ 129.040385166653806, 35.120060048179276 ], [ 129.040384531319262, 35.120111336512146 ], [ 129.040383000175211, 35.120120350492442 ], [ 129.040382261493505, 35.12018002065664 ], [ 129.040402779606751, 35.120186954741008 ], [ 129.040409367860121, 35.120199301566807 ], [ 129.040410793835946, 35.120199328496874 ], [ 129.040461477551133, 35.120200185423236 ], [ 129.040468719353498, 35.12020487012844 ], [ 129.040473769233984, 35.120212440828517 ], [ 129.040489468573412, 35.120236141264378 ], [ 129.04050846090999, 35.120264436855592 ], [ 129.04053468326947, 35.12027191061545 ], [ 129.040549276360565, 35.120275962670831 ], [ 129.040563757665694, 35.120279382334942 ], [ 129.040571546738391, 35.120280731332997 ], [ 129.040598537227311, 35.120285229872991 ], [ 129.04061773688872, 35.120288288394079 ], [ 129.040627283031966, 35.120291801435918 ], [ 129.040645279141245, 35.120302971780696 ], [ 129.040664812234496, 35.120314412901301 ], [ 129.040676993224537, 35.120322070541903 ], [ 129.040702122001875, 35.120337025321653 ], [ 129.040729665746341, 35.120353419937409 ], [ 129.040751942395531, 35.120368015163308 ], [ 129.040762810416879, 35.120382343398106 ], [ 129.040781030974046, 35.120404962243768 ], [ 129.040791348023987, 35.120416315840693 ], [ 129.040810338579348, 35.120437401208044 ], [ 129.040826252641637, 35.120455423222985 ], [ 129.040866098687133, 35.120501290238238 ], [ 129.040879305103772, 35.120519927311101 ], [ 129.040826271406644, 35.120580984566871 ], [ 129.040783831729129, 35.120614790174415 ], [ 129.040761941882693, 35.12060552941341 ], [ 129.040736729448525, 35.120581012251122 ], [ 129.040726111641362, 35.120582649363932 ], [ 129.040699572802822, 35.12055377621882 ], [ 129.040690939956306, 35.120536878816658 ], [ 129.040658418625441, 35.120502015705654 ], [ 129.040639234231094, 35.120506412422735 ], [ 129.04060962001256, 35.120519400700758 ], [ 129.040582969619663, 35.120533199721805 ], [ 129.040438852965508, 35.120605354109856 ], [ 129.040412201561509, 35.120618344368872 ], [ 129.040405400817036, 35.120623212975474 ], [ 129.040403098539997, 35.120627991038596 ], [ 129.040386978463289, 35.120638361641646 ], [ 129.040366467755916, 35.120647562769541 ], [ 129.040352977741861, 35.120653605585638 ], [ 129.040279599521369, 35.120683644192034 ], [ 129.040225644575372, 35.120702851825016 ], [ 129.040226160490505, 35.120703851495378 ], [ 129.040226884738843, 35.120705248793946 ], [ 129.040330144645026, 35.120901388230024 ], [ 129.040330759095525, 35.120902549812023 ], [ 129.040339476690036, 35.12091911439876 ], [ 129.040341355790048, 35.120922692447941 ], [ 129.040342014573866, 35.120923936424433 ], [ 129.040527432789588, 35.121280318574513 ], [ 129.040585511739266, 35.121260868109978 ], [ 129.040626753764343, 35.121247063014359 ], [ 129.040728302071756, 35.121212978434507 ], [ 129.040734312624323, 35.121210956319786 ], [ 129.040864334832833, 35.121167307727873 ], [ 129.040938594777714, 35.121141774606258 ], [ 129.041062277540618, 35.121099126072778 ], [ 129.041065500448809, 35.121098017570517 ], [ 129.041069977110368, 35.121096474791635 ], [ 129.041265163264598, 35.121029303411213 ], [ 129.041540068167109, 35.12093468593865 ], [ 129.041582451758757, 35.120920097812338 ], [ 129.041596699623113, 35.120915197517498 ], [ 129.041770780894495, 35.120855317381576 ], [ 129.041874071373485, 35.120819166621487 ], [ 129.041951667569208, 35.120793276730389 ], [ 129.041951113919879, 35.120792197306891 ], [ 129.041886973204242, 35.120666173339181 ] ] ] } },
{ "type": "Feature", "properties": { "TOT_OA_CD": "21030530020002", "dong": "초량3동", "risk_norm": 0.10558225947658458, "high_risk": false, "aed_dist_night": 141.82896921809856, "covered_night": true, "gap": false, "elev": 18.0, "인구기준시점": "2026-06", "AED기준시점": "2026-07", "생성일": "2026-07-26" }, "geometry": { "type": "Polygon", "coordinates": [ [ [ 129.04072667156791, 35.122185952540448 ], [ 129.040662012457091, 35.122057244998977 ], [ 129.040633838105009, 35.122001162117954 ], [ 129.040625900780697, 35.121985368447469 ], [ 129.040732490048384, 35.121949761846587 ], [ 129.040788414409775, 35.121931080722838 ], [ 129.040851944944563, 35.121909562837487 ], [ 129.040837025354335, 35.121881550043668 ], [ 129.040813506719076, 35.121837394031722 ], [ 129.040812735395093, 35.12183594323416 ], [ 129.040799329954666, 35.121810771102616 ], [ 129.040726441754202, 35.121673897726048 ], [ 129.040723078979056, 35.121667581361919 ], [ 129.040633009198018, 35.121498461916254 ], [ 129.040528170732927, 35.121281744553372 ], [ 129.040527432789588, 35.121280318574513 ], [ 129.040342014573866, 35.120923936424433 ], [ 129.040341355790048, 35.120922692447941 ], [ 129.040339476690036, 35.12091911439876 ], [ 129.040330759095525, 35.120902549812023 ], [ 129.040330144645026, 35.120901388230024 ], [ 129.040226884738843, 35.120705248793946 ], [ 129.040226160490505, 35.120703851495378 ], [ 129.040225644575372, 35.120702851825016 ], [ 129.040279599521369, 35.120683644192034 ], [ 129.040352977741861, 35.120653605585638 ], [ 129.040366467755916, 35.120647562769541 ], [ 129.040386978463289, 35.120638361641646 ], [ 129.040403098539997, 35.120627991038596 ], [ 129.040405400817036, 35.120623212975474 ], [ 129.040412201561509, 35.120618344368872 ], [ 129.040438852965508, 35.120605354109856 ], [ 129.040582969619663, 35.120533199721805 ], [ 129.04060962001256, 35.120519400700758 ], [ 129.040639234231094, 35.120506412422735 ], [ 129.040658418625441, 35.120502015705654 ], [ 129.040690939956306, 35.120536878816658 ], [ 129.040699572802822, 35.12055377621882 ], [ 129.040726111641362, 35.120582649363932 ], [ 129.040736729448525, 35.120581012251122 ], [ 129.040761941882693, 35.12060552941341 ], [ 129.040783831729129, 35.120614790174415 ], [ 129.040826271406644, 35.120580984566871 ], [ 129.040879305103772, 35.120519927311101 ], [ 129.040866098687133, 35.120501290238238 ], [ 129.040826252641637, 35.120455423222985 ], [ 129.040810338579348, 35.120437401208044 ], [ 129.040791348023987, 35.120416315840693 ], [ 129.040781030974046, 35.120404962243768 ], [ 129.040762810416879, 35.120382343398106 ], [ 129.040751942395531, 35.120368015163308 ], [ 129.040729665746341, 35.120353419937409 ], [ 129.040702122001875, 35.120337025321653 ], [ 129.040676993224537, 35.120322070541903 ], [ 129.040664812234496, 35.120314412901301 ], [ 129.040645279141245, 35.120302971780696 ], [ 129.040627283031966, 35.120291801435918 ], [ 129.04061773688872, 35.120288288394079 ], [ 129.040598537227311, 35.120285229872991 ], [ 129.040571546738391, 35.120280731332997 ], [ 129.040563757665694, 35.120279382334942 ], [ 129.040549276360565, 35.120275962670831 ], [ 129.04053468326947, 35.12027191061545 ], [ 129.04050846090999, 35.120264436855592 ], [ 129.040489468573412, 35.120236141264378 ], [ 129.040473769233984, 35.120212440828517 ], [ 129.040468719353498, 35.12020487012844 ], [ 129.040461477551133, 35.120200185423236 ], [ 129.040410793835946, 35.120199328496874 ], [ 129.040409367860121, 35.120199301566807 ], [ 129.040402779606751, 35.120186954741008 ], [ 129.040382261493505, 35.12018002065664 ], [ 129.040383000175211, 35.120120350492442 ], [ 129.040384531319262, 35.120111336512146 ], [ 129.040385166653806, 35.120060048179276 ], [ 129.040383932272931, 35.120002181979999 ], [ 129.040383427203778, 35.119866257280201 ], [ 129.040364528490954, 35.11982340209218 ], [ 129.0403387642138, 35.119832381460526 ], [ 129.040081992226561, 35.119917640535682 ], [ 129.039948174755722, 35.119964554361545 ], [ 129.039917683696103, 35.119975201311185 ], [ 129.03985913430904, 35.119996319993447 ], [ 129.039880202964781, 35.120037756490504 ], [ 129.039801466987171, 35.120079172731998 ], [ 129.039746882174796, 35.120178943911448 ], [ 129.039664353195718, 35.120344999789076 ], [ 129.039638816879005, 35.120396368271713 ], [ 129.039613170408245, 35.120447950909067 ], [ 129.039507643876163, 35.120656171664024 ], [ 129.039490632322639, 35.120689735816882 ], [ 129.039467835326917, 35.120734720317294 ], [ 129.039422753633801, 35.120820308995178 ], [ 129.039373144151028, 35.12083918067141 ], [ 129.039375206694757, 35.120843119777426 ], [ 129.039375526327973, 35.120843777490037 ], [ 129.039378391617873, 35.120849789120925 ], [ 129.039425270902029, 35.120948248670068 ], [ 129.039425676393989, 35.120949095558849 ], [ 129.039426511471731, 35.120950843991771 ], [ 129.03973455601303, 35.121549735890667 ], [ 129.03981557270572, 35.121707241026783 ], [ 129.03981594506061, 35.121707959392452 ], [ 129.039840601647853, 35.121754654514362 ], [ 129.039878446369727, 35.121826355103202 ], [ 129.039879456620042, 35.121828257317233 ], [ 129.039880023805864, 35.121829356389185 ], [ 129.039906343092014, 35.121880487023866 ], [ 129.039934926809877, 35.121936018498992 ], [ 129.039977425854914, 35.122018573980149 ], [ 129.039978204813707, 35.122020079681953 ], [ 129.039992490538879, 35.122047837388962 ], [ 129.03999272065991, 35.122048287088049 ], [ 129.039998693785861, 35.122059896089262 ], [ 129.040062618470557, 35.122175934819253 ], [ 129.040117298667838, 35.12215526912177 ], [ 129.04022378141994, 35.122119693173971 ], [ 129.040232536333548, 35.122136076962462 ], [ 129.040503344618941, 35.122643144315404 ], [ 129.040529051869186, 35.122691281989852 ], [ 129.040614115027438, 35.122661045069528 ], [ 129.040726333058927, 35.122621154584898 ], [ 129.040727391505015, 35.122620777756282 ], [ 129.040729448438498, 35.122620045635252 ], [ 129.040912132111913, 35.122555108385761 ], [ 129.040911895175952, 35.122554646152643 ], [ 129.040887731430843, 35.122506548435751 ], [ 129.04072667156791, 35.122185952540448 ] ] ] } },
{ "type": "Feature", "properties": { "TOT_OA_CD": "21030530020005", "dong": "초량3동", "risk_norm": 0.076159491621068637, "high_risk": false, "aed_dist_night": 92.151992041940915, "covered_night": true, "gap": false, "elev": 23.0, "인구기준시점": "2026-06", "AED기준시점": "2026-07", "생성일": "2026-07-26" }, "geometry": { "type": "Polygon", "coordinates": [ [ [ 129.046511422436339, 35.126419097201293 ], [ 129.045808139335321, 35.125734234181763 ], [ 129.045661718428789, 35.125591646301061 ], [ 129.045117358023617, 35.125061527968953 ], [ 129.045087422749759, 35.125025962327996 ], [ 129.045037680262766, 35.124966859215426 ], [ 129.045027920370302, 35.124955262682711 ], [ 129.044967180243958, 35.124883112783905 ], [ 129.044475540017345, 35.123955490048701 ], [ 129.044473204987924, 35.123951084757458 ], [ 129.0444572147278, 35.123920912291368 ], [ 129.044456732104635, 35.123919992491366 ], [ 129.043971729961925, 35.123004878364 ], [ 129.043969839671291, 35.123001299588935 ], [ 129.043967677805909, 35.122997227489165 ], [ 129.043210675387655, 35.123270837589196 ], [ 129.043177328735368, 35.123282795678755 ], [ 129.043410432326908, 35.12373974311663 ], [ 129.043419621600663, 35.12375775844712 ], [ 129.043486062188236, 35.123887693137384 ], [ 129.043662325745061, 35.124234531277715 ], [ 129.04370223534886, 35.124313062861908 ], [ 129.043799498215435, 35.124504448213791 ], [ 129.043824308665222, 35.124552846369539 ], [ 129.043880502504464, 35.124662462734889 ], [ 129.043918283034344, 35.124736605261987 ], [ 129.043986787672594, 35.124869990866451 ], [ 129.043997668789871, 35.124891288118668 ], [ 129.044038117803325, 35.124970454664002 ], [ 129.044061574532464, 35.12501636438715 ], [ 129.044116059482803, 35.125123084806731 ], [ 129.044170931111353, 35.125230746032585 ], [ 129.044246893899981, 35.125379788532385 ], [ 129.044282210972284, 35.125449083694171 ], [ 129.044295579274149, 35.125475220624743 ], [ 129.044482145654655, 35.125839944854626 ], [ 129.044519198228841, 35.125912380674023 ], [ 129.044544429103638, 35.125963471773346 ], [ 129.044554120059274, 35.125983095401011 ], [ 129.044577134024479, 35.126029699492918 ], [ 129.044599839924331, 35.126024484561889 ], [ 129.044605171139921, 35.126023261626734 ], [ 129.044609930915186, 35.126022171340935 ], [ 129.044690781000781, 35.126003626874983 ], [ 129.044745135603989, 35.125991045301681 ], [ 129.044751936250577, 35.125989471830557 ], [ 129.044775641883888, 35.126002677600709 ], [ 129.044785936321574, 35.126008405973408 ], [ 129.044920918465863, 35.126083793810665 ], [ 129.045062709875083, 35.12616246760561 ], [ 129.045322515587031, 35.126306626173786 ], [ 129.045442806003052, 35.126373050294291 ], [ 129.045577629074387, 35.126447506269272 ], [ 129.045631260248996, 35.126477123606115 ], [ 129.045706721167477, 35.126518801968402 ], [ 129.045933662892793, 35.1266441253523 ], [ 129.04596227522066, 35.126659926239491 ], [ 129.046018384180115, 35.126690911101072 ], [ 129.046121008032031, 35.126748441919318 ], [ 129.046356840829986, 35.126880647572065 ], [ 129.046401538908924, 35.126905706397082 ], [ 129.046427604972649, 35.12692032700879 ], [ 129.046492718724409, 35.126956825514597 ], [ 129.046503023091816, 35.126962601383603 ], [ 129.046545682544036, 35.126986515888021 ], [ 129.046580158423723, 35.127005843750219 ], [ 129.046833331718972, 35.127147772787332 ], [ 129.046890151372565, 35.127179626338915 ], [ 129.046976196200774, 35.127227864150832 ], [ 129.047177712631566, 35.127341269452813 ], [ 129.047237651153154, 35.127236317287725 ], [ 129.047286941445378, 35.127202557237212 ], [ 129.047161983498825, 35.127074484552139 ], [ 129.047080172981197, 35.126990642226311 ], [ 129.047074910736598, 35.126985245609688 ], [ 129.046962698178419, 35.126870240284958 ], [ 129.046914808397929, 35.126822365589966 ], [ 129.046910215531653, 35.126817774590904 ], [ 129.046898567773383, 35.126806132018089 ], [ 129.046511422436339, 35.126419097201293 ] ] ] } },
{ "type": "Feature", "properties": { "TOT_OA_CD": "21030530020003", "dong": "초량3동", "risk_norm": 0.18652272633273539, "high_risk": false, "aed_dist_night": 190.1485750039833, "covered_night": false, "gap": false, "elev": 26.0, "인구기준시점": "2026-06", "AED기준시점": "2026-07", "생성일": "2026-07-26" }, "geometry": { "type": "Polygon", "coordinates": [ [ [ 129.037744339578381, 35.123626327609976 ], [ 129.037744711148207, 35.123623325949268 ], [ 129.037767993183962, 35.123625302563312 ], [ 129.037851076540704, 35.123630207878982 ], [ 129.037870712882238, 35.12362400079877 ], [ 129.038043143956457, 35.123558780503288 ], [ 129.03805250014068, 35.123555504290387 ], [ 129.03815702361149, 35.123518940689827 ], [ 129.038198903191926, 35.123504291613045 ], [ 129.038328439303115, 35.123460029713357 ], [ 129.038425848504318, 35.123426751525017 ], [ 129.038637633958444, 35.123354396669725 ], [ 129.038638545412368, 35.12335408033271 ], [ 129.038643745640968, 35.12335225615827 ], [ 129.038733568673024, 35.123320745624689 ], [ 129.038882924615422, 35.123268347770107 ], [ 129.03892757868914, 35.123252678651276 ], [ 129.039017282097888, 35.123220188480893 ], [ 129.039129131162781, 35.123179676594859 ], [ 129.039243295209133, 35.123138330969567 ], [ 129.03925551572695, 35.123133902097202 ], [ 129.039384651312218, 35.123087135891019 ], [ 129.03946242447995, 35.123066469266128 ], [ 129.03949960909199, 35.123054741096979 ], [ 129.03956224262248, 35.123032727686962 ], [ 129.039526227565887, 35.122965317967683 ], [ 129.039426087096444, 35.122777775762003 ], [ 129.039366956653879, 35.122664330181976 ], [ 129.039365870438871, 35.122662239590561 ], [ 129.039363422555596, 35.122657535405217 ], [ 129.039362839655013, 35.122656417613968 ], [ 129.039289667015709, 35.122516008126631 ], [ 129.039288503469919, 35.122513774268739 ], [ 129.039286306485394, 35.12250957358529 ], [ 129.039211300240652, 35.122365597129459 ], [ 129.039210860701274, 35.122364749778427 ], [ 129.039210102735865, 35.122363306917748 ], [ 129.039198813740086, 35.122341651944282 ], [ 129.039105173779632, 35.122162002570064 ], [ 129.039103000247906, 35.122157821430221 ], [ 129.039035405373937, 35.122028145867624 ], [ 129.039025337262956, 35.122008851162327 ], [ 129.039015014061903, 35.121989062876011 ], [ 129.03909888560662, 35.12196613169602 ], [ 129.03918362070533, 35.121941038255734 ], [ 129.039124246044679, 35.121826866206675 ], [ 129.03909251347747, 35.12177156747363 ], [ 129.039184912197669, 35.121739933728939 ], [ 129.03918521959352, 35.121739825232773 ], [ 129.039202247791678, 35.121734015334717 ], [ 129.03936139837333, 35.121679487348437 ], [ 129.039366323758514, 35.12167775949888 ], [ 129.039397777267055, 35.121666727178663 ], [ 129.039613462253214, 35.121591076206208 ], [ 129.039642967753849, 35.12158097020793 ], [ 129.039674557368727, 35.121570236346003 ], [ 129.03973455601303, 35.121549735890667 ], [ 129.039426511471731, 35.120950843991771 ], [ 129.039425676393989, 35.120949095558849 ], [ 129.039425270902029, 35.120948248670068 ], [ 129.039378391617873, 35.120849789120925 ], [ 129.039375526327973, 35.120843777490037 ], [ 129.039375206694757, 35.120843119777426 ], [ 129.039373144151028, 35.12083918067141 ], [ 129.039123357926854, 35.12036127761246 ], [ 129.039101861536096, 35.120321353933093 ], [ 129.03907724484111, 35.12027562649282 ], [ 129.03901533106017, 35.120160683252614 ], [ 129.039005611855771, 35.120162955235692 ], [ 129.038989757711363, 35.120166645802939 ], [ 129.038949485288242, 35.12017603997591 ], [ 129.038725777767837, 35.120264139222115 ], [ 129.038389502194036, 35.120429922138989 ], [ 129.038356923213115, 35.120485719243206 ], [ 129.038354486427551, 35.12048988408236 ], [ 129.03832745867976, 35.120536157271417 ], [ 129.038312211440086, 35.120577028999726 ], [ 129.038290486186952, 35.120635274145108 ], [ 129.038208581347959, 35.120854840108819 ], [ 129.038185778358724, 35.120925282436872 ], [ 129.038017391363155, 35.121445439164646 ], [ 129.038013289555352, 35.121470542601593 ], [ 129.038008826574867, 35.12149785957012 ], [ 129.038001449119037, 35.121543041190286 ], [ 129.038001394921707, 35.121543369170432 ], [ 129.037974185407506, 35.121709989476827 ], [ 129.037961884675354, 35.121785324072007 ], [ 129.037934707320858, 35.121951912418105 ], [ 129.03791310996678, 35.122118264058273 ], [ 129.037903125380154, 35.12219516058682 ], [ 129.037902291541087, 35.122201588862787 ], [ 129.037874931265435, 35.122412394748096 ], [ 129.037862769474145, 35.122506102465977 ], [ 129.037847680609843, 35.122651802015312 ], [ 129.037826691214491, 35.12285448188581 ], [ 129.037826708050005, 35.122889117246686 ], [ 129.037826845460955, 35.123177375354096 ], [ 129.037826363723525, 35.123199088756571 ], [ 129.03782228505105, 35.123383271970923 ], [ 129.037821763023658, 35.123406812543294 ], [ 129.037809051879208, 35.123442121514053 ], [ 129.037737989930122, 35.123639512255622 ], [ 129.037742668274035, 35.123639928968814 ], [ 129.037743947291489, 35.12362950989511 ], [ 129.037744339578381, 35.123626327609976 ] ] ] } },
{ "type": "Feature", "properties": { "TOT_OA_CD": "21030530020006", "dong": "초량3동", "risk_norm": 0.46241342793847096, "high_risk": false, "aed_dist_night": 170.09026335031689, "covered_night": false, "gap": false, "elev": 18.0, "인구기준시점": "2026-06", "AED기준시점": "2026-07", "생성일": "2026-07-26" }, "geometry": { "type": "Polygon", "coordinates": [ [ [ 129.043210675388792, 35.12327083756886 ], [ 129.043967677784281, 35.122997227492597 ], [ 129.043474713700334, 35.122067060013919 ], [ 129.043472824546683, 35.122063481224394 ], [ 129.042732581643719, 35.122338732120873 ], [ 129.042700621070225, 35.122350563356406 ], [ 129.042706810514119, 35.122362099159872 ], [ 129.042880245411652, 35.122702045693551 ], [ 129.042935240276847, 35.122809090213039 ], [ 129.043022083319386, 35.122979309221776 ], [ 129.04308764392951, 35.123107400752076 ], [ 129.043139160843936, 35.123208056434393 ], [ 129.043151764614834, 35.123232680410787 ], [ 129.043177328731076, 35.123282795679287 ], [ 129.043210675388792, 35.12327083756886 ] ] ] } },
{ "type": "Feature", "properties": { "TOT_OA_CD": "21030530020007", "dong": "초량3동", "risk_norm": 0.1056156237907316, "high_risk": false, "aed_dist_night": 112.75805651298795, "covered_night": true, "gap": false, "elev": 18.0, "인구기준시점": "2026-06", "AED기준시점": "2026-07", "생성일": "2026-07-26" }, "geometry": { "type": "Polygon", "coordinates": [ [ [ 129.042074852693531, 35.119476943698643 ], [ 129.041969311598052, 35.119285124644954 ], [ 129.041969070833375, 35.11928469224744 ], [ 129.0419683457514, 35.11928336705941 ], [ 129.041813407152176, 35.118982274013845 ], [ 129.041804502088837, 35.118964790467956 ], [ 129.041645270294538, 35.118652017289527 ], [ 129.041584997804279, 35.118533625621907 ], [ 129.041578685154207, 35.118521233906989 ], [ 129.041386150819676, 35.118143068705706 ], [ 129.041359466293045, 35.118087733364405 ], [ 129.041329742935858, 35.11803021960079 ], [ 129.041325547443222, 35.118022098907964 ], [ 129.041306089563335, 35.117984455107681 ], [ 129.041267870191973, 35.117928070880048 ], [ 129.041183589511576, 35.118014664561834 ], [ 129.041158961922889, 35.118042769123718 ], [ 129.04114466954158, 35.118059088014654 ], [ 129.040649629292318, 35.118624257719027 ], [ 129.040560276018624, 35.118726268141685 ], [ 129.040557803175204, 35.118729091879864 ], [ 129.040560507052049, 35.118730494690851 ], [ 129.040561470879197, 35.118729348196553 ], [ 129.040616678846334, 35.118765800130554 ], [ 129.040753068410197, 35.118851510239736 ], [ 129.040757834132364, 35.118929533142413 ], [ 129.040748548901831, 35.119012641284677 ], [ 129.040844231430384, 35.119015323336129 ], [ 129.040846692506761, 35.119153221147371 ], [ 129.040848561288954, 35.119165749643514 ], [ 129.040852539841552, 35.119227490366008 ], [ 129.04085500874433, 35.119567393156466 ], [ 129.040855681612641, 35.119599391932837 ], [ 129.040873100797882, 35.119641461622848 ], [ 129.040876209067932, 35.119647671195722 ], [ 129.041075986987465, 35.119580057687557 ], [ 129.041095731598205, 35.119573371745169 ], [ 129.041242674731137, 35.119523639891206 ], [ 129.041341281276374, 35.119491789452056 ], [ 129.041362756868352, 35.119484725336278 ], [ 129.041378369008953, 35.119533204088732 ], [ 129.041375257414359, 35.119743834782341 ], [ 129.041479556862555, 35.119977307621262 ], [ 129.041507644970324, 35.119987123290471 ], [ 129.041696280362459, 35.120010910155955 ], [ 129.041687446184881, 35.120049077000239 ], [ 129.04168725332147, 35.120058874590704 ], [ 129.041685829263969, 35.120130280786455 ], [ 129.041685797446121, 35.120131677789203 ], [ 129.041685520246489, 35.1201457942948 ], [ 129.041686843821793, 35.120162107499681 ], [ 129.041718942243136, 35.120292254811453 ], [ 129.041726749796879, 35.120331731868099 ], [ 129.041754640599493, 35.120385803011303 ], [ 129.041817150108898, 35.120518112246103 ], [ 129.041828219360013, 35.120541534211952 ], [ 129.041886973204242, 35.120666173339181 ], [ 129.041951113919879, 35.120792197306891 ], [ 129.041951667569208, 35.120793276730389 ], [ 129.042051417059383, 35.120991635786112 ], [ 129.042113362399277, 35.121114803320602 ], [ 129.042114174128386, 35.121116415900353 ], [ 129.042208704570442, 35.121303964193281 ], [ 129.042290664703586, 35.121466573181046 ], [ 129.042342355829078, 35.121569128554157 ], [ 129.042342695786459, 35.121569814856301 ], [ 129.04254651201262, 35.121973294351363 ], [ 129.042547971339729, 35.121976196089847 ], [ 129.042548599260243, 35.121977430540994 ], [ 129.042727948270567, 35.122329639718295 ], [ 129.042730781365321, 35.122335208991018 ], [ 129.042732581664296, 35.122338732113697 ], [ 129.043472824549724, 35.12206348121677 ], [ 129.043472164791581, 35.122062246316297 ], [ 129.042976017056844, 35.121126039270429 ], [ 129.042972514193622, 35.121119343429044 ], [ 129.042970350866256, 35.121115188369586 ], [ 129.042741022491839, 35.120675799343772 ], [ 129.042513341901326, 35.120258718246774 ], [ 129.042328025359723, 35.119919228739207 ], [ 129.042327388772378, 35.119918057509338 ], [ 129.042322667696936, 35.119909424231885 ], [ 129.042257115241796, 35.119791277788799 ], [ 129.042123273117767, 35.119560457252568 ], [ 129.042074852693531, 35.119476943698643 ] ] ] } },
{ "type": "Feature", "properties": { "TOT_OA_CD": "21030530020101", "dong": "초량3동", "risk_norm": 0.049892967119775207, "high_risk": false, "aed_dist_night": 33.385866574150867, "covered_night": true, "gap": false, "elev": 24.0, "인구기준시점": "2026-06", "AED기준시점": "2026-07", "생성일": "2026-07-26" }, "geometry": { "type": "Polygon", "coordinates": [ [ [ 129.042342355829078, 35.121569128554157 ], [ 129.042290664703586, 35.121466573181046 ], [ 129.042208704570442, 35.121303964193281 ], [ 129.042114174128386, 35.121116415900353 ], [ 129.042113362399277, 35.121114803320602 ], [ 129.042051417059383, 35.120991635786112 ], [ 129.041951667569208, 35.120793276730389 ], [ 129.041874071373485, 35.120819166621487 ], [ 129.041770780894495, 35.120855317381576 ], [ 129.041596699623113, 35.120915197517498 ], [ 129.041582451758757, 35.120920097812338 ], [ 129.041540068167109, 35.12093468593865 ], [ 129.041265163264598, 35.121029303411213 ], [ 129.041285557643192, 35.121070543542167 ], [ 129.041323903536778, 35.121148119444427 ], [ 129.041394987649028, 35.121291953379995 ], [ 129.041412280534018, 35.121326937858854 ], [ 129.041436768714902, 35.121373620344727 ], [ 129.041444167717259, 35.121383086936575 ], [ 129.041444957118131, 35.12138409935659 ], [ 129.041451808121565, 35.121392903923166 ], [ 129.041476296351448, 35.121442381417737 ], [ 129.041512424740375, 35.121515470161675 ], [ 129.041527352849386, 35.121545266188946 ], [ 129.041541635668779, 35.121573777488187 ], [ 129.04156914017824, 35.121628530686017 ], [ 129.041863893958549, 35.121533409303147 ], [ 129.041899726187665, 35.121596585768074 ], [ 129.042143708645852, 35.122026744862893 ], [ 129.042185515204523, 35.122104986898599 ], [ 129.042185777988919, 35.122104896984993 ], [ 129.042438694215832, 35.122016046339489 ], [ 129.042470292558107, 35.122003515592709 ], [ 129.042547971339729, 35.121976196089847 ], [ 129.04254651201262, 35.121973294351363 ], [ 129.042342695786459, 35.121569814856301 ], [ 129.042342355829078, 35.121569128554157 ] ] ] } },
{ "type": "Feature", "properties": { "TOT_OA_CD": "21030530020102", "dong": "초량3동", "risk_norm": 0.038898727175583798, "high_risk": false, "aed_dist_night": 70.740564611220307, "covered_night": true, "gap": false, "elev": 18.0, "인구기준시점": "2026-06", "AED기준시점": "2026-07", "생성일": "2026-07-26" }, "geometry": { "type": "Polygon", "coordinates": [ [ [ 129.041527429577798, 35.121641989523553 ], [ 129.041569140166786, 35.121628530674421 ], [ 129.041541635649395, 35.121573777467368 ], [ 129.041527352847794, 35.121545266165676 ], [ 129.041512424742223, 35.121515470155025 ], [ 129.04147629632709, 35.121442381395411 ], [ 129.04145180812634, 35.121392903914327 ], [ 129.041444957117392, 35.121384099333632 ], [ 129.041444167695801, 35.121383086943808 ], [ 129.041436768703505, 35.121373620334722 ], [ 129.041412280539333, 35.121326937850121 ], [ 129.041394987617394, 35.121291953355815 ], [ 129.041323903512676, 35.121148119452478 ], [ 129.041285557643533, 35.121070543543674 ], [ 129.041265163271845, 35.121029303398785 ], [ 129.041069977095219, 35.121096474771612 ], [ 129.041065500420217, 35.121098017562048 ], [ 129.041062277521718, 35.121099126059022 ], [ 129.040938594760718, 35.12114177461433 ], [ 129.040864334824278, 35.121167307705456 ], [ 129.040734312607668, 35.121210956308573 ], [ 129.040728302064394, 35.121212978412018 ], [ 129.040626753766048, 35.121247062997142 ], [ 129.040585511715648, 35.12126086809694 ], [ 129.040527432768073, 35.121280318549658 ], [ 129.04052817070874, 35.121281744539736 ], [ 129.040633009206658, 35.121498461914356 ], [ 129.040723078959928, 35.121667581365664 ], [ 129.040726441724757, 35.121673897701143 ], [ 129.040799329926955, 35.121810771086366 ], [ 129.040812735388073, 35.121835943229875 ], [ 129.040813506727488, 35.121837394038508 ], [ 129.040837025341517, 35.121881550023446 ], [ 129.041527429577798, 35.121641989523553 ] ] ] } },
{ "type": "Feature", "properties": { "TOT_OA_CD": "21030530020103", "dong": "초량3동", "risk_norm": 0.034061466077733027, "high_risk": false, "aed_dist_night": 106.19004641769723, "covered_night": true, "gap": false, "elev": 23.0, "인구기준시점": "2026-06", "AED기준시점": "2026-07", "생성일": "2026-07-26" }, "geometry": { "type": "Polygon", "coordinates": [ [ [ 129.04121359941729, 35.122447936044601 ], [ 129.041342154590922, 35.122402284152308 ], [ 129.041461033129849, 35.122360249873303 ], [ 129.041467318767502, 35.122358031288158 ], [ 129.041585418595275, 35.122316259246006 ], [ 129.041784301814005, 35.122245931217897 ], [ 129.041861601180585, 35.122218775650154 ], [ 129.041837583967975, 35.122169568160523 ], [ 129.041825395783007, 35.122144606052608 ], [ 129.041683347337823, 35.121855757944175 ], [ 129.041671653324869, 35.121831974253254 ], [ 129.041639807726114, 35.121769430447131 ], [ 129.041590392253283, 35.121670838180485 ], [ 129.041569140166786, 35.121628530674421 ], [ 129.041527429577798, 35.121641989523553 ], [ 129.040837025341517, 35.121881550023446 ], [ 129.040851944926033, 35.121909562832208 ], [ 129.040852066798351, 35.121909799308909 ], [ 129.040852956278741, 35.12191146319941 ], [ 129.04093652180029, 35.122073942731639 ], [ 129.040967493639812, 35.122134164457009 ], [ 129.040979217142706, 35.122156958770518 ], [ 129.041001070581615, 35.122199448972545 ], [ 129.041011931721641, 35.122220561917644 ], [ 129.041078167744502, 35.122349348368935 ], [ 129.041141963933484, 35.122473385446405 ], [ 129.04121359941729, 35.122447936044601 ] ] ] } },
{ "type": "Feature", "properties": { "TOT_OA_CD": "21030530020401", "dong": "초량3동", "risk_norm": 0.11787028680574128, "high_risk": false, "aed_dist_night": 111.35707891078894, "covered_night": true, "gap": false, "elev": 30.0, "인구기준시점": "2026-06", "AED기준시점": "2026-07", "생성일": "2026-07-26" }, "geometry": { "type": "Polygon", "coordinates": [ [ [ 129.039994189082989, 35.124003072156015 ], [ 129.039976706172467, 35.12396866328357 ], [ 129.03996804361276, 35.123970368350655 ], [ 129.039937660805094, 35.123894978223518 ], [ 129.039906161815054, 35.123835548267778 ], [ 129.039888222748601, 35.123802494930537 ], [ 129.039849080958419, 35.123730964119694 ], [ 129.039845915554906, 35.123713623020876 ], [ 129.039918252826823, 35.123723681842407 ], [ 129.039897410930394, 35.123683854616132 ], [ 129.039896675396051, 35.12368243940314 ], [ 129.039886726062093, 35.123663414637967 ], [ 129.039886133865281, 35.123662270793986 ], [ 129.039877843348592, 35.123646427465324 ], [ 129.03987563627237, 35.123642218839763 ], [ 129.039837674990537, 35.123568336920499 ], [ 129.039801578358606, 35.123498075668948 ], [ 129.039721652934759, 35.123342501456776 ], [ 129.039721047994192, 35.123341320834776 ], [ 129.039688304032808, 35.123277586966623 ], [ 129.03956224262248, 35.123032727686962 ], [ 129.03949960909199, 35.123054741096979 ], [ 129.03946242447995, 35.123066469266128 ], [ 129.039384651312218, 35.123087135891019 ], [ 129.03925551572695, 35.123133902097202 ], [ 129.039243295209133, 35.123138330969567 ], [ 129.039129131162781, 35.123179676594859 ], [ 129.039017282097888, 35.123220188480893 ], [ 129.03892757868914, 35.123252678651276 ], [ 129.038882924615422, 35.123268347770107 ], [ 129.038733568673024, 35.123320745624689 ], [ 129.038643745640968, 35.12335225615827 ], [ 129.038638545412368, 35.12335408033271 ], [ 129.038637633958444, 35.123354396669725 ], [ 129.038425848504318, 35.123426751525017 ], [ 129.038602979121407, 35.12374386548835 ], [ 129.038962789937415, 35.124388018259637 ], [ 129.039000033485792, 35.124367721459002 ], [ 129.039032809960048, 35.12434336642945 ], [ 129.039087840999969, 35.124302470788699 ], [ 129.03916121042073, 35.124247685457433 ], [ 129.039203417693244, 35.12421620772836 ], [ 129.039228240305022, 35.124197402112642 ], [ 129.039234917155198, 35.124192344016961 ], [ 129.039259447616928, 35.124173586267645 ], [ 129.03936477420217, 35.124095250416346 ], [ 129.039380847149431, 35.124091895998973 ], [ 129.039450913325282, 35.124074619079799 ], [ 129.03945954446479, 35.124072526760862 ], [ 129.039468100215998, 35.12407045256159 ], [ 129.039492783849482, 35.124062809745183 ], [ 129.039559498247996, 35.124054090167917 ], [ 129.039617413850635, 35.12404677617441 ], [ 129.039673231831244, 35.124039087566331 ], [ 129.039787739042794, 35.124026240707096 ], [ 129.039981786303485, 35.124004468573368 ], [ 129.039994189082989, 35.124003072156015 ] ] ] } },
{ "type": "Feature", "properties": { "TOT_OA_CD": "21030530020402", "dong": "초량3동", "risk_norm": 0.045048743045111091, "high_risk": false, "aed_dist_night": 202.9881135893622, "covered_night": false, "gap": false, "elev": 39.0, "인구기준시점": "2026-06", "AED기준시점": "2026-07", "생성일": "2026-07-26" }, "geometry": { "type": "Polygon", "coordinates": [ [ [ 129.038962789937415, 35.124388018259637 ], [ 129.038602979121407, 35.12374386548835 ], [ 129.038425848504318, 35.123426751525017 ], [ 129.038328439303115, 35.123460029713357 ], [ 129.038198903191926, 35.123504291613045 ], [ 129.03815702361149, 35.123518940689827 ], [ 129.03805250014068, 35.123555504290387 ], [ 129.038043143956457, 35.123558780503288 ], [ 129.037870712882238, 35.12362400079877 ], [ 129.037851076540704, 35.123630207878982 ], [ 129.037767993183962, 35.123625302563312 ], [ 129.037744711148207, 35.123623325949268 ], [ 129.037744339578381, 35.123626327609976 ], [ 129.037743947291489, 35.12362950989511 ], [ 129.037742668274035, 35.123639928968814 ], [ 129.037737989930122, 35.123639512255622 ], [ 129.037734137366044, 35.123650214649423 ], [ 129.037731636327408, 35.123657156359073 ], [ 129.037727601968982, 35.123762681182086 ], [ 129.037720379423064, 35.123951492591097 ], [ 129.037679293026912, 35.124078288724874 ], [ 129.037663456614098, 35.124127157055838 ], [ 129.037573170850095, 35.124293146743241 ], [ 129.03757291839139, 35.124293610686998 ], [ 129.037847152000069, 35.124285695717667 ], [ 129.037927593624829, 35.124363158602641 ], [ 129.037955392560349, 35.12438992818673 ], [ 129.038286619037819, 35.124685929201895 ], [ 129.038456474712717, 35.124633106626881 ], [ 129.03845877785767, 35.124632389474669 ], [ 129.038671139545272, 35.124532399030805 ], [ 129.038726100049672, 35.124506521741765 ], [ 129.038777587234222, 35.124482278081246 ], [ 129.038781407555774, 35.124480484045499 ], [ 129.038878362448031, 35.124434029629505 ], [ 129.038962789937415, 35.124388018259637 ] ] ] } },
{ "type": "Feature", "properties": { "TOT_OA_CD": "21030530020501", "dong": "초량3동", "risk_norm": 0.039483193559339665, "high_risk": false, "aed_dist_night": 12.168224237202102, "covered_night": true, "gap": false, "elev": 27.0, "인구기준시점": "2026-06", "AED기준시점": "2026-07", "생성일": "2026-07-26" }, "geometry": { "type": "Polygon", "coordinates": [ [ [ 129.039873169053493, 35.123475539807274 ], [ 129.040554917014191, 35.123269257887415 ], [ 129.040620291939888, 35.123248657058127 ], [ 129.04057912413387, 35.123169906864305 ], [ 129.040577685274314, 35.123167158101104 ], [ 129.040428655044423, 35.122882069568284 ], [ 129.040427314733734, 35.122879483644184 ], [ 129.040426096414592, 35.122877140506951 ], [ 129.040382604449746, 35.122793362623732 ], [ 129.040383131199064, 35.122793188227632 ], [ 129.04036113875506, 35.122750825908838 ], [ 129.039624857441169, 35.123010714448675 ], [ 129.039622022917598, 35.123011706173592 ], [ 129.039562242599914, 35.123032727669624 ], [ 129.039688304040624, 35.123277586959624 ], [ 129.039721047998711, 35.123341320812685 ], [ 129.039721652933196, 35.123342501454687 ], [ 129.039801578363438, 35.123498075644378 ], [ 129.039873169053493, 35.123475539807274 ] ] ] } },
{ "type": "Feature", "properties": { "TOT_OA_CD": "21030530020504", "dong": "초량3동", "risk_norm": 0.10523036215998526, "high_risk": false, "aed_dist_night": 58.552817083062664, "covered_night": true, "gap": false, "elev": 32.0, "인구기준시점": "2026-06", "AED기준시점": "2026-07", "생성일": "2026-07-26" }, "geometry": { "type": "Polygon", "coordinates": [ [ [ 129.04155135138555, 35.123995517898955 ], [ 129.041507908167063, 35.123972595207704 ], [ 129.041503056756625, 35.123970099943264 ], [ 129.041451634675411, 35.12394270664204 ], [ 129.041402959267174, 35.123916995054692 ], [ 129.041396568095848, 35.123913619560369 ], [ 129.041341283159824, 35.123883541651246 ], [ 129.041296191204282, 35.123859307266962 ], [ 129.041288972999752, 35.12385542836568 ], [ 129.041278493520025, 35.123849986070297 ], [ 129.041195401930963, 35.123805641180851 ], [ 129.041169688834486, 35.123791713678827 ], [ 129.041128088651817, 35.123769680743443 ], [ 129.041079541942025, 35.12374379968567 ], [ 129.041028238758116, 35.123717226960402 ], [ 129.040953469835102, 35.123678638359863 ], [ 129.040120515369438, 35.123960631628677 ], [ 129.040131767908576, 35.123993205506203 ], [ 129.040159517096896, 35.124044520753301 ], [ 129.040171803557627, 35.124068185253641 ], [ 129.04021736471276, 35.124110355324774 ], [ 129.040236842240603, 35.124121246305876 ], [ 129.04026300387514, 35.124135568621689 ], [ 129.040280208930398, 35.124145189253518 ], [ 129.040291569159479, 35.124151540988869 ], [ 129.040304584740454, 35.124158792230496 ], [ 129.040373761405277, 35.124196619221713 ], [ 129.040388093419608, 35.124204428950314 ], [ 129.040456393236894, 35.124240443974607 ], [ 129.040517362830741, 35.124272747333542 ], [ 129.040567271480086, 35.124299148660519 ], [ 129.040632289230217, 35.124333362408365 ], [ 129.040633691554376, 35.124334111853564 ], [ 129.04155135138555, 35.123995517898955 ] ] ] } },
{ "type": "Feature", "properties": { "TOT_OA_CD": "21030530020502", "dong": "초량3동", "risk_norm": 0.048706542766797263, "high_risk": false, "aed_dist_night": 58.403811410865856, "covered_night": true, "gap": false, "elev": 32.0, "인구기준시점": "2026-06", "AED기준시점": "2026-07", "생성일": "2026-07-26" }, "geometry": { "type": "Polygon", "coordinates": [ [ [ 129.040953469835102, 35.123678638359863 ], [ 129.040942854739967, 35.123673159891389 ], [ 129.040853469530077, 35.123622673651177 ], [ 129.040847382318049, 35.123619236558838 ], [ 129.040781883271933, 35.12358076800534 ], [ 129.040763584912611, 35.123570020801687 ], [ 129.040745183088717, 35.123559256878409 ], [ 129.040708940487605, 35.123538151058504 ], [ 129.040689754036123, 35.123526978753311 ], [ 129.040676357699709, 35.123502421391031 ], [ 129.040659828344019, 35.123474077407138 ], [ 129.040685316837454, 35.123376050776677 ], [ 129.040682135783527, 35.123369714100001 ], [ 129.040680873613098, 35.123367199314828 ], [ 129.040647578185713, 35.123300852650416 ], [ 129.040644701384565, 35.123295346098011 ], [ 129.040644361036868, 35.123294696754421 ], [ 129.040620291939888, 35.123248657058127 ], [ 129.040554917014191, 35.123269257887415 ], [ 129.039873169053493, 35.123475539807274 ], [ 129.039801578363438, 35.123498075644378 ], [ 129.039837674992015, 35.123568336926688 ], [ 129.039875636268505, 35.123642218828742 ], [ 129.039877843333386, 35.123646427470455 ], [ 129.039886133869658, 35.123662270782404 ], [ 129.039886726044898, 35.123663414619394 ], [ 129.039896675372887, 35.123682439387075 ], [ 129.03989741092812, 35.123683854591249 ], [ 129.039918252801925, 35.123723681842755 ], [ 129.039962132683968, 35.123729783547304 ], [ 129.040001175818929, 35.123735214592223 ], [ 129.040002717806885, 35.123738195569778 ], [ 129.040046203454153, 35.123822387497256 ], [ 129.040089390088525, 35.123903515913902 ], [ 129.040101138484715, 35.123925649106155 ], [ 129.040120289022639, 35.123959975425102 ], [ 129.040120515369438, 35.123960631628677 ], [ 129.040953469835102, 35.123678638359863 ] ] ] } },
{ "type": "Feature", "properties": { "TOT_OA_CD": "21030530020503", "dong": "초량3동", "risk_norm": 0.051422431744819939, "high_risk": false, "aed_dist_night": 80.312006798673821, "covered_night": true, "gap": false, "elev": 33.0, "인구기준시점": "2026-06", "AED기준시점": "2026-07", "생성일": "2026-07-26" }, "geometry": { "type": "Polygon", "coordinates": [ [ [ 129.041069150019041, 35.124538035135437 ], [ 129.041175969233905, 35.124501946440979 ], [ 129.041292000863081, 35.124465790969602 ], [ 129.041366084697671, 35.124439149042708 ], [ 129.041402030599045, 35.124426193633511 ], [ 129.041411913347417, 35.12442279326001 ], [ 129.041461044143375, 35.124405452366325 ], [ 129.041600524946318, 35.124355218038446 ], [ 129.041655590445913, 35.124335551137349 ], [ 129.041678229712687, 35.124327862663542 ], [ 129.041698347641955, 35.124320898703218 ], [ 129.041777817392529, 35.124293100657759 ], [ 129.041817141163961, 35.12427910857042 ], [ 129.041835974941336, 35.124272368297689 ], [ 129.04188268092534, 35.124255642333431 ], [ 129.041929375884337, 35.124238914688434 ], [ 129.041931012014857, 35.124201011639961 ], [ 129.041822382378882, 35.12414182879558 ], [ 129.041775545852119, 35.124116227403753 ], [ 129.041707541941946, 35.124079051691446 ], [ 129.041617490582951, 35.124030417405372 ], [ 129.04155135138555, 35.123995517898955 ], [ 129.040633691554376, 35.124334111853564 ], [ 129.040671807315647, 35.124354495122347 ], [ 129.040728386419261, 35.124384528027647 ], [ 129.040789685355293, 35.124417642118026 ], [ 129.040803687363024, 35.124425172885189 ], [ 129.040826897404713, 35.124437875438403 ], [ 129.040907346594054, 35.124480339142309 ], [ 129.040939203381242, 35.124497309960887 ], [ 129.041019870196919, 35.124540135072948 ], [ 129.041069150019041, 35.124538035135437 ] ] ] } },
{ "type": "Feature", "properties": { "TOT_OA_CD": "21030550010007", "dong": "초량6동", "risk_norm": 0.9116610714174318, "high_risk": true, "aed_dist_night": 525.05142164948563, "covered_night": false, "gap": true, "elev": 90.0, "인구기준시점": "2026-06", "AED기준시점": "2026-07", "생성일": "2026-07-26" }, "geometry": { "type": "Polygon", "coordinates": [ [ [ 129.035106049836401, 35.125171623895383 ], [ 129.035112509270334, 35.125138180506781 ], [ 129.035121057491153, 35.125114293000827 ], [ 129.035140794297888, 35.125089318883141 ], [ 129.035162066007501, 35.125059297893173 ], [ 129.035174787009765, 35.1250471272471 ], [ 129.035198142450128, 35.125016744443336 ], [ 129.035215471672331, 35.125005112248807 ], [ 129.035232139402552, 35.124984196406707 ], [ 129.03523827507982, 35.124964904352574 ], [ 129.035240571044227, 35.12494579435856 ], [ 129.035237161442012, 35.124924163625685 ], [ 129.035224209574949, 35.124909474507099 ], [ 129.035215758597786, 35.12490100452797 ], [ 129.035208405649939, 35.124898122336099 ], [ 129.035209696596809, 35.124890424208374 ], [ 129.035213888705499, 35.124865401785911 ], [ 129.035215094467645, 35.124833050988741 ], [ 129.035216157406865, 35.124804260668171 ], [ 129.035196157695054, 35.124779496924234 ], [ 129.035187040109321, 35.124750827462357 ], [ 129.035202862458192, 35.124702762061183 ], [ 129.03521848609131, 35.124654111314932 ], [ 129.035229520236413, 35.1246197759436 ], [ 129.03538429886089, 35.124675482240114 ], [ 129.035485338346774, 35.124717303719521 ], [ 129.035574414079406, 35.124751413690511 ], [ 129.035628210675412, 35.12476518847528 ], [ 129.035685977739803, 35.124777096164323 ], [ 129.035735207117398, 35.124784331654702 ], [ 129.035812896380634, 35.124792492105463 ], [ 129.035862124608173, 35.124800193698924 ], [ 129.035895998058407, 35.124811406011546 ], [ 129.035918197445056, 35.124828002889657 ], [ 129.035981927047004, 35.124903213889596 ], [ 129.03600873277432, 35.124936141016057 ], [ 129.036009920945787, 35.124935538094881 ], [ 129.036020183568979, 35.124946040741733 ], [ 129.036027273469699, 35.124941224601308 ], [ 129.036419468386129, 35.124674887903154 ], [ 129.036415159401031, 35.124669889868336 ], [ 129.036400471364971, 35.124649829447002 ], [ 129.036277213553262, 35.124520600241688 ], [ 129.036267924962175, 35.124505280544113 ], [ 129.03625670893129, 35.124494674578273 ], [ 129.036252010953262, 35.124490232390094 ], [ 129.036212172974189, 35.124456803355791 ], [ 129.036177601262409, 35.124428330431265 ], [ 129.036150603940484, 35.124406523592022 ], [ 129.036137884073156, 35.124394667199901 ], [ 129.036136656371639, 35.124393512476509 ], [ 129.036122178738793, 35.1243800329271 ], [ 129.036108580940862, 35.124367182361794 ], [ 129.036067433937973, 35.124328319574715 ], [ 129.036066095371979, 35.124327048147279 ], [ 129.036050016454908, 35.12431116174421 ], [ 129.036046087277697, 35.124307277783089 ], [ 129.036004951020942, 35.124266647713675 ], [ 129.036002509710414, 35.124255624840174 ], [ 129.035981340369176, 35.124239407146064 ], [ 129.035962212897374, 35.12422474678673 ], [ 129.035929980284664, 35.124224755919421 ], [ 129.035845611287101, 35.124185888204472 ], [ 129.035826207183959, 35.124176951205477 ], [ 129.035804220251947, 35.124172477421368 ], [ 129.035675046556349, 35.124087064428124 ], [ 129.035630273865962, 35.124063154779357 ], [ 129.035526137406038, 35.124032510322408 ], [ 129.035525544899912, 35.124032339291645 ], [ 129.035466536353141, 35.124016293532051 ], [ 129.035379007408693, 35.12397912812574 ], [ 129.035377876922098, 35.123978651063744 ], [ 129.035331716120368, 35.123938075373793 ], [ 129.035266380378829, 35.123873105977218 ], [ 129.035247355267956, 35.123869207671575 ], [ 129.035233892193162, 35.123866445297494 ], [ 129.035202514341137, 35.123860008582561 ], [ 129.03511832793501, 35.12384095012537 ], [ 129.035039951049384, 35.123812353779314 ], [ 129.034922819639235, 35.123794097515592 ], [ 129.034858846778462, 35.123789338544412 ], [ 129.034859382452311, 35.123784435065645 ], [ 129.034867819772046, 35.123706798293902 ], [ 129.034872243275316, 35.123631406863034 ], [ 129.034872559671612, 35.123626043666697 ], [ 129.034876536498956, 35.123558431636404 ], [ 129.034871772405637, 35.123448287520951 ], [ 129.03486754933607, 35.123422185135865 ], [ 129.034867089526728, 35.1234193184155 ], [ 129.034862225585385, 35.123389358031986 ], [ 129.034860949306534, 35.123374676066327 ], [ 129.034726596968994, 35.123367925937153 ], [ 129.034696103042478, 35.123376946929007 ], [ 129.034643443088839, 35.123375970182714 ], [ 129.034511346593519, 35.123370954793657 ], [ 129.034425735338971, 35.123366871728145 ], [ 129.034183384260103, 35.123350785389199 ], [ 129.034174299569202, 35.123348300121549 ], [ 129.034093778744761, 35.123299901070958 ], [ 129.034089424536916, 35.123297279281161 ], [ 129.034076061254154, 35.123294038538369 ], [ 129.034062949339244, 35.123290859547616 ], [ 129.033978799674429, 35.123281146880622 ], [ 129.033944462004513, 35.123280887302506 ], [ 129.033919997706505, 35.12328256922568 ], [ 129.033904573154899, 35.123283637250687 ], [ 129.033889589793205, 35.123288219561736 ], [ 129.03387730356377, 35.123289864575845 ], [ 129.033859113392111, 35.123289869404211 ], [ 129.033848515702687, 35.123288627685973 ], [ 129.033834876373277, 35.123283655684951 ], [ 129.033833988140771, 35.12328334056388 ], [ 129.033824264796351, 35.123279918483952 ], [ 129.03381516998266, 35.123276189117568 ], [ 129.033715142190516, 35.123200275051289 ], [ 129.033703016589527, 35.123192808031021 ], [ 129.033689167529673, 35.123186599867751 ], [ 129.033675737205897, 35.123180366592415 ], [ 129.033552018263606, 35.123146597986505 ], [ 129.033544944455628, 35.123164095914987 ], [ 129.033509856154751, 35.123346819595298 ], [ 129.033545011612716, 35.123333569062467 ], [ 129.033809141592997, 35.123357105172104 ], [ 129.033828836442495, 35.123362084346788 ], [ 129.033850057573659, 35.123370795852303 ], [ 129.033871268777858, 35.123384480769928 ], [ 129.033883395850808, 35.123393193742004 ], [ 129.033884910145787, 35.123395996628773 ], [ 129.033888993914019, 35.12340356721149 ], [ 129.03380908957709, 35.123447971542809 ], [ 129.033742260165809, 35.123514186359166 ], [ 129.033699358784645, 35.123581726576148 ], [ 129.033693952592643, 35.123590246751263 ], [ 129.033655745143477, 35.123627022143374 ], [ 129.033615481825223, 35.123680691862063 ], [ 129.033597844614235, 35.123745197594332 ], [ 129.033590495102146, 35.123780127231797 ], [ 129.033611089978024, 35.123839836632989 ], [ 129.03361556446572, 35.123894060881156 ], [ 129.033616958143455, 35.123948845255093 ], [ 129.033648502893101, 35.123960383396735 ], [ 129.033662556362486, 35.123959109160566 ], [ 129.033665945573631, 35.12395854874115 ], [ 129.033673198298573, 35.123988400524333 ], [ 129.033672524703888, 35.124031783066037 ], [ 129.033661578817004, 35.124095439506505 ], [ 129.03364617369752, 35.124145721940309 ], [ 129.033582592671905, 35.124188976458086 ], [ 129.033516099983899, 35.124222092181242 ], [ 129.033457986197988, 35.124219574550317 ], [ 129.033425410144446, 35.124211272670067 ], [ 129.03339579644171, 35.12420323173145 ], [ 129.033317027637253, 35.12440363426596 ], [ 129.033304619326003, 35.124432435582442 ], [ 129.033446221099751, 35.124405321025165 ], [ 129.033491256663666, 35.124404642915202 ], [ 129.033501767424895, 35.12440574870304 ], [ 129.033524609824212, 35.124408149167898 ], [ 129.033587145824526, 35.124414622057266 ], [ 129.033628979885691, 35.124419892735141 ], [ 129.033707174211798, 35.12442973328185 ], [ 129.033752508990688, 35.124439627240655 ], [ 129.033755011485226, 35.124440176204587 ], [ 129.0337779433371, 35.124449453891394 ], [ 129.033850914336057, 35.124483595913659 ], [ 129.033941988927182, 35.124526206601359 ], [ 129.033942933448031, 35.124526656245664 ], [ 129.034021511020455, 35.124564005446437 ], [ 129.034110095137663, 35.124606111984804 ], [ 129.034131486972342, 35.124601148253937 ], [ 129.034190180386986, 35.124599329540672 ], [ 129.034220899394342, 35.124598420374191 ], [ 129.034314370059207, 35.124597043077593 ], [ 129.034342565635455, 35.124596223543911 ], [ 129.034341366469647, 35.124616774842885 ], [ 129.034339297459184, 35.124653551780682 ], [ 129.034334700012124, 35.124680323045602 ], [ 129.034323197646643, 35.124695685268421 ], [ 129.03430248282595, 35.124718080403241 ], [ 129.034287248009292, 35.124782577402854 ], [ 129.034281179251565, 35.124805680578071 ], [ 129.03427579171651, 35.124803320754275 ], [ 129.03424856325077, 35.124779234413062 ], [ 129.034128741217728, 35.12508924457638 ], [ 129.034125823539398, 35.125088442991363 ], [ 129.034044452899167, 35.125066093358669 ], [ 129.033990426263557, 35.125051226230667 ], [ 129.033971817973423, 35.125046102568774 ], [ 129.0338048221939, 35.125003333111437 ], [ 129.033790251483055, 35.12499962346147 ], [ 129.033788316949938, 35.125016839944543 ], [ 129.033781024664165, 35.125027315247515 ], [ 129.033762051823345, 35.125045529126368 ], [ 129.033749441523099, 35.12505905155674 ], [ 129.033749009823396, 35.125077170464721 ], [ 129.033749021408653, 35.125104768773951 ], [ 129.033751565588148, 35.125133819090252 ], [ 129.033748125697286, 35.125143619008831 ], [ 129.033745823656261, 35.125150189349462 ], [ 129.033756530592825, 35.125228234705709 ], [ 129.033800873228358, 35.125280412570397 ], [ 129.033806476709259, 35.125299790361815 ], [ 129.033839908547549, 35.12541819291495 ], [ 129.033873884868655, 35.125419383037439 ], [ 129.033893854408973, 35.125423883564721 ], [ 129.033913718329444, 35.125439020912722 ], [ 129.033921182222059, 35.125446591042369 ], [ 129.033943235676475, 35.125450911028693 ], [ 129.033961886940688, 35.125452528654783 ], [ 129.033999628589157, 35.125454952284095 ], [ 129.034016305419613, 35.125459544964045 ], [ 129.034037043634726, 35.125469454460443 ], [ 129.034067548925293, 35.125482877425384 ], [ 129.034104419554467, 35.125499360991824 ], [ 129.034115724354876, 35.125511256251563 ], [ 129.03411375481727, 35.125525317541026 ], [ 129.034110801927369, 35.12554686115223 ], [ 129.034114426317217, 35.125557316376714 ], [ 129.034124521500729, 35.125562000482454 ], [ 129.034151731773932, 35.125567492154595 ], [ 129.034183330667332, 35.125576495936386 ], [ 129.034193976786923, 35.125582352393245 ], [ 129.034216358494831, 35.125586852971537 ], [ 129.034233694387581, 35.125589192283933 ], [ 129.034235416484734, 35.125589614986957 ], [ 129.034237917982949, 35.1255902270657 ], [ 129.034265951198222, 35.125597114796427 ], [ 129.034293820169921, 35.125601975085303 ], [ 129.034326845625202, 35.125607464283483 ], [ 129.034339211370309, 35.125609515762996 ], [ 129.034343508929624, 35.125579157163045 ], [ 129.034355007076329, 35.125525072455169 ], [ 129.034367708599575, 35.125462243957394 ], [ 129.034374935119985, 35.125425917420124 ], [ 129.034380507927636, 35.125372104263676 ], [ 129.03438926730135, 35.12532874650131 ], [ 129.034395173517368, 35.12531136790556 ], [ 129.034397268373368, 35.125305219404005 ], [ 129.034398176972559, 35.125303345160027 ], [ 129.034403953539794, 35.125291516766168 ], [ 129.034410313474211, 35.125280248965893 ], [ 129.034430489814923, 35.125255996104251 ], [ 129.034439920497505, 35.125246258261676 ], [ 129.034457799878282, 35.125239493338206 ], [ 129.034473922365493, 35.12522389681142 ], [ 129.034479074705843, 35.125216232752017 ], [ 129.034487843426064, 35.125196131087037 ], [ 129.034497382431255, 35.125180354639248 ], [ 129.034512406032491, 35.125161872411169 ], [ 129.034518498051568, 35.125156798520727 ], [ 129.034527871553962, 35.125157000818383 ], [ 129.034546697543135, 35.125157407059604 ], [ 129.034653558374316, 35.125159715239221 ], [ 129.034723235856774, 35.125159460305703 ], [ 129.034752043014009, 35.12540101866022 ], [ 129.034752251924317, 35.125402793112315 ], [ 129.034771208395824, 35.125561803514387 ], [ 129.034778420000578, 35.125622303411681 ], [ 129.03480010419662, 35.125769525795782 ], [ 129.035048569200683, 35.125747986504173 ], [ 129.03510962882504, 35.125736370149468 ], [ 129.035103078010565, 35.125679810977132 ], [ 129.035097793564177, 35.125636637340058 ], [ 129.035091524275657, 35.125596888843447 ], [ 129.035080850730537, 35.125522799464207 ], [ 129.035077269334039, 35.12548224872797 ], [ 129.035077214531753, 35.125481608354491 ], [ 129.035075550137663, 35.125435550603171 ], [ 129.035078593251114, 35.125364972384958 ], [ 129.0350755060891, 35.125328828776254 ], [ 129.03507966720835, 35.125309809689611 ], [ 129.035079765276038, 35.125309538867974 ], [ 129.035086789896127, 35.125291239930924 ], [ 129.035095227302406, 35.125266358471663 ], [ 129.03510267872403, 35.12524355237926 ], [ 129.035102673859711, 35.125228499988836 ], [ 129.035102662040657, 35.125227986225035 ], [ 129.035101891879492, 35.125197944250345 ], [ 129.035106049836401, 35.125171623895383 ] ] ] } },
{ "type": "Feature", "properties": { "TOT_OA_CD": "21030550010004", "dong": "초량6동", "risk_norm": 0.31984806062647581, "high_risk": false, "aed_dist_night": 326.39838065147211, "covered_night": false, "gap": false, "elev": 25.0, "인구기준시점": "2026-06", "AED기준시점": "2026-07", "생성일": "2026-07-26" }, "geometry": { "type": "Polygon", "coordinates": [ [ [ 129.037874931265435, 35.122412394748096 ], [ 129.037902291541087, 35.122201588862787 ], [ 129.037903125380154, 35.12219516058682 ], [ 129.03791310996678, 35.122118264058273 ], [ 129.037934707320858, 35.121951912418105 ], [ 129.037961884675354, 35.121785324072007 ], [ 129.037974185407506, 35.121709989476827 ], [ 129.038001394921707, 35.121543369170432 ], [ 129.038001449119037, 35.121543041190286 ], [ 129.038008826574867, 35.12149785957012 ], [ 129.038013289555352, 35.121470542601593 ], [ 129.038017391363155, 35.121445439164646 ], [ 129.038185778358724, 35.120925282436872 ], [ 129.038208581347959, 35.120854840108819 ], [ 129.038290486186952, 35.120635274145108 ], [ 129.038312211440086, 35.120577028999726 ], [ 129.03832745867976, 35.120536157271417 ], [ 129.038307085389704, 35.120547949333734 ], [ 129.038145845556897, 35.120641276438498 ], [ 129.038066984726385, 35.120634687592478 ], [ 129.037972049391442, 35.120605656793785 ], [ 129.037848132645024, 35.12056737434655 ], [ 129.037827382885297, 35.120562704029133 ], [ 129.037794746884629, 35.120555361593375 ], [ 129.037788416929516, 35.120553935293621 ], [ 129.037759537460033, 35.120547426041362 ], [ 129.037701687170625, 35.120534390652672 ], [ 129.037552039068203, 35.120526533053983 ], [ 129.037422373230214, 35.12052367457305 ], [ 129.037370582439252, 35.12051530372846 ], [ 129.037343856568242, 35.120510984155253 ], [ 129.037300061192468, 35.120503905732171 ], [ 129.037241991875106, 35.120470507203883 ], [ 129.037143947799962, 35.120414118684003 ], [ 129.037114913179721, 35.12039823715115 ], [ 129.036801626012647, 35.120226881434029 ], [ 129.036772167997242, 35.120210768934314 ], [ 129.036710301159133, 35.120170941102593 ], [ 129.036709345917501, 35.12017032659309 ], [ 129.036705539171891, 35.120167870163144 ], [ 129.036704312844734, 35.120167079692486 ], [ 129.036700740527834, 35.120164775371784 ], [ 129.036645015115653, 35.120128896226575 ], [ 129.036639350426384, 35.120125264209776 ], [ 129.036269164543512, 35.119887912576992 ], [ 129.036233672843338, 35.119865155826325 ], [ 129.036064673614447, 35.119760819042831 ], [ 129.035981320623392, 35.119707320562839 ], [ 129.03597344892475, 35.119702268502998 ], [ 129.035963585733867, 35.119695938842156 ], [ 129.035961290928668, 35.119694463124937 ], [ 129.035960446774595, 35.119693921113878 ], [ 129.035799617813979, 35.119546146019772 ], [ 129.035719341470326, 35.119472386045103 ], [ 129.035623033060659, 35.119392186016277 ], [ 129.03561150648946, 35.119382588312803 ], [ 129.035554123945303, 35.119364477975168 ], [ 129.035526937766434, 35.119363261755758 ], [ 129.035399098996692, 35.119357555876888 ], [ 129.035230603804536, 35.119380895640042 ], [ 129.035130554454895, 35.119394753228995 ], [ 129.035093394511478, 35.119399906026807 ], [ 129.03485849018378, 35.119432987278792 ], [ 129.034850101949672, 35.119433734551805 ], [ 129.034851300373617, 35.119437778441132 ], [ 129.034861833229513, 35.119474487775541 ], [ 129.034867753008285, 35.119485582913811 ], [ 129.034894711146052, 35.11948902917554 ], [ 129.034920660655501, 35.119495332790095 ], [ 129.034933656512635, 35.119523590739028 ], [ 129.034971341865088, 35.119534153690509 ], [ 129.035010863432205, 35.119549242036534 ], [ 129.035055913813466, 35.119565462197606 ], [ 129.035084090767612, 35.119575207873922 ], [ 129.03510278574052, 35.11958168179558 ], [ 129.035144149681912, 35.119598284030069 ], [ 129.03517585977724, 35.119611110819434 ], [ 129.035196378179165, 35.119619964455374 ], [ 129.03520297170914, 35.119622810257852 ], [ 129.035232383060901, 35.119625823232134 ], [ 129.03525627612666, 35.119623174533537 ], [ 129.035290282424285, 35.119618253693609 ], [ 129.035323366743029, 35.11961484478762 ], [ 129.035351860289325, 35.119621632708942 ], [ 129.035378053420089, 35.119644656286752 ], [ 129.035396900626353, 35.119667309540731 ], [ 129.035424939539439, 35.119690334107538 ], [ 129.035442405477227, 35.119696745989543 ], [ 129.035481476831819, 35.119707306558915 ], [ 129.035493907576608, 35.119711522791867 ], [ 129.035523290739945, 35.119724664820147 ], [ 129.035551335446684, 35.119735599477337 ], [ 129.035561441960937, 35.119744664291829 ], [ 129.035589704605968, 35.119774870048197 ], [ 129.035623076116082, 35.119830195008063 ], [ 129.035938830126668, 35.119719509769126 ], [ 129.035941750561761, 35.119718480971834 ], [ 129.035969593099509, 35.119788373873376 ], [ 129.03611385631342, 35.119987811213456 ], [ 129.036087382566478, 35.120011752909654 ], [ 129.036284438953146, 35.120210041179185 ], [ 129.036268158433785, 35.120233164851278 ], [ 129.036478540986678, 35.120446649154751 ], [ 129.036477926083023, 35.120447798416052 ], [ 129.036487116653404, 35.120455351009561 ], [ 129.036594834328753, 35.120564656768366 ], [ 129.036881016788641, 35.120861307158115 ], [ 129.036926156252576, 35.120882973023413 ], [ 129.036958516923846, 35.120922151636371 ], [ 129.037103959649016, 35.120871084119862 ], [ 129.037089934145854, 35.120888241257433 ], [ 129.037081274219304, 35.120904964248545 ], [ 129.037073783469083, 35.120933629656207 ], [ 129.037069835024312, 35.120962122085075 ], [ 129.037072766745325, 35.120992587476344 ], [ 129.037081828777332, 35.121019165745885 ], [ 129.03709671495352, 35.121041740947355 ], [ 129.037299066450004, 35.121267345968064 ], [ 129.037169864146392, 35.121329806994325 ], [ 129.036195123128209, 35.121945773716028 ], [ 129.036196386652108, 35.121951582134102 ], [ 129.036201527425163, 35.121957289088094 ], [ 129.036204457101633, 35.121960544649475 ], [ 129.036329125562133, 35.122098963463515 ], [ 129.036348208168477, 35.122088178016583 ], [ 129.036458010945552, 35.122182247154043 ], [ 129.036436440344545, 35.122202074848758 ], [ 129.036409576675453, 35.122224743069047 ], [ 129.03649456582221, 35.122297539366812 ], [ 129.036517709179208, 35.122277315691733 ], [ 129.036534403017583, 35.122265547121863 ], [ 129.03656423832922, 35.122283188505179 ], [ 129.036638174948735, 35.122218467116888 ], [ 129.036701438558453, 35.122283147399649 ], [ 129.036774284878533, 35.122439963040698 ], [ 129.036863762884053, 35.1224448312243 ], [ 129.03689597857047, 35.122457568203956 ], [ 129.036940135766798, 35.12248794080017 ], [ 129.037141950957306, 35.122694348379227 ], [ 129.037133105904843, 35.122702045873353 ], [ 129.037231267922635, 35.122795334160735 ], [ 129.037256782932957, 35.122817166759994 ], [ 129.037314358555733, 35.122875940272785 ], [ 129.037351447108279, 35.12291380102733 ], [ 129.037238964808239, 35.122989142405409 ], [ 129.037229722690114, 35.123002106761753 ], [ 129.037221507443348, 35.123032809982178 ], [ 129.03721107523063, 35.123110275675003 ], [ 129.037153699225257, 35.123135945770294 ], [ 129.037181856047312, 35.123175605894716 ], [ 129.037370713593361, 35.123441577614344 ], [ 129.037415128623195, 35.12350413712695 ], [ 129.037430487836787, 35.123526450173358 ], [ 129.037462608964859, 35.123573132208101 ], [ 129.037480565238241, 35.123593667667613 ], [ 129.037506858188891, 35.123608938336226 ], [ 129.037544688539214, 35.123616823523953 ], [ 129.037670345211808, 35.123633118953705 ], [ 129.037713308930336, 35.123637314453724 ], [ 129.037737989930122, 35.123639512255622 ], [ 129.037809051879208, 35.123442121514053 ], [ 129.037821763023658, 35.123406812543294 ], [ 129.03782228505105, 35.123383271970923 ], [ 129.037826363723525, 35.123199088756571 ], [ 129.037826845460955, 35.123177375354096 ], [ 129.037826708050005, 35.122889117246686 ], [ 129.037826691214491, 35.12285448188581 ], [ 129.037847680609843, 35.122651802015312 ], [ 129.037862769474145, 35.122506102465977 ], [ 129.037874931265435, 35.122412394748096 ] ] ] } },
{ "type": "Feature", "properties": { "TOT_OA_CD": "21030550010005", "dong": "초량6동", "risk_norm": 0.59767930355068866, "high_risk": true, "aed_dist_night": 321.756812511578, "covered_night": false, "gap": true, "elev": 51.0, "인구기준시점": "2026-06", "AED기준시점": "2026-07", "생성일": "2026-07-26" }, "geometry": { "type": "Polygon", "coordinates": [ [ [ 129.036871945688517, 35.124378079911565 ], [ 129.036897624950456, 35.124371838719206 ], [ 129.036943418205766, 35.12437194765436 ], [ 129.036960254170907, 35.124374617495 ], [ 129.037084055476782, 35.124394143179096 ], [ 129.037200575656215, 35.124426695711158 ], [ 129.037257126185864, 35.124440205808504 ], [ 129.03732782054297, 35.124442125620639 ], [ 129.037374538510619, 35.124439994762746 ], [ 129.037479687096635, 35.124362407515257 ], [ 129.03757291839139, 35.124293610686998 ], [ 129.037573170850095, 35.124293146743241 ], [ 129.037663456614098, 35.124127157055838 ], [ 129.037679293026912, 35.124078288724874 ], [ 129.037720379423064, 35.123951492591097 ], [ 129.037727601968982, 35.123762681182086 ], [ 129.037731636327408, 35.123657156359073 ], [ 129.037734137366044, 35.123650214649423 ], [ 129.037737989930122, 35.123639512255622 ], [ 129.037713308930336, 35.123637314453724 ], [ 129.037670345211808, 35.123633118953705 ], [ 129.037544688539214, 35.123616823523953 ], [ 129.037506858188891, 35.123608938336226 ], [ 129.037480565238241, 35.123593667667613 ], [ 129.037462608964859, 35.123573132208101 ], [ 129.037430487836787, 35.123526450173358 ], [ 129.037415128623195, 35.12350413712695 ], [ 129.037370713593361, 35.123441577614344 ], [ 129.037181856047312, 35.123175605894716 ], [ 129.037153699225257, 35.123135945770294 ], [ 129.03721107523063, 35.123110275675003 ], [ 129.037221507443348, 35.123032809982178 ], [ 129.037229722690114, 35.123002106761753 ], [ 129.037238964808239, 35.122989142405409 ], [ 129.037351447108279, 35.12291380102733 ], [ 129.037314358555733, 35.122875940272785 ], [ 129.037256782932957, 35.122817166759994 ], [ 129.037231267922635, 35.122795334160735 ], [ 129.037133105904843, 35.122702045873353 ], [ 129.037141950957306, 35.122694348379227 ], [ 129.036940135766798, 35.12248794080017 ], [ 129.03689597857047, 35.122457568203956 ], [ 129.036863762884053, 35.1224448312243 ], [ 129.036774284878533, 35.122439963040698 ], [ 129.036701438558453, 35.122283147399649 ], [ 129.036638174948735, 35.122218467116888 ], [ 129.03656423832922, 35.122283188505179 ], [ 129.036534403017583, 35.122265547121863 ], [ 129.036517709179208, 35.122277315691733 ], [ 129.03649456582221, 35.122297539366812 ], [ 129.036409576675453, 35.122224743069047 ], [ 129.036338323892039, 35.122163713572967 ], [ 129.036330729986048, 35.12215956051574 ], [ 129.036325181986541, 35.122166412813712 ], [ 129.03623323868004, 35.122272168518251 ], [ 129.036145899922701, 35.122397221675165 ], [ 129.036080711496339, 35.122498202154851 ], [ 129.036038256751283, 35.1225555582987 ], [ 129.036037063327342, 35.122559560366874 ], [ 129.036017573919906, 35.122624662398643 ], [ 129.036005269592465, 35.12271457687649 ], [ 129.035991127326753, 35.122738169298273 ], [ 129.035989866903634, 35.122740179638967 ], [ 129.035992148876801, 35.12274114339133 ], [ 129.036008849695918, 35.122748205945463 ], [ 129.036054462693869, 35.122767517426077 ], [ 129.036100214905474, 35.122804001064274 ], [ 129.036128688489725, 35.122840930061116 ], [ 129.036145200742965, 35.122870382077572 ], [ 129.036160585003728, 35.122904981301495 ], [ 129.036170836736375, 35.122940978178121 ], [ 129.036174278307811, 35.122986802423718 ], [ 129.036169785124173, 35.123125676589162 ], [ 129.036181174844671, 35.12315746380748 ], [ 129.036209791983737, 35.123194781332053 ], [ 129.036240350212069, 35.123207896536826 ], [ 129.036189688634352, 35.123287555451071 ], [ 129.036166540724395, 35.123338821711421 ], [ 129.036169249642171, 35.123416455217992 ], [ 129.036176274863067, 35.123451092782211 ], [ 129.036175500296139, 35.123461855267706 ], [ 129.036187121713539, 35.123519710668191 ], [ 129.036188020675979, 35.123546075124104 ], [ 129.036184899106104, 35.12358303131326 ], [ 129.036182695001628, 35.123609063652118 ], [ 129.036142617999076, 35.123688169104241 ], [ 129.036092744370677, 35.123735532028114 ], [ 129.036090946080918, 35.123737245352146 ], [ 129.036082885622022, 35.123744368421654 ], [ 129.035949265822097, 35.123862520156941 ], [ 129.035908272934932, 35.123896954899578 ], [ 129.03588123771101, 35.123917829131216 ], [ 129.035790648051801, 35.123987800277639 ], [ 129.035714023680271, 35.1240551987717 ], [ 129.035675046556349, 35.124087064428124 ], [ 129.035804220251947, 35.124172477421368 ], [ 129.035826207183959, 35.124176951205477 ], [ 129.035845611287101, 35.124185888204472 ], [ 129.035929980284664, 35.124224755919421 ], [ 129.035962212897374, 35.12422474678673 ], [ 129.035981340369176, 35.124239407146064 ], [ 129.036002509710414, 35.124255624840174 ], [ 129.036004951020942, 35.124266647713675 ], [ 129.036046087277697, 35.124307277783089 ], [ 129.036050016454908, 35.12431116174421 ], [ 129.036066095371979, 35.124327048147279 ], [ 129.036067433937973, 35.124328319574715 ], [ 129.036108580940862, 35.124367182361794 ], [ 129.036122178738793, 35.1243800329271 ], [ 129.036136656371639, 35.124393512476509 ], [ 129.036137884073156, 35.124394667199901 ], [ 129.036150603940484, 35.124406523592022 ], [ 129.036177601262409, 35.124428330431265 ], [ 129.036212172974189, 35.124456803355791 ], [ 129.036252010953262, 35.124490232390094 ], [ 129.03625670893129, 35.124494674578273 ], [ 129.036267924962175, 35.124505280544113 ], [ 129.036277213553262, 35.124520600241688 ], [ 129.036400471364971, 35.124649829447002 ], [ 129.036415159401031, 35.124669889868336 ], [ 129.036419468386129, 35.124674887903154 ], [ 129.036421789475298, 35.124673313087925 ], [ 129.036550189233452, 35.124586109161399 ], [ 129.036627032690348, 35.124533945545075 ], [ 129.036637804900323, 35.124526884561959 ], [ 129.036649577766383, 35.124519171609563 ], [ 129.036850619148993, 35.124387442273694 ], [ 129.036856692065129, 35.124383465778109 ], [ 129.036860818369036, 35.124380783414267 ], [ 129.036871945688517, 35.124378079911565 ] ] ] } },
{ "type": "Feature", "properties": { "TOT_OA_CD": "21030550010002", "dong": "초량6동", "risk_norm": 0.72117609972411301, "high_risk": true, "aed_dist_night": 211.62713976828749, "covered_night": false, "gap": true, "elev": 47.0, "인구기준시점": "2026-06", "AED기준시점": "2026-07", "생성일": "2026-07-26" }, "geometry": { "type": "Polygon", "coordinates": [ [ [ 129.03611385631342, 35.119987811213456 ], [ 129.035969593099509, 35.119788373873376 ], [ 129.035941750561761, 35.119718480971834 ], [ 129.035938830126668, 35.119719509769126 ], [ 129.035623076116082, 35.119830195008063 ], [ 129.035589704605968, 35.119774870048197 ], [ 129.035561441960937, 35.119744664291829 ], [ 129.035551335446684, 35.119735599477337 ], [ 129.035523290739945, 35.119724664820147 ], [ 129.035493907576608, 35.119711522791867 ], [ 129.035481476831819, 35.119707306558915 ], [ 129.035442405477227, 35.119696745989543 ], [ 129.035424939539439, 35.119690334107538 ], [ 129.035396900626353, 35.119667309540731 ], [ 129.035378053420089, 35.119644656286752 ], [ 129.035351860289325, 35.119621632708942 ], [ 129.035323366743029, 35.11961484478762 ], [ 129.035290282424285, 35.119618253693609 ], [ 129.03525627612666, 35.119623174533537 ], [ 129.035232383060901, 35.119625823232134 ], [ 129.03520297170914, 35.119622810257852 ], [ 129.035196378179165, 35.119619964455374 ], [ 129.03517585977724, 35.119611110819434 ], [ 129.035144149681912, 35.119598284030069 ], [ 129.03510278574052, 35.11958168179558 ], [ 129.035084090767612, 35.119575207873922 ], [ 129.035055913813466, 35.119565462197606 ], [ 129.035010863432205, 35.119549242036534 ], [ 129.034971341865088, 35.119534153690509 ], [ 129.034933656512635, 35.119523590739028 ], [ 129.034920660655501, 35.119495332790095 ], [ 129.034894711146052, 35.11948902917554 ], [ 129.034867753008285, 35.119485582913811 ], [ 129.034861833229513, 35.119474487775541 ], [ 129.034851300373617, 35.119437778441132 ], [ 129.034850101949672, 35.119433734551805 ], [ 129.034760663773, 35.119441688894611 ], [ 129.034677892832406, 35.119449050225064 ], [ 129.034675891079587, 35.119448630173522 ], [ 129.034587301161395, 35.11943008599102 ], [ 129.034568483330048, 35.119420860929814 ], [ 129.034551133009302, 35.119412355686059 ], [ 129.034456462566681, 35.119365948187841 ], [ 129.034455332889223, 35.11936539447607 ], [ 129.034346815190105, 35.119259591563427 ], [ 129.034345339636985, 35.119258147815657 ], [ 129.034342814507625, 35.119255680517277 ], [ 129.03433637391305, 35.119249402074082 ], [ 129.034318500905243, 35.119231981904171 ], [ 129.034234303117955, 35.11914499066026 ], [ 129.034229997212947, 35.119140544315087 ], [ 129.034203331991307, 35.119117423619599 ], [ 129.033893349050942, 35.119113411532197 ], [ 129.033484929500361, 35.119152448643007 ], [ 129.033478390265969, 35.119153079560142 ], [ 129.033383100797522, 35.119238351122604 ], [ 129.033377854731583, 35.119243049091466 ], [ 129.033304344476477, 35.119308855886729 ], [ 129.033038719055128, 35.119299968861597 ], [ 129.033035527125179, 35.119299862274943 ], [ 129.033031098786722, 35.119299713615995 ], [ 129.03302395992381, 35.119298679620364 ], [ 129.032924711270823, 35.119284303765987 ], [ 129.032819598722966, 35.119274510975075 ], [ 129.032779892042072, 35.119276280887291 ], [ 129.03267799715519, 35.119245296243328 ], [ 129.032455746492133, 35.119232909250925 ], [ 129.032263214195183, 35.119174197930086 ], [ 129.032201483609612, 35.119155374567278 ], [ 129.032146152113029, 35.119161601061755 ], [ 129.032063545814083, 35.119170897894527 ], [ 129.032056423838696, 35.119171701124266 ], [ 129.032053331427619, 35.119172046737631 ], [ 129.031982774565904, 35.119144817288728 ], [ 129.031908702855361, 35.119116230228627 ], [ 129.031888310868624, 35.119108361708776 ], [ 129.031858513488601, 35.119079325836019 ], [ 129.031842256247245, 35.119063484359039 ], [ 129.031805014810033, 35.119040728558744 ], [ 129.031794823614973, 35.119037488041435 ], [ 129.031785303592272, 35.119034461740526 ], [ 129.031759951454177, 35.119026402548229 ], [ 129.031722700808103, 35.119032634706542 ], [ 129.031702268870447, 35.119036052206475 ], [ 129.031684112668472, 35.119060620832926 ], [ 129.031612558309035, 35.119144866114063 ], [ 129.031611691237799, 35.119145325191177 ], [ 129.031602090168064, 35.119150395512065 ], [ 129.031571491946067, 35.119166560509349 ], [ 129.031557426119576, 35.119173990855813 ], [ 129.031529399501409, 35.119207126022602 ], [ 129.031480654520522, 35.119264726921976 ], [ 129.031479472581424, 35.119266127659294 ], [ 129.031468480226465, 35.11927120650634 ], [ 129.03145280113452, 35.119278453478444 ], [ 129.031428191258414, 35.119289825532057 ], [ 129.031409666823663, 35.119288047198879 ], [ 129.031299405146513, 35.119277459819251 ], [ 129.031291420904239, 35.119276694254673 ], [ 129.031283936279436, 35.119270553241186 ], [ 129.031274899251855, 35.119263138045909 ], [ 129.031197369404367, 35.119199520435849 ], [ 129.031189435390047, 35.119190532391798 ], [ 129.031174923821169, 35.119174089917507 ], [ 129.031158875178647, 35.119135500652263 ], [ 129.031151373933795, 35.119059164480781 ], [ 129.031144080299924, 35.119031448061733 ], [ 129.031111293257396, 35.119023534088242 ], [ 129.030974895163723, 35.118990628893663 ], [ 129.030954454066716, 35.118985697424819 ], [ 129.030915882585589, 35.118977291139153 ], [ 129.030885998074751, 35.118970787528212 ], [ 129.030883693036515, 35.11897028470959 ], [ 129.030844089318833, 35.118961659728441 ], [ 129.030761439204838, 35.118947206757838 ], [ 129.0307340458846, 35.118942415346247 ], [ 129.030661974593897, 35.118929810428924 ], [ 129.030556002710227, 35.118924429114614 ], [ 129.030446728647007, 35.118916333181971 ], [ 129.030359705974945, 35.118898487368398 ], [ 129.030355208335919, 35.118897564109147 ], [ 129.03035403187809, 35.118897322902527 ], [ 129.030316165058423, 35.11888176311124 ], [ 129.030234879384068, 35.118859227580209 ], [ 129.030227105331278, 35.118858433151289 ], [ 129.030155453840052, 35.118851133158927 ], [ 129.03010916244736, 35.118853855363874 ], [ 129.03005947606141, 35.118872894601388 ], [ 129.030006487359856, 35.118886513544986 ], [ 129.029930352141236, 35.11887833145056 ], [ 129.029814491047006, 35.118837612824237 ], [ 129.029670554907852, 35.118782273540155 ], [ 129.029621229507711, 35.118764926013348 ], [ 129.029614962402292, 35.118774479275153 ], [ 129.029598854608565, 35.118808276846316 ], [ 129.029596422028192, 35.118817795259851 ], [ 129.02959482431578, 35.118827422173332 ], [ 129.02959135997051, 35.118839978523368 ], [ 129.029589765190224, 35.118851578133835 ], [ 129.029589698095208, 35.118852039687717 ], [ 129.029589403168643, 35.118854167615233 ], [ 129.029587654994828, 35.1188760520944 ], [ 129.029585665206866, 35.118893935547639 ], [ 129.029586177423653, 35.118917459465969 ], [ 129.029587839891548, 35.11893465757543 ], [ 129.029591607977409, 35.118949557903534 ], [ 129.029595957461481, 35.118962922666604 ], [ 129.029599921324433, 35.118973738923948 ], [ 129.029666604094245, 35.119123359067402 ], [ 129.029708875104006, 35.119193357178382 ], [ 129.029754965221002, 35.119174401345973 ], [ 129.02976716151602, 35.119169384979557 ], [ 129.029776309880788, 35.119165625148682 ], [ 129.029791557902058, 35.119160609913209 ], [ 129.029809855015685, 35.119158098758405 ], [ 129.029823522944668, 35.119156492645381 ], [ 129.029831213708889, 35.119155589537151 ], [ 129.029841887364256, 35.119155586420923 ], [ 129.029852562183578, 35.119155585111919 ], [ 129.029863235880754, 35.119155581993297 ], [ 129.029873908447911, 35.119155578887955 ], [ 129.029884581733342, 35.119154322560199 ], [ 129.029895258010441, 35.119155574441471 ], [ 129.0299059317081, 35.119155571353446 ], [ 129.02991050646753, 35.119155570384393 ], [ 129.029918129574753, 35.119155568833605 ], [ 129.029927279110922, 35.119155567822823 ], [ 129.029936077892671, 35.119156528767078 ], [ 129.02994357043309, 35.119157348402133 ], [ 129.029950163478475, 35.119158066717986 ], [ 129.029960542210091, 35.119158722794545 ], [ 129.029969985937043, 35.119159314939047 ], [ 129.029981573137661, 35.119161511945741 ], [ 129.029989812471484, 35.119163068704744 ], [ 129.030004599627262, 35.119164687078644 ], [ 129.030012684823902, 35.119165569562625 ], [ 129.030074957830237, 35.119179507626171 ], [ 129.030079796455283, 35.119180588895468 ], [ 129.030377407668936, 35.119247453663746 ], [ 129.030487721770811, 35.119272231787477 ], [ 129.030496395118575, 35.119274226609221 ], [ 129.030587866495807, 35.119295282696015 ], [ 129.030599691694675, 35.119298000491334 ], [ 129.031003956212459, 35.119391042090967 ], [ 129.031057330413319, 35.119404405047767 ], [ 129.031061941065417, 35.119405558564594 ], [ 129.031077803773314, 35.119409529039899 ], [ 129.031081074880348, 35.119410347836208 ], [ 129.031173298969719, 35.119433436141364 ], [ 129.031356505372742, 35.119476169575385 ], [ 129.031522488769525, 35.119514888216472 ], [ 129.031527019618977, 35.119515941743323 ], [ 129.031791359984055, 35.119577600127641 ], [ 129.031792983444348, 35.119577978095279 ], [ 129.031891756980428, 35.119601018213032 ], [ 129.032042622571453, 35.119636205363264 ], [ 129.032054822439505, 35.119638709094552 ], [ 129.032068545685291, 35.119638705095483 ], [ 129.032079220114014, 35.119637450348037 ], [ 129.032091430526663, 35.11963869980179 ], [ 129.032097452034776, 35.119638077292791 ], [ 129.032103628052226, 35.119637443818903 ], [ 129.032112876090736, 35.119636783234583 ], [ 129.032204113531719, 35.119630305639035 ], [ 129.032206087318997, 35.11963017162045 ], [ 129.032409393777272, 35.119615742001123 ], [ 129.032411334651499, 35.119615607432372 ], [ 129.032466503341794, 35.119611689260715 ], [ 129.03247073770595, 35.119611381440357 ], [ 129.032475717390469, 35.119611029044179 ], [ 129.032483341663919, 35.119611027316637 ], [ 129.032493731181518, 35.119611023947662 ], [ 129.032526037692946, 35.119611015712977 ], [ 129.032538237142006, 35.119612265260308 ], [ 129.032548911953313, 35.119612262818706 ], [ 129.032562635621019, 35.119613512898802 ], [ 129.032574835070875, 35.11961476244241 ], [ 129.032739557490601, 35.119652316051017 ], [ 129.032775377533994, 35.11966249124135 ], [ 129.032779207897818, 35.119663581543115 ], [ 129.032781379596315, 35.119664229365604 ], [ 129.033017542339735, 35.119734529110737 ], [ 129.033195577647803, 35.119787517933005 ], [ 129.033206801624686, 35.119792517823669 ], [ 129.033218202029957, 35.119796741927225 ], [ 129.033225629854769, 35.119799488959067 ], [ 129.033237117579375, 35.11980450807237 ], [ 129.033338948958516, 35.119847629655155 ], [ 129.03334962552637, 35.119852637387204 ], [ 129.033360312048217, 35.11985764681522 ], [ 129.03336946271898, 35.119863909041776 ], [ 129.033421320743173, 35.119892710476805 ], [ 129.033430472527954, 35.119898973613154 ], [ 129.033432765844282, 35.119900432269475 ], [ 129.033466219012809, 35.119855626899515 ], [ 129.03348924739106, 35.119751692903769 ], [ 129.033528202636148, 35.119691851065603 ], [ 129.033614320672029, 35.119611777880451 ], [ 129.033627096540869, 35.11960168763639 ], [ 129.033651069747691, 35.119582763170158 ], [ 129.033652529472391, 35.119581607736734 ], [ 129.03371683841263, 35.119530836204447 ], [ 129.033734470340676, 35.119510523252337 ], [ 129.03387960044904, 35.119632374630186 ], [ 129.033995848227875, 35.11973206182455 ], [ 129.033996230882451, 35.119732395073143 ], [ 129.034188936564476, 35.119569196544688 ], [ 129.034212642669672, 35.119588057593965 ], [ 129.034325612290559, 35.119677932213165 ], [ 129.034334338993034, 35.119684874164605 ], [ 129.034364708983048, 35.119723670276429 ], [ 129.034435578156859, 35.119780472759828 ], [ 129.034476064850026, 35.119800561148125 ], [ 129.034487688266239, 35.119810996257605 ], [ 129.034620323415794, 35.119930093592536 ], [ 129.034761330537094, 35.120051647129223 ], [ 129.034784772805494, 35.120105505806428 ], [ 129.034589503462627, 35.120166374548809 ], [ 129.034590886605258, 35.120169384661857 ], [ 129.034612661505946, 35.120219242392814 ], [ 129.034631477381936, 35.120251694920746 ], [ 129.034728977804946, 35.120403502252465 ], [ 129.034731426164115, 35.120407314834708 ], [ 129.034844997269801, 35.120583201778238 ], [ 129.034857006494747, 35.120601793398279 ], [ 129.034869004241273, 35.12061977291625 ], [ 129.034869541792489, 35.120620583892027 ], [ 129.034937427227504, 35.120722354995536 ], [ 129.035031711728664, 35.120681309299464 ], [ 129.036087382566478, 35.120011752909654 ], [ 129.03611385631342, 35.119987811213456 ] ] ] } },
{ "type": "Feature", "properties": { "TOT_OA_CD": "21030550010003", "dong": "초량6동", "risk_norm": 0.52857724096618075, "high_risk": false, "aed_dist_night": 438.30897410247763, "covered_night": false, "gap": false, "elev": 38.0, "인구기준시점": "2026-06", "AED기준시점": "2026-07", "생성일": "2026-07-26" }, "geometry": { "type": "Polygon", "coordinates": [ [ [ 129.036325181986541, 35.122166412813712 ], [ 129.036330729986048, 35.12215956051574 ], [ 129.036338323892039, 35.122163713572967 ], [ 129.036409576675453, 35.122224743069047 ], [ 129.036436440344545, 35.122202074848758 ], [ 129.036458010945552, 35.122182247154043 ], [ 129.036348208168477, 35.122088178016583 ], [ 129.036329125562133, 35.122098963463515 ], [ 129.036204457101633, 35.121960544649475 ], [ 129.036201527425163, 35.121957289088094 ], [ 129.036196386652108, 35.121951582134102 ], [ 129.036195123128209, 35.121945773716028 ], [ 129.037169864146392, 35.121329806994325 ], [ 129.037299066450004, 35.121267345968064 ], [ 129.03709671495352, 35.121041740947355 ], [ 129.037081828777332, 35.121019165745885 ], [ 129.037072766745325, 35.120992587476344 ], [ 129.037069835024312, 35.120962122085075 ], [ 129.037073783469083, 35.120933629656207 ], [ 129.037081274219304, 35.120904964248545 ], [ 129.037089934145854, 35.120888241257433 ], [ 129.037103959649016, 35.120871084119862 ], [ 129.036958516923846, 35.120922151636371 ], [ 129.036926156252576, 35.120882973023413 ], [ 129.036881016788641, 35.120861307158115 ], [ 129.036594834328753, 35.120564656768366 ], [ 129.036487116653404, 35.120455351009561 ], [ 129.036477926083023, 35.120447798416052 ], [ 129.036478540986678, 35.120446649154751 ], [ 129.036268158433785, 35.120233164851278 ], [ 129.036284438953146, 35.120210041179185 ], [ 129.036087382566478, 35.120011752909654 ], [ 129.035031711728664, 35.120681309299464 ], [ 129.034937427227504, 35.120722354995536 ], [ 129.03494686545497, 35.120736504418701 ], [ 129.035012970052037, 35.120835761790374 ], [ 129.035221115601814, 35.121138183160532 ], [ 129.035343513663406, 35.121325992537791 ], [ 129.03540624229143, 35.121423825510824 ], [ 129.035419511495576, 35.121444518084807 ], [ 129.035395063376711, 35.121455098142235 ], [ 129.035389117669155, 35.121457893654309 ], [ 129.035292209461829, 35.121494948957896 ], [ 129.035265847447789, 35.121497047382377 ], [ 129.035243739604368, 35.121490067666265 ], [ 129.035235279434687, 35.121486410604582 ], [ 129.035227588219584, 35.121483086398406 ], [ 129.035225690323756, 35.12148323126798 ], [ 129.035209728626114, 35.121484488375543 ], [ 129.035102041520105, 35.121562215814826 ], [ 129.035064093684838, 35.121589176974538 ], [ 129.035015179792566, 35.121624614250791 ], [ 129.034998514484272, 35.121646972653124 ], [ 129.034981076737353, 35.121661850187628 ], [ 129.034946636375224, 35.121678714746949 ], [ 129.034878835005429, 35.121695751216926 ], [ 129.034877310168923, 35.121696130290502 ], [ 129.034873920150176, 35.121697050513241 ], [ 129.034787460630042, 35.121720600277236 ], [ 129.034690717689159, 35.12173701322601 ], [ 129.034580580195126, 35.121752547117076 ], [ 129.034524217173072, 35.121762657472253 ], [ 129.034482619895329, 35.121770114030056 ], [ 129.03447287877168, 35.121771468988747 ], [ 129.03446726285469, 35.12177277711146 ], [ 129.034481815058342, 35.121814902963237 ], [ 129.034498928566677, 35.121838892868901 ], [ 129.03453682301199, 35.121871312960899 ], [ 129.034539917734605, 35.121873953367633 ], [ 129.034600182116549, 35.121909829196539 ], [ 129.034786398135225, 35.122020699400082 ], [ 129.034801772047388, 35.122032854129863 ], [ 129.034843338425901, 35.122081939960715 ], [ 129.034844063037724, 35.122083012746664 ], [ 129.03489867405014, 35.122163570128443 ], [ 129.034930837212414, 35.122211603846594 ], [ 129.034986257872134, 35.122284832559778 ], [ 129.034986686303512, 35.122285382525746 ], [ 129.034991384675152, 35.122291375548976 ], [ 129.03499765159961, 35.122297917647352 ], [ 129.035004477233457, 35.122303062363351 ], [ 129.035014155897642, 35.122310072441124 ], [ 129.035069595394049, 35.122347806053632 ], [ 129.035088623549541, 35.122361005395199 ], [ 129.035095899447583, 35.122366051504102 ], [ 129.035147474253364, 35.122399116809007 ], [ 129.035252855292214, 35.122444389891179 ], [ 129.035274537520962, 35.122453703873511 ], [ 129.035345308971756, 35.122481806799946 ], [ 129.035379784670852, 35.122495578564305 ], [ 129.035382451492865, 35.122496642044176 ], [ 129.03550917269439, 35.12254725347313 ], [ 129.035589632888417, 35.122579382697964 ], [ 129.035591905048392, 35.122580292480741 ], [ 129.035601077521648, 35.122583948605936 ], [ 129.035676128999967, 35.122613222416483 ], [ 129.035771941123301, 35.122651520597586 ], [ 129.035797374839404, 35.122661681319613 ], [ 129.035928716553798, 35.12271428313808 ], [ 129.035980266149181, 35.122736099805195 ], [ 129.035987518234634, 35.122739170747295 ], [ 129.035988363540866, 35.122739540532642 ], [ 129.035989866903634, 35.122740179638967 ], [ 129.035991127326753, 35.122738169298273 ], [ 129.036005269592465, 35.12271457687649 ], [ 129.036017573919906, 35.122624662398643 ], [ 129.036037063327342, 35.122559560366874 ], [ 129.036038256751283, 35.1225555582987 ], [ 129.036080711496339, 35.122498202154851 ], [ 129.036145899922701, 35.122397221675165 ], [ 129.03623323868004, 35.122272168518251 ], [ 129.036325181986541, 35.122166412813712 ] ] ] } },
{ "type": "Feature", "properties": { "TOT_OA_CD": "21030550010001", "dong": "초량6동", "risk_norm": 0.65464917198233608, "high_risk": true, "aed_dist_night": 578.62192643649666, "covered_night": false, "gap": true, "elev": 82.0, "인구기준시점": "2026-06", "AED기준시점": "2026-07", "생성일": "2026-07-26" }, "geometry": { "type": "Polygon", "coordinates": [ [ [ 129.034654101071709, 35.127479647022049 ], [ 129.0346287885923, 35.127187147402466 ], [ 129.034641151500978, 35.127038777955121 ], [ 129.034650986971883, 35.12686525658831 ], [ 129.034646861400603, 35.126800435813571 ], [ 129.034647425184261, 35.126777024563026 ], [ 129.034649025278384, 35.126710231596 ], [ 129.034672782958637, 35.126641711778504 ], [ 129.034676894184059, 35.126639619361725 ], [ 129.034753674992828, 35.12660056180831 ], [ 129.034804265575218, 35.126572558812654 ], [ 129.034898443181163, 35.126520429201129 ], [ 129.034944482778741, 35.126494947909343 ], [ 129.035015336387573, 35.126455730844143 ], [ 129.0350309312565, 35.126447097779199 ], [ 129.035032411236926, 35.126442981171635 ], [ 129.035044368686812, 35.126409703466464 ], [ 129.035110562175674, 35.126373158249542 ], [ 129.035090177610641, 35.126343051916024 ], [ 129.035003349120643, 35.126214807040469 ], [ 129.035024068204734, 35.126186022898068 ], [ 129.035027063982653, 35.126181860055169 ], [ 129.035033293996349, 35.126173202267708 ], [ 129.035037380886905, 35.126167535246665 ], [ 129.035041406381112, 35.12616192939894 ], [ 129.035196899768323, 35.12610641258496 ], [ 129.035328902002277, 35.126059283446658 ], [ 129.035357606934866, 35.12604903353288 ], [ 129.035383966121543, 35.125996136300898 ], [ 129.035372025866309, 35.125884983198162 ], [ 129.035416428982614, 35.125823213528335 ], [ 129.035440867366248, 35.1257315459343 ], [ 129.03545783238178, 35.125675251391776 ], [ 129.035458229190709, 35.125673941734803 ], [ 129.03545953790865, 35.125669706500759 ], [ 129.035460285042689, 35.125667122032127 ], [ 129.035477363194389, 35.125610484349828 ], [ 129.035524132953014, 35.125477499451677 ], [ 129.03555003141571, 35.12543105814737 ], [ 129.035585320492572, 35.125301439281408 ], [ 129.035613569510417, 35.125233720733142 ], [ 129.035787893993927, 35.125113709159805 ], [ 129.035903323285027, 35.125018882105792 ], [ 129.035997276544975, 35.124961598171559 ], [ 129.036020183568979, 35.124946040741733 ], [ 129.036009920945787, 35.124935538094881 ], [ 129.03600873277432, 35.124936141016057 ], [ 129.035981927047004, 35.124903213889596 ], [ 129.035918197445056, 35.124828002889657 ], [ 129.035895998058407, 35.124811406011546 ], [ 129.035862124608173, 35.124800193698924 ], [ 129.035812896380634, 35.124792492105463 ], [ 129.035735207117398, 35.124784331654702 ], [ 129.035685977739803, 35.124777096164323 ], [ 129.035628210675412, 35.12476518847528 ], [ 129.035574414079406, 35.124751413690511 ], [ 129.035485338346774, 35.124717303719521 ], [ 129.03538429886089, 35.124675482240114 ], [ 129.035229520236413, 35.1246197759436 ], [ 129.03521848609131, 35.124654111314932 ], [ 129.035202862458192, 35.124702762061183 ], [ 129.035187040109321, 35.124750827462357 ], [ 129.035196157695054, 35.124779496924234 ], [ 129.035216157406865, 35.124804260668171 ], [ 129.035215094467645, 35.124833050988741 ], [ 129.035213888705499, 35.124865401785911 ], [ 129.035209696596809, 35.124890424208374 ], [ 129.035208405649939, 35.124898122336099 ], [ 129.035215758597786, 35.12490100452797 ], [ 129.035224209574949, 35.124909474507099 ], [ 129.035237161442012, 35.124924163625685 ], [ 129.035240571044227, 35.12494579435856 ], [ 129.03523827507982, 35.124964904352574 ], [ 129.035232139402552, 35.124984196406707 ], [ 129.035215471672331, 35.125005112248807 ], [ 129.035198142450128, 35.125016744443336 ], [ 129.035174787009765, 35.1250471272471 ], [ 129.035162066007501, 35.125059297893173 ], [ 129.035140794297888, 35.125089318883141 ], [ 129.035121057491153, 35.125114293000827 ], [ 129.035112509270334, 35.125138180506781 ], [ 129.035106049836401, 35.125171623895383 ], [ 129.035101891879492, 35.125197944250345 ], [ 129.035102662040657, 35.125227986225035 ], [ 129.035102673859711, 35.125228499988836 ], [ 129.03510267872403, 35.12524355237926 ], [ 129.035095227302406, 35.125266358471663 ], [ 129.035086789896127, 35.125291239930924 ], [ 129.035079765276038, 35.125309538867974 ], [ 129.03507966720835, 35.125309809689611 ], [ 129.0350755060891, 35.125328828776254 ], [ 129.035078593251114, 35.125364972384958 ], [ 129.035075550137663, 35.125435550603171 ], [ 129.035077214531753, 35.125481608354491 ], [ 129.035077269334039, 35.12548224872797 ], [ 129.035080850730537, 35.125522799464207 ], [ 129.035091524275657, 35.125596888843447 ], [ 129.035097793564177, 35.125636637340058 ], [ 129.035103078010565, 35.125679810977132 ], [ 129.03510962882504, 35.125736370149468 ], [ 129.035048569200683, 35.125747986504173 ], [ 129.03480010419662, 35.125769525795782 ], [ 129.034778420000578, 35.125622303411681 ], [ 129.034771208395824, 35.125561803514387 ], [ 129.034752251924317, 35.125402793112315 ], [ 129.034752043014009, 35.12540101866022 ], [ 129.034723235856774, 35.125159460305703 ], [ 129.034653558374316, 35.125159715239221 ], [ 129.034546697543135, 35.125157407059604 ], [ 129.034527871553962, 35.125157000818383 ], [ 129.034518498051568, 35.125156798520727 ], [ 129.034512406032491, 35.125161872411169 ], [ 129.034497382431255, 35.125180354639248 ], [ 129.034487843426064, 35.125196131087037 ], [ 129.034479074705843, 35.125216232752017 ], [ 129.034473922365493, 35.12522389681142 ], [ 129.034457799878282, 35.125239493338206 ], [ 129.034439920497505, 35.125246258261676 ], [ 129.034430489814923, 35.125255996104251 ], [ 129.034410313474211, 35.125280248965893 ], [ 129.034403953539794, 35.125291516766168 ], [ 129.034398176972559, 35.125303345160027 ], [ 129.034397268373368, 35.125305219404005 ], [ 129.034395173517368, 35.12531136790556 ], [ 129.03438926730135, 35.12532874650131 ], [ 129.034380507927636, 35.125372104263676 ], [ 129.034374935119985, 35.125425917420124 ], [ 129.034367708599575, 35.125462243957394 ], [ 129.034355007076329, 35.125525072455169 ], [ 129.034343508929624, 35.125579157163045 ], [ 129.034339211370309, 35.125609515762996 ], [ 129.034326845625202, 35.125607464283483 ], [ 129.034293820169921, 35.125601975085303 ], [ 129.034265951198222, 35.125597114796427 ], [ 129.034237917982949, 35.1255902270657 ], [ 129.034235416484734, 35.125589614986957 ], [ 129.034233694387581, 35.125589192283933 ], [ 129.034216358494831, 35.125586852971537 ], [ 129.034193976786923, 35.125582352393245 ], [ 129.034183330667332, 35.125576495936386 ], [ 129.034151731773932, 35.125567492154595 ], [ 129.034124521500729, 35.125562000482454 ], [ 129.034114426317217, 35.125557316376714 ], [ 129.034110801927369, 35.12554686115223 ], [ 129.03411375481727, 35.125525317541026 ], [ 129.034115724354876, 35.125511256251563 ], [ 129.034104419554467, 35.125499360991824 ], [ 129.034067548925293, 35.125482877425384 ], [ 129.034037043634726, 35.125469454460443 ], [ 129.034016305419613, 35.125459544964045 ], [ 129.033999628589157, 35.125454952284095 ], [ 129.033961886940688, 35.125452528654783 ], [ 129.033943235676475, 35.125450911028693 ], [ 129.033921182222059, 35.125446591042369 ], [ 129.033913718329444, 35.125439020912722 ], [ 129.033893854408973, 35.125423883564721 ], [ 129.033873884868655, 35.125419383037439 ], [ 129.033839908547549, 35.12541819291495 ], [ 129.033806476709259, 35.125299790361815 ], [ 129.033800873228358, 35.125280412570397 ], [ 129.033756530592825, 35.125228234705709 ], [ 129.033745823656261, 35.125150189349462 ], [ 129.033748125697286, 35.125143619008831 ], [ 129.033751565588148, 35.125133819090252 ], [ 129.033749021408653, 35.125104768773951 ], [ 129.033749009823396, 35.125077170464721 ], [ 129.033749441523099, 35.12505905155674 ], [ 129.033762051823345, 35.125045529126368 ], [ 129.033781024664165, 35.125027315247515 ], [ 129.033788316949938, 35.125016839944543 ], [ 129.033790251483055, 35.12499962346147 ], [ 129.033595696030943, 35.124950028386813 ], [ 129.033593764923666, 35.124949578568867 ], [ 129.03359281033579, 35.124949353538298 ], [ 129.033456790187927, 35.124917346375256 ], [ 129.033410599262055, 35.124908976027839 ], [ 129.033340604851162, 35.124913680966884 ], [ 129.033311961598827, 35.124915623941583 ], [ 129.033305330281223, 35.125038168886924 ], [ 129.033291978451331, 35.125128577834005 ], [ 129.033287298543996, 35.125154306044124 ], [ 129.033284316424528, 35.125170674724167 ], [ 129.033283747783059, 35.125172654650299 ], [ 129.033266458316206, 35.125233141918024 ], [ 129.033240390437385, 35.125346720069878 ], [ 129.033224621812309, 35.125427576276174 ], [ 129.03321751199374, 35.125479406354593 ], [ 129.033218052699226, 35.125485887544144 ], [ 129.033222250390111, 35.125535830815103 ], [ 129.03322942510772, 35.12564354076553 ], [ 129.033229108317016, 35.125676170620174 ], [ 129.033222549202122, 35.125735482553559 ], [ 129.0332167517534, 35.125782623819966 ], [ 129.033215888750533, 35.125822644851837 ], [ 129.033224802264868, 35.125890335342149 ], [ 129.033247229302248, 35.126003449527673 ], [ 129.033236268710908, 35.126032746463522 ], [ 129.033186596154138, 35.126099549915565 ], [ 129.033140322479682, 35.126164550408753 ], [ 129.033085075063212, 35.126287690567693 ], [ 129.033084769872573, 35.126288853881512 ], [ 129.033076530819443, 35.126320143203017 ], [ 129.033035912886959, 35.126539003084133 ], [ 129.033044319936238, 35.12655122270435 ], [ 129.033048415298254, 35.126557180159132 ], [ 129.03305783117429, 35.126563793398432 ], [ 129.033065654448421, 35.12656928170999 ], [ 129.033079076174857, 35.126575144626457 ], [ 129.033089357739499, 35.126579639837587 ], [ 129.033100000090599, 35.126580899073581 ], [ 129.033126110316914, 35.126578099211002 ], [ 129.033173722889472, 35.126573038321766 ], [ 129.033307129421445, 35.126568045894665 ], [ 129.033359242800032, 35.126564696927971 ], [ 129.033388766554168, 35.12656625729857 ], [ 129.033391497462816, 35.12656640127959 ], [ 129.033436266662335, 35.126579549210369 ], [ 129.033455686610978, 35.12658387013937 ], [ 129.033497043048925, 35.126570339175416 ], [ 129.033527602430496, 35.126553150814509 ], [ 129.033534554812604, 35.1265492372995 ], [ 129.033570827030388, 35.126522547543381 ], [ 129.033632830024203, 35.126476921897797 ], [ 129.033681638386469, 35.126445271475482 ], [ 129.033728384034447, 35.126435128087969 ], [ 129.033751519172739, 35.126430109920541 ], [ 129.033816913623156, 35.126448299947761 ], [ 129.033897320695843, 35.12641709156577 ], [ 129.033948440851248, 35.126404909189162 ], [ 129.033975206676814, 35.126394355960173 ], [ 129.034029397337719, 35.12634723767497 ], [ 129.034058777957057, 35.126321684514465 ], [ 129.034106508327596, 35.126283246660179 ], [ 129.034144763934734, 35.126252436516346 ], [ 129.034205752810124, 35.126227542542154 ], [ 129.034298765378907, 35.126193455014793 ], [ 129.03431535353775, 35.126223907991935 ], [ 129.034373324362548, 35.126330342670805 ], [ 129.034419875583126, 35.126414787219609 ], [ 129.034436566597691, 35.126446330743896 ], [ 129.034433729117438, 35.126484729514424 ], [ 129.034409158717949, 35.126498707330796 ], [ 129.034390183379458, 35.126510069938092 ], [ 129.034384548739126, 35.126521220314856 ], [ 129.034375054868207, 35.126539998561391 ], [ 129.034367054388696, 35.126559289833246 ], [ 129.034353251968412, 35.12658847949394 ], [ 129.034351706549558, 35.126591743059521 ], [ 129.034329121354887, 35.126630056466666 ], [ 129.034308622437095, 35.126672876774279 ], [ 129.034295573363096, 35.126691448473245 ], [ 129.034275834777958, 35.126714078293745 ], [ 129.03426685323322, 35.12672459932962 ], [ 129.034265745961989, 35.126725888262037 ], [ 129.034262236450331, 35.126730396577322 ], [ 129.034234266510964, 35.126745096303232 ], [ 129.034200484443915, 35.126768450300673 ], [ 129.034139328121995, 35.126816149164874 ], [ 129.034138406665249, 35.126816870376892 ], [ 129.034101885468061, 35.126850410313338 ], [ 129.034078093225361, 35.126887102529281 ], [ 129.034057049357614, 35.126941369376489 ], [ 129.034052234992032, 35.126973729763122 ], [ 129.034032611363017, 35.127011682836383 ], [ 129.034005856866997, 35.127049005799499 ], [ 129.033976583132613, 35.127097417148242 ], [ 129.033969348133553, 35.127112651368634 ], [ 129.033970121905696, 35.127127343309255 ], [ 129.033974403515089, 35.127135094387597 ], [ 129.033978685108565, 35.127142844571715 ], [ 129.033976275039066, 35.127151498110365 ], [ 129.033962238953364, 35.127168357484159 ], [ 129.033952040811329, 35.127181249845044 ], [ 129.033943489057521, 35.127195673938004 ], [ 129.033948761212343, 35.1272103648582 ], [ 129.033954470655772, 35.127221630389492 ], [ 129.033962483038493, 35.127230641586038 ], [ 129.033974775158583, 35.127241274686845 ], [ 129.033995627397587, 35.127258935739498 ], [ 129.034013954331073, 35.12727190967567 ], [ 129.034034695284561, 35.127284163313192 ], [ 129.034058835416772, 35.127293981062323 ], [ 129.034081440473557, 35.12730199694699 ], [ 129.034111724477526, 35.12731154391907 ], [ 129.034143435606182, 35.127320819469844 ], [ 129.034187544633596, 35.127332795280807 ], [ 129.034209270015225, 35.127338378008595 ], [ 129.034217497796561, 35.127337924909021 ], [ 129.034235594017673, 35.127321515390385 ], [ 129.034251056895471, 35.127303844522224 ], [ 129.034258151594997, 35.127295991786248 ], [ 129.034266859112591, 35.127286363165069 ], [ 129.034277476080774, 35.127276553530258 ], [ 129.034298687814413, 35.127260196523835 ], [ 129.034309470392117, 35.127255236356326 ], [ 129.03433184804328, 35.127244927948105 ], [ 129.034355488213208, 35.12723786378006 ], [ 129.034375617408557, 35.127231836775991 ], [ 129.034392863407788, 35.127229660077866 ], [ 129.03440612665247, 35.127227475202922 ], [ 129.03443000174849, 35.127231822515988 ], [ 129.03444327061473, 35.127241634462145 ], [ 129.034452852500124, 35.12725234874673 ], [ 129.034457572154992, 35.127257648167095 ], [ 129.034466814452287, 35.127267983568508 ], [ 129.034472467684481, 35.127274318838175 ], [ 129.034483083565277, 35.12729065783742 ], [ 129.034492383023405, 35.127309187268374 ], [ 129.034499410805893, 35.127323039041428 ], [ 129.034505657759922, 35.127335340905134 ], [ 129.034514462339416, 35.127349192704507 ], [ 129.034521587644264, 35.127360403338606 ], [ 129.034528220954286, 35.127376743137241 ], [ 129.034537520812677, 35.127394181619593 ], [ 129.03454531605189, 35.12740840324151 ], [ 129.034549465948146, 35.127415973850674 ], [ 129.034551741056163, 35.127424752005069 ], [ 129.034554080908094, 35.127433765591071 ], [ 129.03455857542005, 35.127451106233089 ], [ 129.034560564492665, 35.127458794352961 ], [ 129.034566150326384, 35.127487798000182 ], [ 129.034581465499656, 35.127567249098135 ], [ 129.034584075044819, 35.127591512782317 ], [ 129.03458402402299, 35.127600139173197 ], [ 129.034587428126713, 35.127609314173071 ], [ 129.034593711086103, 35.127627158699518 ], [ 129.034596941442175, 35.127637542264843 ], [ 129.034603730150025, 35.127659352913291 ], [ 129.034603949988821, 35.127660074120342 ], [ 129.034605281901662, 35.127669880351135 ], [ 129.034604943816078, 35.12767531597693 ], [ 129.034603613820678, 35.127697138369172 ], [ 129.034603972168327, 35.127715652080994 ], [ 129.034609286506424, 35.127726556528629 ], [ 129.034615917943995, 35.127736361472955 ], [ 129.034623315162435, 35.127742759428571 ], [ 129.034635625631836, 35.127745649167082 ], [ 129.034642451111125, 35.127747252357644 ], [ 129.034662792084532, 35.127748472474458 ], [ 129.034684097670464, 35.12774506863304 ], [ 129.034696372992016, 35.127743100021419 ], [ 129.034709500582977, 35.127737717890135 ], [ 129.034789933758589, 35.127518254982157 ], [ 129.034731243408174, 35.127501573745711 ], [ 129.0347100805227, 35.127495558433068 ], [ 129.034654101071709, 35.127479647022049 ] ] ] } },
{ "type": "Feature", "properties": { "TOT_OA_CD": "21030550010010", "dong": "초량6동", "risk_norm": 1.0, "high_risk": true, "aed_dist_night": 484.74847487008316, "covered_night": false, "gap": true, "elev": 69.0, "인구기준시점": "2026-06", "AED기준시점": "2026-07", "생성일": "2026-07-26" }, "geometry": { "type": "Polygon", "coordinates": [ [ [ 129.036169249642171, 35.123416455217992 ], [ 129.036166540724395, 35.123338821711421 ], [ 129.036189688634352, 35.123287555451071 ], [ 129.036240350212069, 35.123207896536826 ], [ 129.036209791983737, 35.123194781332053 ], [ 129.036181174844671, 35.12315746380748 ], [ 129.036169785124173, 35.123125676589162 ], [ 129.036174278307811, 35.122986802423718 ], [ 129.036170836736375, 35.122940978178121 ], [ 129.036160585003728, 35.122904981301495 ], [ 129.036145200742965, 35.122870382077572 ], [ 129.036128688489725, 35.122840930061116 ], [ 129.036100214905474, 35.122804001064274 ], [ 129.036054462693869, 35.122767517426077 ], [ 129.036008849695918, 35.122748205945463 ], [ 129.035992148876801, 35.12274114339133 ], [ 129.035989866903634, 35.122740179638967 ], [ 129.035988363540866, 35.122739540532642 ], [ 129.035987518234634, 35.122739170747295 ], [ 129.035980266149181, 35.122736099805195 ], [ 129.035928716553798, 35.12271428313808 ], [ 129.035797374839404, 35.122661681319613 ], [ 129.035771941123301, 35.122651520597586 ], [ 129.035676128999967, 35.122613222416483 ], [ 129.035601077521648, 35.122583948605936 ], [ 129.035591905048392, 35.122580292480741 ], [ 129.035589632888417, 35.122579382697964 ], [ 129.03550917269439, 35.12254725347313 ], [ 129.035382451492865, 35.122496642044176 ], [ 129.035379784670852, 35.122495578564305 ], [ 129.035345308971756, 35.122481806799946 ], [ 129.035274537520962, 35.122453703873511 ], [ 129.035252855292214, 35.122444389891179 ], [ 129.035147474253364, 35.122399116809007 ], [ 129.035095899447583, 35.122366051504102 ], [ 129.035088623549541, 35.122361005395199 ], [ 129.035069595394049, 35.122347806053632 ], [ 129.035014155897642, 35.122310072441124 ], [ 129.035004477233457, 35.122303062363351 ], [ 129.03499765159961, 35.122297917647352 ], [ 129.034991384675152, 35.122291375548976 ], [ 129.034986686303512, 35.122285382525746 ], [ 129.034986257872134, 35.122284832559778 ], [ 129.034930837212414, 35.122211603846594 ], [ 129.03489867405014, 35.122163570128443 ], [ 129.034844063037724, 35.122083012746664 ], [ 129.034843338425901, 35.122081939960715 ], [ 129.034801772047388, 35.122032854129863 ], [ 129.034786398135225, 35.122020699400082 ], [ 129.034600182116549, 35.121909829196539 ], [ 129.034539917734605, 35.121873953367633 ], [ 129.03453682301199, 35.121871312960899 ], [ 129.034535703804181, 35.121872196301986 ], [ 129.0345108980909, 35.121895142777802 ], [ 129.034458409783127, 35.121911219637141 ], [ 129.034440979493155, 35.121916560600809 ], [ 129.034313559686382, 35.121950251641735 ], [ 129.034223567584519, 35.121976505518916 ], [ 129.034221604240059, 35.121977083085881 ], [ 129.034113326138026, 35.12200764186661 ], [ 129.034077290626072, 35.122015943925 ], [ 129.034046034008497, 35.122038107307752 ], [ 129.033987433869186, 35.122079973639806 ], [ 129.033969139856964, 35.122092859387777 ], [ 129.03393564603914, 35.122116447661092 ], [ 129.03385935513208, 35.122197878928141 ], [ 129.033812982331654, 35.122252243689758 ], [ 129.033810151387797, 35.122250387030533 ], [ 129.03379428344283, 35.122239971329812 ], [ 129.033759849279079, 35.122217392502684 ], [ 129.033758567057305, 35.122216545891199 ], [ 129.033704127431349, 35.122267460300876 ], [ 129.0336898711993, 35.122280263365177 ], [ 129.033664758602185, 35.122304066489569 ], [ 129.033643045271134, 35.12232498286555 ], [ 129.033629118621207, 35.122340850858315 ], [ 129.033594794570689, 35.122374661236918 ], [ 129.033575404352462, 35.122394992842736 ], [ 129.033574505771043, 35.122395938284349 ], [ 129.03353502678425, 35.122436511100169 ], [ 129.033513302248991, 35.1224581218707 ], [ 129.033512547040289, 35.122458870724792 ], [ 129.033476138182436, 35.122494393511417 ], [ 129.033449269552563, 35.12252035924994 ], [ 129.033444674679231, 35.122524741534512 ], [ 129.033439618281676, 35.122529557037844 ], [ 129.033444562230954, 35.122544968917929 ], [ 129.033460253583314, 35.122554158863736 ], [ 129.033485931110505, 35.122569204675017 ], [ 129.033524776924651, 35.122591908076807 ], [ 129.033526181747362, 35.122592736011029 ], [ 129.033546501802675, 35.122604791334197 ], [ 129.033578216901674, 35.122623982091362 ], [ 129.033597747887342, 35.122637498057998 ], [ 129.033598911958336, 35.12263824522018 ], [ 129.033617171406178, 35.122650021844443 ], [ 129.033637913212544, 35.122663265558245 ], [ 129.033650200254556, 35.122669572844458 ], [ 129.033671380314075, 35.122681373821855 ], [ 129.033674187854956, 35.122682977400295 ], [ 129.033723062275072, 35.122710925627182 ], [ 129.033747203718775, 35.122725159556282 ], [ 129.033750046537449, 35.122726773520505 ], [ 129.033775953489794, 35.122741466544248 ], [ 129.033757861280634, 35.122764365764517 ], [ 129.033739328637466, 35.12278636534316 ], [ 129.033719472184941, 35.122809166061252 ], [ 129.03371860424599, 35.122810165217707 ], [ 129.033700071162826, 35.122830271376806 ], [ 129.03368011508158, 35.122853260899504 ], [ 129.033658149729064, 35.122877189178475 ], [ 129.033652040765105, 35.122883284773884 ], [ 129.03364359651178, 35.122891307814399 ], [ 129.033616838253522, 35.122915202091953 ], [ 129.033596769127712, 35.122934857028774 ], [ 129.033566939073239, 35.122964068225606 ], [ 129.033550489371123, 35.122982099529722 ], [ 129.033536782766987, 35.122998238777946 ], [ 129.033520883432914, 35.123017530804027 ], [ 129.033507069078098, 35.12303330900388 ], [ 129.033493470382865, 35.123054854774033 ], [ 129.033470556866121, 35.123087040305045 ], [ 129.033465101655025, 35.123131874560649 ], [ 129.033477221913785, 35.123130628422544 ], [ 129.033541120432204, 35.123143627136564 ], [ 129.033546871517046, 35.123145193501486 ], [ 129.033552018263606, 35.123146597986505 ], [ 129.033675737205897, 35.123180366592415 ], [ 129.033689167529673, 35.123186599867751 ], [ 129.033703016589527, 35.123192808031021 ], [ 129.033715142190516, 35.123200275051289 ], [ 129.03381516998266, 35.123276189117568 ], [ 129.033824264796351, 35.123279918483952 ], [ 129.033833988140771, 35.12328334056388 ], [ 129.033834876373277, 35.123283655684951 ], [ 129.033848515702687, 35.123288627685973 ], [ 129.033859113392111, 35.123289869404211 ], [ 129.03387730356377, 35.123289864575845 ], [ 129.033889589793205, 35.123288219561736 ], [ 129.033904573154899, 35.123283637250687 ], [ 129.033919997706505, 35.12328256922568 ], [ 129.033944462004513, 35.123280887302506 ], [ 129.033978799674429, 35.123281146880622 ], [ 129.034062949339244, 35.123290859547616 ], [ 129.034076061254154, 35.123294038538369 ], [ 129.034089424536916, 35.123297279281161 ], [ 129.034093778744761, 35.123299901070958 ], [ 129.034174299569202, 35.123348300121549 ], [ 129.034183384260103, 35.123350785389199 ], [ 129.034425735338971, 35.123366871728145 ], [ 129.034511346593519, 35.123370954793657 ], [ 129.034643443088839, 35.123375970182714 ], [ 129.034696103042478, 35.123376946929007 ], [ 129.034726596968994, 35.123367925937153 ], [ 129.034860949306534, 35.123374676066327 ], [ 129.034862225585385, 35.123389358031986 ], [ 129.034867089526728, 35.1234193184155 ], [ 129.03486754933607, 35.123422185135865 ], [ 129.034871772405637, 35.123448287520951 ], [ 129.034876536498956, 35.123558431636404 ], [ 129.034872559671612, 35.123626043666697 ], [ 129.034872243275316, 35.123631406863034 ], [ 129.034867819772046, 35.123706798293902 ], [ 129.034859382452311, 35.123784435065645 ], [ 129.034858846778462, 35.123789338544412 ], [ 129.034922819639235, 35.123794097515592 ], [ 129.035039951049384, 35.123812353779314 ], [ 129.03511832793501, 35.12384095012537 ], [ 129.035202514341137, 35.123860008582561 ], [ 129.035233892193162, 35.123866445297494 ], [ 129.035247355267956, 35.123869207671575 ], [ 129.035266380378829, 35.123873105977218 ], [ 129.035331716120368, 35.123938075373793 ], [ 129.035377876922098, 35.123978651063744 ], [ 129.035379007408693, 35.12397912812574 ], [ 129.035466536353141, 35.124016293532051 ], [ 129.035525544899912, 35.124032339291645 ], [ 129.035526137406038, 35.124032510322408 ], [ 129.035630273865962, 35.124063154779357 ], [ 129.035675046556349, 35.124087064428124 ], [ 129.035714023680271, 35.1240551987717 ], [ 129.035790648051801, 35.123987800277639 ], [ 129.03588123771101, 35.123917829131216 ], [ 129.035908272934932, 35.123896954899578 ], [ 129.035949265822097, 35.123862520156941 ], [ 129.036082885622022, 35.123744368421654 ], [ 129.036090946080918, 35.123737245352146 ], [ 129.036092744370677, 35.123735532028114 ], [ 129.036142617999076, 35.123688169104241 ], [ 129.036182695001628, 35.123609063652118 ], [ 129.036184899106104, 35.12358303131326 ], [ 129.036188020675979, 35.123546075124104 ], [ 129.036187121713539, 35.123519710668191 ], [ 129.036175500296139, 35.123461855267706 ], [ 129.036176274863067, 35.123451092782211 ], [ 129.036169249642171, 35.123416455217992 ] ] ] } },
{ "type": "Feature", "properties": { "TOT_OA_CD": "21030550010008", "dong": "초량6동", "risk_norm": 0.63351916381529938, "high_risk": true, "aed_dist_night": 297.94242697373477, "covered_night": false, "gap": true, "elev": 63.0, "인구기준시점": "2026-06", "AED기준시점": "2026-07", "생성일": "2026-07-26" }, "geometry": { "type": "Polygon", "coordinates": [ [ [ 129.033227811905476, 35.120612985125533 ], [ 129.03318147764557, 35.120572769582765 ], [ 129.033171209447943, 35.120573105958393 ], [ 129.033139790722061, 35.120546551439936 ], [ 129.033129475223546, 35.12053645852091 ], [ 129.033104562095332, 35.120512038756061 ], [ 129.03309370246555, 35.120512491704766 ], [ 129.03303360902126, 35.120575242576479 ], [ 129.033022463555682, 35.120577426604207 ], [ 129.032848269648326, 35.120473490044226 ], [ 129.03293646393945, 35.120370443130426 ], [ 129.032849355786283, 35.1203036929451 ], [ 129.032916676450753, 35.120237847499787 ], [ 129.032920151247311, 35.120226400788702 ], [ 129.032929429856779, 35.120192055371803 ], [ 129.032936469846561, 35.120186754091343 ], [ 129.032943358236622, 35.120181561074183 ], [ 129.033075221488332, 35.120154205949063 ], [ 129.033078763746147, 35.120150166970085 ], [ 129.03310675759181, 35.12011828693695 ], [ 129.032874671498291, 35.120005884458692 ], [ 129.032460832646478, 35.119789502909043 ], [ 129.0323987842051, 35.119759188052285 ], [ 129.032289409003738, 35.119728651144598 ], [ 129.032288928030226, 35.119728514766408 ], [ 129.032213542930492, 35.119707470281782 ], [ 129.032210711744739, 35.119678113398258 ], [ 129.032204113531719, 35.119630305639035 ], [ 129.032112876090736, 35.119636783234583 ], [ 129.032103628052226, 35.119637443818903 ], [ 129.032097452034776, 35.119638077292791 ], [ 129.032091430526663, 35.11963869980179 ], [ 129.032079220114014, 35.119637450348037 ], [ 129.032068545685291, 35.119638705095483 ], [ 129.032054822439505, 35.119638709094552 ], [ 129.032042622571453, 35.119636205363264 ], [ 129.031891756980428, 35.119601018213032 ], [ 129.031792983444348, 35.119577978095279 ], [ 129.031791359984055, 35.119577600127641 ], [ 129.031527019618977, 35.119515941743323 ], [ 129.031522488769525, 35.119514888216472 ], [ 129.031356505372742, 35.119476169575385 ], [ 129.031173298969719, 35.119433436141364 ], [ 129.031081074880348, 35.119410347836208 ], [ 129.031077803773314, 35.119409529039899 ], [ 129.031061941065417, 35.119405558564594 ], [ 129.031057330413319, 35.119404405047767 ], [ 129.031003956212459, 35.119391042090967 ], [ 129.030599691694675, 35.119298000491334 ], [ 129.030587866495807, 35.119295282696015 ], [ 129.030496395118575, 35.119274226609221 ], [ 129.030487721770811, 35.119272231787477 ], [ 129.030377407668936, 35.119247453663746 ], [ 129.030079796455283, 35.119180588895468 ], [ 129.030074957830237, 35.119179507626171 ], [ 129.030012684823902, 35.119165569562625 ], [ 129.030004599627262, 35.119164687078644 ], [ 129.029989812471484, 35.119163068704744 ], [ 129.029981573137661, 35.119161511945741 ], [ 129.029969985937043, 35.119159314939047 ], [ 129.029960542210091, 35.119158722794545 ], [ 129.029950163478475, 35.119158066717986 ], [ 129.02994357043309, 35.119157348402133 ], [ 129.029936077892671, 35.119156528767078 ], [ 129.029927279110922, 35.119155567822823 ], [ 129.029918129574753, 35.119155568833605 ], [ 129.02991050646753, 35.119155570384393 ], [ 129.0299059317081, 35.119155571353446 ], [ 129.029895258010441, 35.119155574441471 ], [ 129.029884581733342, 35.119154322560199 ], [ 129.029873908447911, 35.119155578887955 ], [ 129.029863235880754, 35.119155581993297 ], [ 129.029852562183578, 35.119155585111919 ], [ 129.029841887364256, 35.119155586420923 ], [ 129.029831213708889, 35.119155589537151 ], [ 129.029823522944668, 35.119156492645381 ], [ 129.029809855015685, 35.119158098758405 ], [ 129.029791557902058, 35.119160609913209 ], [ 129.029776309880788, 35.119165625148682 ], [ 129.02976716151602, 35.119169384979557 ], [ 129.029754965221002, 35.119174401345973 ], [ 129.029708875104006, 35.119193357178382 ], [ 129.029725856451961, 35.119221477045656 ], [ 129.029732389102776, 35.119234869240849 ], [ 129.029793870650792, 35.119310470007662 ], [ 129.029818562299823, 35.119338315813692 ], [ 129.029834300414251, 35.119355051311381 ], [ 129.02984011641189, 35.119363097855974 ], [ 129.029847996262049, 35.119369019386774 ], [ 129.029947896565318, 35.11944982878174 ], [ 129.029962689755223, 35.119462211461453 ], [ 129.029989877688223, 35.119478544499032 ], [ 129.030021962877385, 35.11949457318903 ], [ 129.0300264379091, 35.119496808599635 ], [ 129.03003060718828, 35.119498889176647 ], [ 129.030133954039059, 35.119550512836717 ], [ 129.030135172395234, 35.119551115959744 ], [ 129.030139483714265, 35.119553279520566 ], [ 129.030412578388649, 35.119678501633679 ], [ 129.030489910073015, 35.119717340411071 ], [ 129.030506696903416, 35.119725774010647 ], [ 129.030523736453119, 35.119734812088346 ], [ 129.030562499348832, 35.11975536807612 ], [ 129.030564421180003, 35.119756387866225 ], [ 129.030690726821462, 35.11983238751354 ], [ 129.030933890329095, 35.120000432798292 ], [ 129.031086012679708, 35.120102695418751 ], [ 129.031227155455554, 35.12019757620137 ], [ 129.031548716539561, 35.120413739737977 ], [ 129.031729784082614, 35.12053545957945 ], [ 129.031890626841658, 35.120643580549093 ], [ 129.032025042373789, 35.120733938169273 ], [ 129.032177601918875, 35.120836490492081 ], [ 129.0323342983705, 35.120941825879356 ], [ 129.032335671938426, 35.120942746192718 ], [ 129.032337785753384, 35.120944168377179 ], [ 129.032484249322209, 35.121042099962516 ], [ 129.032484860630376, 35.121042514176651 ], [ 129.032670968137637, 35.121166944898903 ], [ 129.032675215425172, 35.121169782644223 ], [ 129.032815673540682, 35.121264118389412 ], [ 129.032849817487488, 35.121287175425707 ], [ 129.03289897554356, 35.121240073494754 ], [ 129.032974772947028, 35.121165036117716 ], [ 129.032929842855566, 35.12112814591444 ], [ 129.032830014469454, 35.121059641619446 ], [ 129.032918526089276, 35.120980405988348 ], [ 129.032918975405181, 35.12097334786467 ], [ 129.033056444259387, 35.120840245230461 ], [ 129.033141467598369, 35.120767310786626 ], [ 129.033217254873165, 35.120692352701496 ], [ 129.033229156157205, 35.120660820490002 ], [ 129.033227811905476, 35.120612985125533 ] ] ] } },
{ "type": "Feature", "properties": { "TOT_OA_CD": "21030550010009", "dong": "초량6동", "risk_norm": 0.69229568870755664, "high_risk": true, "aed_dist_night": 354.96286870230483, "covered_night": false, "gap": true, "elev": 53.0, "인구기준시점": "2026-06", "AED기준시점": "2026-07", "생성일": "2026-07-26" }, "geometry": { "type": "Polygon", "coordinates": [ [ [ 129.035225690323756, 35.12148323126798 ], [ 129.035227588219584, 35.121483086398406 ], [ 129.035235279434687, 35.121486410604582 ], [ 129.035243739604368, 35.121490067666265 ], [ 129.035265847447789, 35.121497047382377 ], [ 129.035292209461829, 35.121494948957896 ], [ 129.035389117669155, 35.121457893654309 ], [ 129.035395063376711, 35.121455098142235 ], [ 129.035419511495576, 35.121444518084807 ], [ 129.03540624229143, 35.121423825510824 ], [ 129.035343513663406, 35.121325992537791 ], [ 129.035221115601814, 35.121138183160532 ], [ 129.035012970052037, 35.120835761790374 ], [ 129.03494686545497, 35.120736504418701 ], [ 129.034937427227504, 35.120722354995536 ], [ 129.034869541792489, 35.120620583892027 ], [ 129.034869004241273, 35.12061977291625 ], [ 129.034857006494747, 35.120601793398279 ], [ 129.034844997269801, 35.120583201778238 ], [ 129.034731426164115, 35.120407314834708 ], [ 129.034728977804946, 35.120403502252465 ], [ 129.034631477381936, 35.120251694920746 ], [ 129.034612661505946, 35.120219242392814 ], [ 129.034590886605258, 35.120169384661857 ], [ 129.034589503462627, 35.120166374548809 ], [ 129.034784772805494, 35.120105505806428 ], [ 129.034761330537094, 35.120051647129223 ], [ 129.034620323415794, 35.119930093592536 ], [ 129.034487688266239, 35.119810996257605 ], [ 129.034476064850026, 35.119800561148125 ], [ 129.034435578156859, 35.119780472759828 ], [ 129.034364708983048, 35.119723670276429 ], [ 129.034334338993034, 35.119684874164605 ], [ 129.034325612290559, 35.119677932213165 ], [ 129.034212642669672, 35.119588057593965 ], [ 129.034188936564476, 35.119569196544688 ], [ 129.033996230882451, 35.119732395073143 ], [ 129.033995848227875, 35.11973206182455 ], [ 129.03387960044904, 35.119632374630186 ], [ 129.033734470340676, 35.119510523252337 ], [ 129.03371683841263, 35.119530836204447 ], [ 129.033652529472391, 35.119581607736734 ], [ 129.033651069747691, 35.119582763170158 ], [ 129.033627096540869, 35.11960168763639 ], [ 129.033614320672029, 35.119611777880451 ], [ 129.033528202636148, 35.119691851065603 ], [ 129.03348924739106, 35.119751692903769 ], [ 129.033466219012809, 35.119855626899515 ], [ 129.033432765844282, 35.119900432269475 ], [ 129.033430472527954, 35.119898973613154 ], [ 129.033421320743173, 35.119892710476805 ], [ 129.03336946271898, 35.119863909041776 ], [ 129.033360312048217, 35.11985764681522 ], [ 129.03334962552637, 35.119852637387204 ], [ 129.033338948958516, 35.119847629655155 ], [ 129.033237117579375, 35.11980450807237 ], [ 129.033225629854769, 35.119799488959067 ], [ 129.033218202029957, 35.119796741927225 ], [ 129.033206801624686, 35.119792517823669 ], [ 129.033195577647803, 35.119787517933005 ], [ 129.033017542339735, 35.119734529110737 ], [ 129.032781379596315, 35.119664229365604 ], [ 129.032779207897818, 35.119663581543115 ], [ 129.032775377533994, 35.11966249124135 ], [ 129.032739557490601, 35.119652316051017 ], [ 129.032574835070875, 35.11961476244241 ], [ 129.032562635621019, 35.119613512898802 ], [ 129.032548911953313, 35.119612262818706 ], [ 129.032538237142006, 35.119612265260308 ], [ 129.032526037692946, 35.119611015712977 ], [ 129.032493731181518, 35.119611023947662 ], [ 129.032483341663919, 35.119611027316637 ], [ 129.032475717390469, 35.119611029044179 ], [ 129.03247073770595, 35.119611381440357 ], [ 129.032466503341794, 35.119611689260715 ], [ 129.032411334651499, 35.119615607432372 ], [ 129.032409393777272, 35.119615742001123 ], [ 129.032206087318997, 35.11963017162045 ], [ 129.032204113531719, 35.119630305639035 ], [ 129.032210711744739, 35.119678113398258 ], [ 129.032213542930492, 35.119707470281782 ], [ 129.032288928030226, 35.119728514766408 ], [ 129.032289409003738, 35.119728651144598 ], [ 129.0323987842051, 35.119759188052285 ], [ 129.032460832646478, 35.119789502909043 ], [ 129.032874671498291, 35.120005884458692 ], [ 129.03310675759181, 35.12011828693695 ], [ 129.033078763746147, 35.120150166970085 ], [ 129.033075221488332, 35.120154205949063 ], [ 129.032943358236622, 35.120181561074183 ], [ 129.032936469846561, 35.120186754091343 ], [ 129.032929429856779, 35.120192055371803 ], [ 129.032920151247311, 35.120226400788702 ], [ 129.032916676450753, 35.120237847499787 ], [ 129.032849355786283, 35.1203036929451 ], [ 129.03293646393945, 35.120370443130426 ], [ 129.032848269648326, 35.120473490044226 ], [ 129.033022463555682, 35.120577426604207 ], [ 129.03303360902126, 35.120575242576479 ], [ 129.03309370246555, 35.120512491704766 ], [ 129.033104562095332, 35.120512038756061 ], [ 129.033129475223546, 35.12053645852091 ], [ 129.033139790722061, 35.120546551439936 ], [ 129.033171209447943, 35.120573105958393 ], [ 129.03318147764557, 35.120572769582765 ], [ 129.033227811905476, 35.120612985125533 ], [ 129.033229156157205, 35.120660820490002 ], [ 129.033217254873165, 35.120692352701496 ], [ 129.033141467598369, 35.120767310786626 ], [ 129.033056444259387, 35.120840245230461 ], [ 129.032918975405181, 35.12097334786467 ], [ 129.032918526089276, 35.120980405988348 ], [ 129.032830014469454, 35.121059641619446 ], [ 129.032929842855566, 35.12112814591444 ], [ 129.032974772947028, 35.121165036117716 ], [ 129.03289897554356, 35.121240073494754 ], [ 129.032849817487488, 35.121287175425707 ], [ 129.032937367458914, 35.121346291425894 ], [ 129.033116453242201, 35.121470721870161 ], [ 129.033212670506401, 35.121540842235909 ], [ 129.033232840453394, 35.121556262554407 ], [ 129.033317303066553, 35.121620827908295 ], [ 129.033358204740523, 35.121653419511198 ], [ 129.033364306897028, 35.121659493135532 ], [ 129.033376235551486, 35.121668466560998 ], [ 129.033393542555132, 35.121690564371391 ], [ 129.033401228182299, 35.12170161288293 ], [ 129.033407003326062, 35.121712662146308 ], [ 129.03352869654384, 35.12195500570764 ], [ 129.03357804302621, 35.122044569889134 ], [ 129.033580402650927, 35.12204885876865 ], [ 129.033592698912827, 35.122071173218394 ], [ 129.033610876199646, 35.122095432850848 ], [ 129.033632211798079, 35.122115420373184 ], [ 129.033715515416816, 35.122184317052138 ], [ 129.03375343073165, 35.122213175738715 ], [ 129.033758567057305, 35.122216545891199 ], [ 129.033759849279079, 35.122217392502684 ], [ 129.03379428344283, 35.122239971329812 ], [ 129.033810151387797, 35.122250387030533 ], [ 129.033812982331654, 35.122252243689758 ], [ 129.03385935513208, 35.122197878928141 ], [ 129.03393564603914, 35.122116447661092 ], [ 129.033969139856964, 35.122092859387777 ], [ 129.033987433869186, 35.122079973639806 ], [ 129.034046034008497, 35.122038107307752 ], [ 129.034077290626072, 35.122015943925 ], [ 129.034113326138026, 35.12200764186661 ], [ 129.034221604240059, 35.121977083085881 ], [ 129.034223567584519, 35.121976505518916 ], [ 129.034313559686382, 35.121950251641735 ], [ 129.034440979493155, 35.121916560600809 ], [ 129.034458409783127, 35.121911219637141 ], [ 129.0345108980909, 35.121895142777802 ], [ 129.034535703804181, 35.121872196301986 ], [ 129.03453682301199, 35.121871312960899 ], [ 129.034498928566677, 35.121838892868901 ], [ 129.034481815058342, 35.121814902963237 ], [ 129.03446726285469, 35.12177277711146 ], [ 129.03447287877168, 35.121771468988747 ], [ 129.034482619895329, 35.121770114030056 ], [ 129.034524217173072, 35.121762657472253 ], [ 129.034580580195126, 35.121752547117076 ], [ 129.034690717689159, 35.12173701322601 ], [ 129.034787460630042, 35.121720600277236 ], [ 129.034873920150176, 35.121697050513241 ], [ 129.034877310168923, 35.121696130290502 ], [ 129.034878835005429, 35.121695751216926 ], [ 129.034946636375224, 35.121678714746949 ], [ 129.034981076737353, 35.121661850187628 ], [ 129.034998514484272, 35.121646972653124 ], [ 129.035015179792566, 35.121624614250791 ], [ 129.035064093684838, 35.121589176974538 ], [ 129.035102041520105, 35.121562215814826 ], [ 129.035209728626114, 35.121484488375543 ], [ 129.035225690323756, 35.12148323126798 ] ] ] } },
{ "type": "Feature", "properties": { "TOT_OA_CD": "21030550010006", "dong": "초량6동", "risk_norm": 0.84201474580156388, "high_risk": true, "aed_dist_night": 784.44747908278168, "covered_night": false, "gap": true, "elev": 143.0, "인구기준시점": "2026-06", "AED기준시점": "2026-07", "생성일": "2026-07-26" }, "geometry": { "type": "Polygon", "coordinates": [ [ [ 129.034703207438099, 35.127754890424683 ], [ 129.034709500582977, 35.127737717890135 ], [ 129.034696372992016, 35.127743100021419 ], [ 129.034684097670464, 35.12774506863304 ], [ 129.034662792084532, 35.127748472474458 ], [ 129.034642451111125, 35.127747252357644 ], [ 129.034635625631836, 35.127745649167082 ], [ 129.034623315162435, 35.127742759428571 ], [ 129.034615917943995, 35.127736361472955 ], [ 129.034609286506424, 35.127726556528629 ], [ 129.034603972168327, 35.127715652080994 ], [ 129.034603613820678, 35.127697138369172 ], [ 129.034604943816078, 35.12767531597693 ], [ 129.034605281901662, 35.127669880351135 ], [ 129.034603949988821, 35.127660074120342 ], [ 129.034603730150025, 35.127659352913291 ], [ 129.034596941442175, 35.127637542264843 ], [ 129.034593711086103, 35.127627158699518 ], [ 129.034587428126713, 35.127609314173071 ], [ 129.03458402402299, 35.127600139173197 ], [ 129.034584075044819, 35.127591512782317 ], [ 129.034581465499656, 35.127567249098135 ], [ 129.034566150326384, 35.127487798000182 ], [ 129.034560564492665, 35.127458794352961 ], [ 129.03455857542005, 35.127451106233089 ], [ 129.034554080908094, 35.127433765591071 ], [ 129.034551741056163, 35.127424752005069 ], [ 129.034549465948146, 35.127415973850674 ], [ 129.03454531605189, 35.12740840324151 ], [ 129.034537520812677, 35.127394181619593 ], [ 129.034528220954286, 35.127376743137241 ], [ 129.034521587644264, 35.127360403338606 ], [ 129.034514462339416, 35.127349192704507 ], [ 129.034505657759922, 35.127335340905134 ], [ 129.034499410805893, 35.127323039041428 ], [ 129.034492383023405, 35.127309187268374 ], [ 129.034483083565277, 35.12729065783742 ], [ 129.034472467684481, 35.127274318838175 ], [ 129.034466814452287, 35.127267983568508 ], [ 129.034457572154992, 35.127257648167095 ], [ 129.034452852500124, 35.12725234874673 ], [ 129.03444327061473, 35.127241634462145 ], [ 129.03443000174849, 35.127231822515988 ], [ 129.03440612665247, 35.127227475202922 ], [ 129.034392863407788, 35.127229660077866 ], [ 129.034375617408557, 35.127231836775991 ], [ 129.034355488213208, 35.12723786378006 ], [ 129.03433184804328, 35.127244927948105 ], [ 129.034309470392117, 35.127255236356326 ], [ 129.034298687814413, 35.127260196523835 ], [ 129.034277476080774, 35.127276553530258 ], [ 129.034266859112591, 35.127286363165069 ], [ 129.034258151594997, 35.127295991786248 ], [ 129.034251056895471, 35.127303844522224 ], [ 129.034235594017673, 35.127321515390385 ], [ 129.034217497796561, 35.127337924909021 ], [ 129.034209270015225, 35.127338378008595 ], [ 129.034187544633596, 35.127332795280807 ], [ 129.034143435606182, 35.127320819469844 ], [ 129.034111724477526, 35.12731154391907 ], [ 129.034081440473557, 35.12730199694699 ], [ 129.034058835416772, 35.127293981062323 ], [ 129.034034695284561, 35.127284163313192 ], [ 129.034013954331073, 35.12727190967567 ], [ 129.033995627397587, 35.127258935739498 ], [ 129.033974775158583, 35.127241274686845 ], [ 129.033962483038493, 35.127230641586038 ], [ 129.033954470655772, 35.127221630389492 ], [ 129.033948761212343, 35.1272103648582 ], [ 129.033943489057521, 35.127195673938004 ], [ 129.033952040811329, 35.127181249845044 ], [ 129.033962238953364, 35.127168357484159 ], [ 129.033976275039066, 35.127151498110365 ], [ 129.033978685108565, 35.127142844571715 ], [ 129.033974403515089, 35.127135094387597 ], [ 129.033970121905696, 35.127127343309255 ], [ 129.033969348133553, 35.127112651368634 ], [ 129.033976583132613, 35.127097417148242 ], [ 129.034005856866997, 35.127049005799499 ], [ 129.034032611363017, 35.127011682836383 ], [ 129.034052234992032, 35.126973729763122 ], [ 129.034057049357614, 35.126941369376489 ], [ 129.034078093225361, 35.126887102529281 ], [ 129.034101885468061, 35.126850410313338 ], [ 129.034138406665249, 35.126816870376892 ], [ 129.034139328121995, 35.126816149164874 ], [ 129.034200484443915, 35.126768450300673 ], [ 129.034234266510964, 35.126745096303232 ], [ 129.034262236450331, 35.126730396577322 ], [ 129.034265745961989, 35.126725888262037 ], [ 129.03426685323322, 35.12672459932962 ], [ 129.034275834777958, 35.126714078293745 ], [ 129.034295573363096, 35.126691448473245 ], [ 129.034308622437095, 35.126672876774279 ], [ 129.034329121354887, 35.126630056466666 ], [ 129.034351706549558, 35.126591743059521 ], [ 129.034353251968412, 35.12658847949394 ], [ 129.034367054388696, 35.126559289833246 ], [ 129.034375054868207, 35.126539998561391 ], [ 129.034384548739126, 35.126521220314856 ], [ 129.034390183379458, 35.126510069938092 ], [ 129.034409158717949, 35.126498707330796 ], [ 129.034433729117438, 35.126484729514424 ], [ 129.034436566597691, 35.126446330743896 ], [ 129.034419875583126, 35.126414787219609 ], [ 129.034373324362548, 35.126330342670805 ], [ 129.03431535353775, 35.126223907991935 ], [ 129.034298765378907, 35.126193455014793 ], [ 129.034205752810124, 35.126227542542154 ], [ 129.034144763934734, 35.126252436516346 ], [ 129.034106508327596, 35.126283246660179 ], [ 129.034058777957057, 35.126321684514465 ], [ 129.034029397337719, 35.12634723767497 ], [ 129.033975206676814, 35.126394355960173 ], [ 129.033948440851248, 35.126404909189162 ], [ 129.033897320695843, 35.12641709156577 ], [ 129.033816913623156, 35.126448299947761 ], [ 129.033751519172739, 35.126430109920541 ], [ 129.033728384034447, 35.126435128087969 ], [ 129.033681638386469, 35.126445271475482 ], [ 129.033632830024203, 35.126476921897797 ], [ 129.033570827030388, 35.126522547543381 ], [ 129.033534554812604, 35.1265492372995 ], [ 129.033527602430496, 35.126553150814509 ], [ 129.033497043048925, 35.126570339175416 ], [ 129.033455686610978, 35.12658387013937 ], [ 129.033436266662335, 35.126579549210369 ], [ 129.033391497462816, 35.12656640127959 ], [ 129.033388766554168, 35.12656625729857 ], [ 129.033359242800032, 35.126564696927971 ], [ 129.033307129421445, 35.126568045894665 ], [ 129.033173722889472, 35.126573038321766 ], [ 129.033126110316914, 35.126578099211002 ], [ 129.033100000090599, 35.126580899073581 ], [ 129.033089357739499, 35.126579639837587 ], [ 129.033079076174857, 35.126575144626457 ], [ 129.033065654448421, 35.12656928170999 ], [ 129.03305783117429, 35.126563793398432 ], [ 129.033048415298254, 35.126557180159132 ], [ 129.033044319936238, 35.12655122270435 ], [ 129.033035912886959, 35.126539003084133 ], [ 129.033076530819443, 35.126320143203017 ], [ 129.033084769872573, 35.126288853881512 ], [ 129.033085075063212, 35.126287690567693 ], [ 129.033140322479682, 35.126164550408753 ], [ 129.033186596154138, 35.126099549915565 ], [ 129.033236268710908, 35.126032746463522 ], [ 129.033247229302248, 35.126003449527673 ], [ 129.033224802264868, 35.125890335342149 ], [ 129.033215888750533, 35.125822644851837 ], [ 129.0332167517534, 35.125782623819966 ], [ 129.033222549202122, 35.125735482553559 ], [ 129.033229108317016, 35.125676170620174 ], [ 129.03322942510772, 35.12564354076553 ], [ 129.033222250390111, 35.125535830815103 ], [ 129.033218052699226, 35.125485887544144 ], [ 129.03321751199374, 35.125479406354593 ], [ 129.033224621812309, 35.125427576276174 ], [ 129.033240390437385, 35.125346720069878 ], [ 129.033266458316206, 35.125233141918024 ], [ 129.033283747783059, 35.125172654650299 ], [ 129.033284316424528, 35.125170674724167 ], [ 129.033287298543996, 35.125154306044124 ], [ 129.033291978451331, 35.125128577834005 ], [ 129.033305330281223, 35.125038168886924 ], [ 129.033311961598827, 35.124915623941583 ], [ 129.033340604851162, 35.124913680966884 ], [ 129.033410599262055, 35.124908976027839 ], [ 129.033456790187927, 35.124917346375256 ], [ 129.03359281033579, 35.124949353538298 ], [ 129.033593764923666, 35.124949578568867 ], [ 129.033595696030943, 35.124950028386813 ], [ 129.033790251483055, 35.12499962346147 ], [ 129.0338048221939, 35.125003333111437 ], [ 129.033971817973423, 35.125046102568774 ], [ 129.033990426263557, 35.125051226230667 ], [ 129.034044452899167, 35.125066093358669 ], [ 129.034125823539398, 35.125088442991363 ], [ 129.034128741217728, 35.12508924457638 ], [ 129.03424856325077, 35.124779234413062 ], [ 129.03427579171651, 35.124803320754275 ], [ 129.034281179251565, 35.124805680578071 ], [ 129.034287248009292, 35.124782577402854 ], [ 129.03430248282595, 35.124718080403241 ], [ 129.034323197646643, 35.124695685268421 ], [ 129.034334700012124, 35.124680323045602 ], [ 129.034339297459184, 35.124653551780682 ], [ 129.034341366469647, 35.124616774842885 ], [ 129.034342565635455, 35.124596223543911 ], [ 129.034314370059207, 35.124597043077593 ], [ 129.034220899394342, 35.124598420374191 ], [ 129.034190180386986, 35.124599329540672 ], [ 129.034131486972342, 35.124601148253937 ], [ 129.034110095137663, 35.124606111984804 ], [ 129.034021511020455, 35.124564005446437 ], [ 129.033942933448031, 35.124526656245664 ], [ 129.033941988927182, 35.124526206601359 ], [ 129.033850914336057, 35.124483595913659 ], [ 129.0337779433371, 35.124449453891394 ], [ 129.033755011485226, 35.124440176204587 ], [ 129.033752508990688, 35.124439627240655 ], [ 129.033707174211798, 35.12442973328185 ], [ 129.033628979885691, 35.124419892735141 ], [ 129.033587145824526, 35.124414622057266 ], [ 129.033524609824212, 35.124408149167898 ], [ 129.033501767424895, 35.12440574870304 ], [ 129.033491256663666, 35.124404642915202 ], [ 129.033446221099751, 35.124405321025165 ], [ 129.033304619326003, 35.124432435582442 ], [ 129.033317027637253, 35.12440363426596 ], [ 129.03339579644171, 35.12420323173145 ], [ 129.033425410144446, 35.124211272670067 ], [ 129.033457986197988, 35.124219574550317 ], [ 129.033516099983899, 35.124222092181242 ], [ 129.033582592671905, 35.124188976458086 ], [ 129.03364617369752, 35.124145721940309 ], [ 129.033661578817004, 35.124095439506505 ], [ 129.033672524703888, 35.124031783066037 ], [ 129.033673198298573, 35.123988400524333 ], [ 129.033665945573631, 35.12395854874115 ], [ 129.033662556362486, 35.123959109160566 ], [ 129.033648502893101, 35.123960383396735 ], [ 129.033616958143455, 35.123948845255093 ], [ 129.03361556446572, 35.123894060881156 ], [ 129.033611089978024, 35.123839836632989 ], [ 129.033590495102146, 35.123780127231797 ], [ 129.033597844614235, 35.123745197594332 ], [ 129.033615481825223, 35.123680691862063 ], [ 129.033655745143477, 35.123627022143374 ], [ 129.033693952592643, 35.123590246751263 ], [ 129.033699358784645, 35.123581726576148 ], [ 129.033742260165809, 35.123514186359166 ], [ 129.03380908957709, 35.123447971542809 ], [ 129.033888993914019, 35.12340356721149 ], [ 129.033884910145787, 35.123395996628773 ], [ 129.033883395850808, 35.123393193742004 ], [ 129.033871268777858, 35.123384480769928 ], [ 129.033850057573659, 35.123370795852303 ], [ 129.033828836442495, 35.123362084346788 ], [ 129.033809141592997, 35.123357105172104 ], [ 129.033545011612716, 35.123333569062467 ], [ 129.033509856154751, 35.123346819595298 ], [ 129.033544944455628, 35.123164095914987 ], [ 129.033552018263606, 35.123146597986505 ], [ 129.033546871517046, 35.123145193501486 ], [ 129.033541120432204, 35.123143627136564 ], [ 129.033477221913785, 35.123130628422544 ], [ 129.033465101655025, 35.123131874560649 ], [ 129.033470556866121, 35.123087040305045 ], [ 129.033493470382865, 35.123054854774033 ], [ 129.033507069078098, 35.12303330900388 ], [ 129.033520883432914, 35.123017530804027 ], [ 129.033536782766987, 35.122998238777946 ], [ 129.033550489371123, 35.122982099529722 ], [ 129.033566939073239, 35.122964068225606 ], [ 129.033596769127712, 35.122934857028774 ], [ 129.033616838253522, 35.122915202091953 ], [ 129.03364359651178, 35.122891307814399 ], [ 129.033652040765105, 35.122883284773884 ], [ 129.033658149729064, 35.122877189178475 ], [ 129.03368011508158, 35.122853260899504 ], [ 129.033700071162826, 35.122830271376806 ], [ 129.03371860424599, 35.122810165217707 ], [ 129.033719472184941, 35.122809166061252 ], [ 129.033739328637466, 35.12278636534316 ], [ 129.033757861280634, 35.122764365764517 ], [ 129.033775953489794, 35.122741466544248 ], [ 129.033750046537449, 35.122726773520505 ], [ 129.033747203718775, 35.122725159556282 ], [ 129.033723062275072, 35.122710925627182 ], [ 129.033674187854956, 35.122682977400295 ], [ 129.033671380314075, 35.122681373821855 ], [ 129.033650200254556, 35.122669572844458 ], [ 129.033637913212544, 35.122663265558245 ], [ 129.033617171406178, 35.122650021844443 ], [ 129.033598911958336, 35.12263824522018 ], [ 129.033597747887342, 35.122637498057998 ], [ 129.033578216901674, 35.122623982091362 ], [ 129.033546501802675, 35.122604791334197 ], [ 129.033526181747362, 35.122592736011029 ], [ 129.033524776924651, 35.122591908076807 ], [ 129.033485931110505, 35.122569204675017 ], [ 129.033460253583314, 35.122554158863736 ], [ 129.033444562230954, 35.122544968917929 ], [ 129.033439618281676, 35.122529557037844 ], [ 129.033444674679231, 35.122524741534512 ], [ 129.033449269552563, 35.12252035924994 ], [ 129.033476138182436, 35.122494393511417 ], [ 129.033512547040289, 35.122458870724792 ], [ 129.033513302248991, 35.1224581218707 ], [ 129.03353502678425, 35.122436511100169 ], [ 129.033574505771043, 35.122395938284349 ], [ 129.033575404352462, 35.122394992842736 ], [ 129.033594794570689, 35.122374661236918 ], [ 129.033629118621207, 35.122340850858315 ], [ 129.033643045271134, 35.12232498286555 ], [ 129.033664758602185, 35.122304066489569 ], [ 129.0336898711993, 35.122280263365177 ], [ 129.033704127431349, 35.122267460300876 ], [ 129.033758567057305, 35.122216545891199 ], [ 129.03375343073165, 35.122213175738715 ], [ 129.033715515416816, 35.122184317052138 ], [ 129.033632211798079, 35.122115420373184 ], [ 129.033610876199646, 35.122095432850848 ], [ 129.033592698912827, 35.122071173218394 ], [ 129.033580402650927, 35.12204885876865 ], [ 129.03357804302621, 35.122044569889134 ], [ 129.03352869654384, 35.12195500570764 ], [ 129.033407003326062, 35.121712662146308 ], [ 129.033401228182299, 35.12170161288293 ], [ 129.033393542555132, 35.121690564371391 ], [ 129.033376235551486, 35.121668466560998 ], [ 129.033364306897028, 35.121659493135532 ], [ 129.033358204740523, 35.121653419511198 ], [ 129.033317303066553, 35.121620827908295 ], [ 129.033232840453394, 35.121556262554407 ], [ 129.033212670506401, 35.121540842235909 ], [ 129.033116453242201, 35.121470721870161 ], [ 129.032937367458914, 35.121346291425894 ], [ 129.032849817487488, 35.121287175425707 ], [ 129.032815673540682, 35.121264118389412 ], [ 129.032675215425172, 35.121169782644223 ], [ 129.032670968137637, 35.121166944898903 ], [ 129.032484860630376, 35.121042514176651 ], [ 129.032484249322209, 35.121042099962516 ], [ 129.032337785753384, 35.120944168377179 ], [ 129.032335671938426, 35.120942746192718 ], [ 129.0323342983705, 35.120941825879356 ], [ 129.032177601918875, 35.120836490492081 ], [ 129.032025042373789, 35.120733938169273 ], [ 129.031890626841658, 35.120643580549093 ], [ 129.031729784082614, 35.12053545957945 ], [ 129.031548716539561, 35.120413739737977 ], [ 129.031227155455554, 35.12019757620137 ], [ 129.031086012679708, 35.120102695418751 ], [ 129.030933890329095, 35.120000432798292 ], [ 129.030690726821462, 35.11983238751354 ], [ 129.030564421180003, 35.119756387866225 ], [ 129.030562499348832, 35.11975536807612 ], [ 129.030523736453119, 35.119734812088346 ], [ 129.030506696903416, 35.119725774010647 ], [ 129.030489910073015, 35.119717340411071 ], [ 129.030412578388649, 35.119678501633679 ], [ 129.030139483714265, 35.119553279520566 ], [ 129.030135172395234, 35.119551115959744 ], [ 129.030133954039059, 35.119550512836717 ], [ 129.03003060718828, 35.119498889176647 ], [ 129.0300264379091, 35.119496808599635 ], [ 129.030021962877385, 35.11949457318903 ], [ 129.029989877688223, 35.119478544499032 ], [ 129.029962689755223, 35.119462211461453 ], [ 129.029947896565318, 35.11944982878174 ], [ 129.029847996262049, 35.119369019386774 ], [ 129.02984011641189, 35.119363097855974 ], [ 129.029834300414251, 35.119355051311381 ], [ 129.029818562299823, 35.119338315813692 ], [ 129.029793870650792, 35.119310470007662 ], [ 129.029732389102776, 35.119234869240849 ], [ 129.029725856451961, 35.119221477045656 ], [ 129.029708875104006, 35.119193357178382 ], [ 129.029666604094245, 35.119123359067402 ], [ 129.029599921324433, 35.118973738923948 ], [ 129.029595957461481, 35.118962922666604 ], [ 129.029591607977409, 35.118949557903534 ], [ 129.029587839891548, 35.11893465757543 ], [ 129.029586177423653, 35.118917459465969 ], [ 129.029585665206866, 35.118893935547639 ], [ 129.029587654994828, 35.1188760520944 ], [ 129.029589403168643, 35.118854167615233 ], [ 129.029589698095208, 35.118852039687717 ], [ 129.029589765190224, 35.118851578133835 ], [ 129.02959135997051, 35.118839978523368 ], [ 129.02959482431578, 35.118827422173332 ], [ 129.029596422028192, 35.118817795259851 ], [ 129.029598854608565, 35.118808276846316 ], [ 129.029614962402292, 35.118774479275153 ], [ 129.029621229507711, 35.118764926013348 ], [ 129.02961955271175, 35.118764335859602 ], [ 129.029448542806307, 35.118705842432135 ], [ 129.029214421255602, 35.11842881422632 ], [ 129.029097405870033, 35.118277958918917 ], [ 129.029015660127129, 35.118172568870158 ], [ 129.028992554158407, 35.118144398150847 ], [ 129.028907539975563, 35.11813344042983 ], [ 129.028894676750923, 35.118131360396582 ], [ 129.02890235125264, 35.118114030068327 ], [ 129.028934546957828, 35.118041299745514 ], [ 129.028794983111624, 35.117980013950572 ], [ 129.028637742064063, 35.117920215048954 ], [ 129.028635214765046, 35.11790651888586 ], [ 129.028617391013995, 35.117861233681175 ], [ 129.028604280964032, 35.117847640357411 ], [ 129.028548303647284, 35.117817506612155 ], [ 129.02845909947311, 35.117787355483479 ], [ 129.028419073039004, 35.117783021342056 ], [ 129.028448945008762, 35.117723097290238 ], [ 129.028448925474464, 35.11767094978169 ], [ 129.028430523974606, 35.117616753029523 ], [ 129.028405104980664, 35.117583986061902 ], [ 129.028350661274175, 35.117557927102951 ], [ 129.028288950753733, 35.117525145350868 ], [ 129.028239945147561, 35.117490142226472 ], [ 129.028231509472022, 35.117476066180743 ], [ 129.029013104768495, 35.117250134080514 ], [ 129.029290923158129, 35.116384101000584 ], [ 129.029322782396207, 35.116284789754559 ], [ 129.029331971113493, 35.116256140322676 ], [ 129.029124725380711, 35.116021618331985 ], [ 129.028912306189312, 35.115781229472383 ], [ 129.028258401003797, 35.115455173599699 ], [ 129.028181348137281, 35.115463069627666 ], [ 129.027462357306405, 35.115536748961205 ], [ 129.027446972132765, 35.11554097040456 ], [ 129.027233912363556, 35.115599440424866 ], [ 129.027126484591662, 35.115628930016136 ], [ 129.026692540801747, 35.11571661943119 ], [ 129.026628489081872, 35.11572956207312 ], [ 129.026550460169688, 35.115770740869266 ], [ 129.026336411079768, 35.1161488281248 ], [ 129.0262145374287, 35.116567219655778 ], [ 129.026086897818658, 35.116566577475993 ], [ 129.02597609591183, 35.116683649330689 ], [ 129.02593544650199, 35.116726600314259 ], [ 129.025924943867182, 35.116737700727946 ], [ 129.025484874571788, 35.117111493152656 ], [ 129.024953607473776, 35.117587974451574 ], [ 129.024642271483231, 35.117869656648537 ], [ 129.024571806452713, 35.118057396200584 ], [ 129.024417731476575, 35.118477621908248 ], [ 129.024362363040666, 35.118629820780555 ], [ 129.024356613425539, 35.118645624532242 ], [ 129.02430317059617, 35.118792524700233 ], [ 129.024626217496944, 35.119286418955809 ], [ 129.024895872824857, 35.119696237485371 ], [ 129.024954334899888, 35.119785087448292 ], [ 129.025010529407524, 35.11987049016345 ], [ 129.025313109757178, 35.120424425299426 ], [ 129.025405901928593, 35.120594999170258 ], [ 129.025380628872881, 35.120951473224181 ], [ 129.025366769897914, 35.121193391990701 ], [ 129.025348125762292, 35.121229703976226 ], [ 129.025239234899914, 35.121441770737157 ], [ 129.025087969096802, 35.12173926789746 ], [ 129.025348873744377, 35.122314275913283 ], [ 129.025515573929454, 35.122681017278843 ], [ 129.025547442281436, 35.122751125253586 ], [ 129.025797055944849, 35.123309243625819 ], [ 129.026006487585107, 35.123741708684015 ], [ 129.026158514612604, 35.12400655183086 ], [ 129.026241407312824, 35.12421886101324 ], [ 129.026443292248899, 35.124715701902446 ], [ 129.026207878696482, 35.12482543651727 ], [ 129.026009772129925, 35.124918470890613 ], [ 129.025741763469597, 35.125303611745302 ], [ 129.025628286040416, 35.125466681379486 ], [ 129.025540798423378, 35.125593748567496 ], [ 129.025501023333362, 35.125651514596008 ], [ 129.025548721037723, 35.125775697847892 ], [ 129.025642755662972, 35.126020511014758 ], [ 129.025754770766952, 35.126312132300292 ], [ 129.025759080562096, 35.12635020649909 ], [ 129.025693899866269, 35.12659665093107 ], [ 129.025684821472936, 35.126631986894203 ], [ 129.02562372017411, 35.126869876777391 ], [ 129.025596225385073, 35.127053812771564 ], [ 129.025565699527732, 35.127259588886361 ], [ 129.025516121800365, 35.127577384534661 ], [ 129.025559576045282, 35.127817189401121 ], [ 129.025567408177892, 35.127847353532708 ], [ 129.025645568157984, 35.128148323476054 ], [ 129.025842999727558, 35.128418971323846 ], [ 129.025855162372835, 35.128428829689241 ], [ 129.025901288407027, 35.128768931698538 ], [ 129.025946220972173, 35.129078691281343 ], [ 129.025989624633098, 35.129401482196563 ], [ 129.026023975742277, 35.129656933595626 ], [ 129.026045750192367, 35.130123005752232 ], [ 129.02605843862446, 35.130423154346587 ], [ 129.026073484969203, 35.130699796941236 ], [ 129.026063831452973, 35.130797953001185 ], [ 129.026023726230108, 35.131205658435562 ], [ 129.026042732488378, 35.131365442331855 ], [ 129.02617842411496, 35.131322783712406 ], [ 129.02806624556689, 35.130729310690342 ], [ 129.029037102464912, 35.13033368025603 ], [ 129.030190944394576, 35.129863465217888 ], [ 129.031278278921263, 35.129452062650543 ], [ 129.031808872673594, 35.129301165415271 ], [ 129.032475081560762, 35.129124799562426 ], [ 129.033536284542237, 35.128897390773936 ], [ 129.034766144885168, 35.127957302848351 ], [ 129.034708991187017, 35.127865320889256 ], [ 129.03470832799141, 35.127861326116467 ], [ 129.034694682780923, 35.127779178802797 ], [ 129.03470251775309, 35.12775685297288 ], [ 129.034703207438099, 35.127754890424683 ] ] ] } },
{ "type": "Feature", "properties": { "TOT_OA_CD": "21030700010010", "dong": "좌천동", "risk_norm": 0.44788908175188863, "high_risk": false, "aed_dist_night": 147.14932114665177, "covered_night": true, "gap": false, "elev": 50.0, "인구기준시점": "2026-06", "AED기준시점": "2026-07", "생성일": "2026-07-26" }, "geometry": { "type": "Polygon", "coordinates": [ [ [ 129.047624292656621, 35.136835145755157 ], [ 129.04762865904641, 35.136833306595975 ], [ 129.047679091853723, 35.136857642434236 ], [ 129.047704764837107, 35.136853053478987 ], [ 129.047711314827922, 35.136851878872875 ], [ 129.047720529959179, 35.136847819288057 ], [ 129.047740380327184, 35.136829603812593 ], [ 129.04776121658324, 35.136808504995635 ], [ 129.047784791862995, 35.136783437467273 ], [ 129.047793454940944, 35.136774509923384 ], [ 129.047809576794521, 35.136758551007112 ], [ 129.047828660611714, 35.136743039304584 ], [ 129.047845551187407, 35.136729423784196 ], [ 129.04785635212437, 35.136721414718224 ], [ 129.04785681319396, 35.136721072525724 ], [ 129.047857723643858, 35.136720405418117 ], [ 129.047874396071364, 35.136708138783696 ], [ 129.047897321465996, 35.136695242270712 ], [ 129.04792112480601, 35.136682341759645 ], [ 129.047952715506455, 35.136666376321955 ], [ 129.047989957303542, 35.136647731250122 ], [ 129.04801367274797, 35.136637666474648 ], [ 129.048014815445299, 35.136640455894884 ], [ 129.048015156054106, 35.136641285522941 ], [ 129.048016419868134, 35.13664438624135 ], [ 129.048040724673172, 35.136703766040512 ], [ 129.048088089097718, 35.136793623155754 ], [ 129.048090516450031, 35.136798236364456 ], [ 129.048124436519544, 35.136786460648558 ], [ 129.048250427715857, 35.136755550164779 ], [ 129.048293686934159, 35.136745167078772 ], [ 129.048467808303542, 35.136703358399949 ], [ 129.048491220121065, 35.136696795704246 ], [ 129.04869488044659, 35.136639714544195 ], [ 129.048729362281676, 35.136631183650302 ], [ 129.048722451619284, 35.136613024240965 ], [ 129.048699702295096, 35.136553219027057 ], [ 129.048648536241274, 35.136418035303095 ], [ 129.048619928538074, 35.136355924662773 ], [ 129.048611633297043, 35.136337909202304 ], [ 129.048602550398442, 35.136321129980431 ], [ 129.048790109495656, 35.136263925420678 ], [ 129.048811341030955, 35.13621805859048 ], [ 129.048816418471858, 35.136213316133663 ], [ 129.048832055967324, 35.136198689533273 ], [ 129.048878008028481, 35.136178273863173 ], [ 129.048971604546352, 35.136161950084364 ], [ 129.049005114847461, 35.136161936388703 ], [ 129.049043396689427, 35.136160614802591 ], [ 129.049188538090306, 35.136098958755191 ], [ 129.049199705141035, 35.136093717370912 ], [ 129.049166879210333, 35.136024595768333 ], [ 129.04913255168313, 35.136034245565689 ], [ 129.04909974885885, 35.136043271732987 ], [ 129.049065735937234, 35.13604490756147 ], [ 129.049034131969336, 35.136040683631229 ], [ 129.048998681658446, 35.1360243831069 ], [ 129.048944127922425, 35.135988530126674 ], [ 129.048920308233988, 35.135972856262875 ], [ 129.048893636899862, 35.135958444161119 ], [ 129.048887764648981, 35.135954138291133 ], [ 129.04887409800503, 35.135944120273045 ], [ 129.048870689627648, 35.135932854935689 ], [ 129.048866622439533, 35.13591960634637 ], [ 129.048865995132417, 35.135917082640965 ], [ 129.048863213594188, 35.135905997733509 ], [ 129.048846530787841, 35.135899333483671 ], [ 129.048859273360108, 35.135889600010429 ], [ 129.048944322015302, 35.135766919577229 ], [ 129.04894767332604, 35.135760630379636 ], [ 129.048938597512546, 35.135739416050065 ], [ 129.048935970980352, 35.135733269103731 ], [ 129.048994219002452, 35.135706385803516 ], [ 129.049011233001181, 35.135698844512937 ], [ 129.049003732979713, 35.135689608683478 ], [ 129.049033056299493, 35.135660356997619 ], [ 129.049069183917936, 35.135689708681547 ], [ 129.049256728530366, 35.135604608612859 ], [ 129.049246734612467, 35.13558892933996 ], [ 129.049255949659795, 35.13558586234852 ], [ 129.049172159978582, 35.135503221745815 ], [ 129.049201290321747, 35.135459854124299 ], [ 129.049213405483812, 35.135442152964707 ], [ 129.049172689929435, 35.135434104630576 ], [ 129.049139982369326, 35.135418254163774 ], [ 129.049086403001297, 35.135359776328677 ], [ 129.04882681933185, 35.135056454003568 ], [ 129.04882595162772, 35.135055435449402 ], [ 129.048806188691856, 35.135032341729499 ], [ 129.048805716061793, 35.135031783369413 ], [ 129.048828773922992, 35.135020291490122 ], [ 129.048926468195276, 35.134977014881024 ], [ 129.048941044286153, 35.134967147934638 ], [ 129.049003308474539, 35.134922290185266 ], [ 129.04899726946249, 35.134916073229064 ], [ 129.04898749528482, 35.134900573237076 ], [ 129.048977500264016, 35.134883902208379 ], [ 129.048970142146317, 35.134871376413493 ], [ 129.048963000977608, 35.134855875225952 ], [ 129.048955747976777, 35.134836499427934 ], [ 129.048949373337251, 35.13481847477177 ], [ 129.048946838625, 35.134799907818895 ], [ 129.048945401424476, 35.134781340352028 ], [ 129.048944407250076, 35.134768721504393 ], [ 129.048943301268707, 35.134754660579752 ], [ 129.048941753977317, 35.134735552646347 ], [ 129.048940649085381, 35.134721491707651 ], [ 129.048939211528136, 35.134703194751978 ], [ 129.048937334070757, 35.134682013724536 ], [ 129.048935014921597, 35.134655243853665 ], [ 129.048933578612264, 35.134637938660376 ], [ 129.048930264329044, 35.134600353149679 ], [ 129.048929634586869, 35.134591790480187 ], [ 129.049085329477322, 35.134590097538933 ], [ 129.049547235130547, 35.13458167742489 ], [ 129.049556989212221, 35.134581808741515 ], [ 129.049563351162703, 35.13457801993691 ], [ 129.049565980365344, 35.134570988006601 ], [ 129.049566305557107, 35.134564228087321 ], [ 129.049566849747805, 35.134557558195993 ], [ 129.049568599446673, 35.134545929368606 ], [ 129.049571112622345, 35.134529704299965 ], [ 129.049574176523834, 35.13451474073306 ], [ 129.049576364122686, 35.134503923156998 ], [ 129.049592579378356, 35.134463688727791 ], [ 129.04959650215946, 35.134453970574548 ], [ 129.049618874571678, 35.134435340221124 ], [ 129.049621463172286, 35.134433635542877 ], [ 129.049598803006774, 35.134410443769049 ], [ 129.049586169527828, 35.134382596781485 ], [ 129.049587793965998, 35.134348434658705 ], [ 129.049587870158518, 35.134346198605563 ], [ 129.049589301997202, 35.13430129264875 ], [ 129.04959169838952, 35.134269293547632 ], [ 129.049596051029539, 35.13420836012731 ], [ 129.049599330569976, 35.134186185418734 ], [ 129.049611896895669, 35.134099469975126 ], [ 129.049618530245027, 35.134053713967802 ], [ 129.049602695699065, 35.134052413508975 ], [ 129.049553478310401, 35.134041184055071 ], [ 129.049536831361024, 35.134037377557512 ], [ 129.049511810973968, 35.134030194329014 ], [ 129.049493471497954, 35.134021341514675 ], [ 129.049469388365083, 35.134005234728974 ], [ 129.049448880748429, 35.133985466776203 ], [ 129.049431923893138, 35.133959109517448 ], [ 129.049414112882374, 35.133915823698516 ], [ 129.049411326680854, 35.133916600444628 ], [ 129.04937323744997, 35.133926349754837 ], [ 129.04929482951016, 35.133964021829577 ], [ 129.049127301117096, 35.133786006482687 ], [ 129.049123664068645, 35.133606484317667 ], [ 129.049052299295823, 35.133622439210789 ], [ 129.048994141902512, 35.133632592858341 ], [ 129.04869849943637, 35.133654855102996 ], [ 129.048684862350285, 35.133655878728575 ], [ 129.048666326926366, 35.133612449651949 ], [ 129.048647832195542, 35.133620424571497 ], [ 129.048597620589021, 35.133652298184543 ], [ 129.048464580057441, 35.133684925585584 ], [ 129.048402921435155, 35.13373054893831 ], [ 129.048377166556207, 35.133764549673941 ], [ 129.048369459163467, 35.133774719180444 ], [ 129.048361254152212, 35.133815527309146 ], [ 129.048336040966262, 35.133874774363207 ], [ 129.048315684332294, 35.133907943351787 ], [ 129.048263629009625, 35.133977629652712 ], [ 129.048257418890586, 35.133998074626042 ], [ 129.048265120400202, 35.134035063122212 ], [ 129.048227805036902, 35.134054916465558 ], [ 129.048221960851265, 35.134082283838829 ], [ 129.048234809177927, 35.134139704742921 ], [ 129.048233739946824, 35.134206756853828 ], [ 129.048226078337734, 35.134221317541353 ], [ 129.048242178452369, 35.134228702484101 ], [ 129.048304045528965, 35.134257242243059 ], [ 129.04832051586402, 35.134258443706521 ], [ 129.048325635610496, 35.134251825374719 ], [ 129.048349059222431, 35.13424731009237 ], [ 129.048367358992266, 35.134245491201092 ], [ 129.048423365427311, 35.134251490684527 ], [ 129.0484383747104, 35.134270124541423 ], [ 129.048443878405152, 35.134280650857207 ], [ 129.048435479067507, 35.134309515105016 ], [ 129.048432920075697, 35.1343245506458 ], [ 129.048431073237907, 35.134338360784099 ], [ 129.048473797592152, 35.134335387638096 ], [ 129.048505642808578, 35.134322656502867 ], [ 129.048521143568422, 35.134316647501137 ], [ 129.048588513482485, 35.134298170801969 ], [ 129.048649007342732, 35.134267582207116 ], [ 129.048700766912475, 35.13423559949895 ], [ 129.048745754403967, 35.13425783705997 ], [ 129.048768638067571, 35.134269086103451 ], [ 129.048757269495297, 35.134286567600363 ], [ 129.048717467841044, 35.134333633788096 ], [ 129.048688295812696, 35.134357351227287 ], [ 129.048669871683671, 35.134372771671856 ], [ 129.048669771148923, 35.134389716943609 ], [ 129.048671653247453, 35.134419551561848 ], [ 129.048678377395333, 35.134473360374677 ], [ 129.04868829822729, 35.134552585355436 ], [ 129.048691066136286, 35.134594767947171 ], [ 129.048695269772594, 35.134654165596693 ], [ 129.048695047165836, 35.134705110425394 ], [ 129.048694591172278, 35.134809560800875 ], [ 129.048693842390264, 35.134842460270136 ], [ 129.048694886235182, 35.134844551275911 ], [ 129.048666448775521, 35.134848825949348 ], [ 129.048639955860608, 35.134839930258238 ], [ 129.048588387764312, 35.134822761803598 ], [ 129.048567369228465, 35.134830953802101 ], [ 129.048539522505394, 35.134851759172648 ], [ 129.048521811759713, 35.134869099005094 ], [ 129.048494169062906, 35.13488120663532 ], [ 129.048448207105082, 35.134883621581864 ], [ 129.048444027437085, 35.134883839984546 ], [ 129.048427350552771, 35.134885648983044 ], [ 129.048397616641523, 35.134887012633342 ], [ 129.048387818148029, 35.134887493965991 ], [ 129.048365907280612, 35.134888557496893 ], [ 129.048301062240711, 35.134891556328583 ], [ 129.04827976580674, 35.134892727383324 ], [ 129.048256406983199, 35.134894007711644 ], [ 129.048211969914462, 35.134896097460079 ], [ 129.048183442630659, 35.134897370798789 ], [ 129.048147017575246, 35.134896386422916 ], [ 129.048149407897114, 35.134918061306379 ], [ 129.048188744445838, 35.13501658270399 ], [ 129.04820246959639, 35.135052252716569 ], [ 129.04819681954919, 35.135072950201078 ], [ 129.048199784096539, 35.135077185058108 ], [ 129.048208353172583, 35.13509529985707 ], [ 129.048215280373597, 35.135120895540133 ], [ 129.048221217544153, 35.135142255520904 ], [ 129.048225836472625, 35.135159379419136 ], [ 129.048228145116838, 35.135167580725614 ], [ 129.048229134124227, 35.135171005916838 ], [ 129.048239886800644, 35.135169559386952 ], [ 129.048256563581816, 35.135168380646228 ], [ 129.048267755238271, 35.135168556808452 ], [ 129.048289592860897, 35.135172604593734 ], [ 129.048312204332404, 35.135187377984245 ], [ 129.048341836380246, 35.135199986127752 ], [ 129.048372454969922, 35.135209978701951 ], [ 129.04840866737652, 35.135215372805142 ], [ 129.048427850630731, 35.135213829317969 ], [ 129.048408328174872, 35.135233741175064 ], [ 129.048400450086206, 35.135234846255223 ], [ 129.048393649731878, 35.135238905675045 ], [ 129.048330052490769, 35.135272342298343 ], [ 129.048267702655465, 35.135301292791077 ], [ 129.048207038398886, 35.135325479226225 ], [ 129.0482059653487, 35.135326192610052 ], [ 129.048177732891418, 35.135346637669507 ], [ 129.048047129080516, 35.135427774494424 ], [ 129.048026815389306, 35.135439699093311 ], [ 129.047858461801837, 35.135489851785429 ], [ 129.047884220293241, 35.135557634065563 ], [ 129.047841271658996, 35.135575639746449 ], [ 129.047812566194466, 35.135587918565285 ], [ 129.047823769941061, 35.135610645711814 ], [ 129.047863586141233, 35.135682037019215 ], [ 129.047887054683599, 35.135715296986525 ], [ 129.047847161447919, 35.13573584495694 ], [ 129.047769525636511, 35.1357844581051 ], [ 129.047750345576191, 35.135822358032584 ], [ 129.047735095846718, 35.135843906618689 ], [ 129.047710598925448, 35.135866194512644 ], [ 129.047710769614554, 35.135870630985302 ], [ 129.047694847137876, 35.135871891057612 ], [ 129.047674405132682, 35.135892992944157 ], [ 129.047643251582599, 35.135925139358811 ], [ 129.047643324138704, 35.135933610854707 ], [ 129.047646201339091, 35.135937059739071 ], [ 129.047657890935398, 35.135942545496292 ], [ 129.047654900610723, 35.135955617417217 ], [ 129.047755521929332, 35.135999791354834 ], [ 129.047824649583958, 35.1359828261945 ], [ 129.047843410080276, 35.136002018970999 ], [ 129.047856199643178, 35.136065431835881 ], [ 129.04778733043031, 35.136094484325191 ], [ 129.047667640477982, 35.136030387622952 ], [ 129.047660043936418, 35.136040514189865 ], [ 129.047611551454082, 35.136096974048606 ], [ 129.047557711614132, 35.136160331896541 ], [ 129.047527320710259, 35.136142029637178 ], [ 129.047525316108732, 35.136144266897688 ], [ 129.047511173156551, 35.136168397945838 ], [ 129.047501769811134, 35.136182923120657 ], [ 129.047496398314706, 35.136181700619439 ], [ 129.047467660305045, 35.136213906283942 ], [ 129.047440346385343, 35.136243185141595 ], [ 129.047387399825055, 35.136299938909644 ], [ 129.0473760790602, 35.136317423314182 ], [ 129.047447775854408, 35.136409565705058 ], [ 129.047518651283184, 35.136436732143743 ], [ 129.047571214075219, 35.13646112289031 ], [ 129.047405039780585, 35.136557305960949 ], [ 129.047390122527446, 35.13651843685502 ], [ 129.047373250371237, 35.136467436271857 ], [ 129.047371949257951, 35.136432612796384 ], [ 129.047305737843828, 35.136347532061542 ], [ 129.047298713098201, 35.136349368184696 ], [ 129.047297149945706, 35.136350224844321 ], [ 129.047286674147387, 35.136355930588685 ], [ 129.047251643199473, 35.136373204754769 ], [ 129.047215626762693, 35.136382712348038 ], [ 129.047205033407266, 35.136385511903299 ], [ 129.047183021017901, 35.136405420178164 ], [ 129.047182248904647, 35.136417398036514 ], [ 129.047179225227552, 35.136470878781559 ], [ 129.047173287144489, 35.136498704427545 ], [ 129.047169201898043, 35.1365178960028 ], [ 129.047167806481298, 35.13653167693402 ], [ 129.047171721492504, 35.136549833177149 ], [ 129.047185939365619, 35.136581155757348 ], [ 129.047191200010019, 35.136614043412763 ], [ 129.047191698970948, 35.136618022143431 ], [ 129.047214674940506, 35.136667475194926 ], [ 129.047205491223849, 35.136672790262899 ], [ 129.047151312528115, 35.136703835776686 ], [ 129.047148383951168, 35.136705560084103 ], [ 129.047159795487943, 35.136717981914359 ], [ 129.047183940855746, 35.136744258520764 ], [ 129.047286239450841, 35.136855621161722 ], [ 129.047297075051091, 35.136867417419253 ], [ 129.047312147450668, 35.13688490645643 ], [ 129.047381854981239, 35.136965809529364 ], [ 129.047383079068936, 35.136965186226995 ], [ 129.047439527239959, 35.136933192863516 ], [ 129.047440712162683, 35.136932590800235 ], [ 129.047624292656621, 35.136835145755157 ] ] ] } },
{ "type": "Feature", "properties": { "TOT_OA_CD": "21030700010013", "dong": "좌천동", "risk_norm": 0.4231775139010443, "high_risk": false, "aed_dist_night": 367.58384280293365, "covered_night": false, "gap": false, "elev": 44.0, "인구기준시점": "2026-06", "AED기준시점": "2026-07", "생성일": "2026-07-26" }, "geometry": { "type": "Polygon", "coordinates": [ [ [ 129.046967945246394, 35.136384231341658 ], [ 129.047025263379425, 35.136333318471493 ], [ 129.047034857764004, 35.136341877606334 ], [ 129.047040317826372, 35.136337221377453 ], [ 129.047052587218161, 35.136326770109939 ], [ 129.047038600955375, 35.136314294574248 ], [ 129.047035610078865, 35.136315801480315 ], [ 129.047016641586964, 35.136297328928535 ], [ 129.047022338498437, 35.136289645673102 ], [ 129.047007974057607, 35.136246335343621 ], [ 129.046987176949642, 35.13618266847633 ], [ 129.046931746598403, 35.136165761399518 ], [ 129.046917647905502, 35.136127502069698 ], [ 129.046900252404782, 35.136136534713884 ], [ 129.046893287393914, 35.136126791560493 ], [ 129.046883951908541, 35.136131564879371 ], [ 129.046846139912674, 35.136092168430196 ], [ 129.046827272003981, 35.136072509834975 ], [ 129.046816524134272, 35.136062672512573 ], [ 129.046775781205781, 35.136039493766624 ], [ 129.046766698062356, 35.136045364730805 ], [ 129.046758598822095, 35.136035480073289 ], [ 129.04670659612313, 35.135974414169624 ], [ 129.046671923817939, 35.135931912100155 ], [ 129.046662611694813, 35.135921731861444 ], [ 129.046615300559779, 35.135863419023934 ], [ 129.04660418863611, 35.135848897047552 ], [ 129.046574805307984, 35.135813112088016 ], [ 129.046545533524608, 35.135776958715489 ], [ 129.046532611270607, 35.135759334855926 ], [ 129.046513792869519, 35.135757720441866 ], [ 129.04649901609335, 35.13576703877699 ], [ 129.046491858496864, 35.135762719444315 ], [ 129.046486645578398, 35.135739185387123 ], [ 129.046473038765896, 35.135680028461529 ], [ 129.046437416576197, 35.135625881499578 ], [ 129.046410616957445, 35.135594271323086 ], [ 129.046383406425321, 35.135559679319769 ], [ 129.046350207292306, 35.135530171336839 ], [ 129.046386093307575, 35.135519061679865 ], [ 129.046557857887535, 35.13546623298911 ], [ 129.046590007417308, 35.135462297287496 ], [ 129.046618797685568, 35.135447065828295 ], [ 129.046620446924834, 35.13544692935038 ], [ 129.046646130401655, 35.135444889343475 ], [ 129.046657489367192, 35.135429014833264 ], [ 129.046677681954606, 35.135390022903643 ], [ 129.046679780291612, 35.13538136857693 ], [ 129.046680655342499, 35.135377787917506 ], [ 129.046685286541873, 35.135358731844299 ], [ 129.046691104311094, 35.135357324096709 ], [ 129.046692165914237, 35.135336915174364 ], [ 129.046687586336105, 35.135327598683105 ], [ 129.046661530339946, 35.135297528920262 ], [ 129.04661926905564, 35.135266584086246 ], [ 129.046618659058481, 35.135229519407417 ], [ 129.046638796138041, 35.135220319254607 ], [ 129.046672024610217, 35.135205136580801 ], [ 129.046719689271441, 35.135183350150214 ], [ 129.046708897490163, 35.135169734738106 ], [ 129.0467434502483, 35.135154354847515 ], [ 129.046794959472464, 35.135143355754991 ], [ 129.046830437972659, 35.135115997808313 ], [ 129.04684439482088, 35.135112544100394 ], [ 129.046836823133106, 35.135086681548536 ], [ 129.046831672084579, 35.135057253754027 ], [ 129.046817599421701, 35.135046695229761 ], [ 129.046815015036486, 35.135017122887156 ], [ 129.046747106081199, 35.134994046598614 ], [ 129.046677841890556, 35.134982525513941 ], [ 129.046586802785328, 35.134979314799018 ], [ 129.046586162173696, 35.134970454712793 ], [ 129.046582873033429, 35.134918475490743 ], [ 129.046582477002431, 35.134918484157232 ], [ 129.046573820212188, 35.13491886512945 ], [ 129.046501339338874, 35.134922029906491 ], [ 129.046405591660971, 35.134936972688458 ], [ 129.04639051797281, 35.134883347857048 ], [ 129.046382523441054, 35.134851947562751 ], [ 129.04634891989997, 35.134819961675035 ], [ 129.046349040518919, 35.134741317900229 ], [ 129.046343917595237, 35.13458424037286 ], [ 129.04645589435745, 35.134592463865424 ], [ 129.046485990165138, 35.134410559031473 ], [ 129.046484843355472, 35.134400468397999 ], [ 129.046477135717367, 35.134333054054323 ], [ 129.046424484504456, 35.13426043308467 ], [ 129.046417961741099, 35.134251430805257 ], [ 129.046375140166418, 35.134157399075406 ], [ 129.046390225907743, 35.134134660830874 ], [ 129.046343317872669, 35.134010309536286 ], [ 129.046336043105953, 35.133991023133731 ], [ 129.046390099982744, 35.133906256972686 ], [ 129.046413606906896, 35.133894134128084 ], [ 129.046418104858077, 35.133892058906298 ], [ 129.046387543898334, 35.133847353886942 ], [ 129.04636231061707, 35.133692338949217 ], [ 129.046352030733459, 35.133573921613525 ], [ 129.046348665563443, 35.133539554541912 ], [ 129.046347524455143, 35.133459423880282 ], [ 129.046361659271469, 35.133443689756021 ], [ 129.04638298897774, 35.133424159077883 ], [ 129.046341113512995, 35.133393302991585 ], [ 129.046338774603896, 35.133390860616061 ], [ 129.046323723672259, 35.133375155478433 ], [ 129.046284156983944, 35.133333887798102 ], [ 129.046246029474247, 35.133294143542706 ], [ 129.046239057899356, 35.133286880734971 ], [ 129.046126487069927, 35.133169538815935 ], [ 129.046124294354001, 35.133171982237442 ], [ 129.04608215947539, 35.133206627867388 ], [ 129.046026103593931, 35.133167025737599 ], [ 129.046016236677247, 35.133162080065084 ], [ 129.045977606506739, 35.133146590066346 ], [ 129.04594753588583, 35.133132901384656 ], [ 129.045916918026819, 35.133122368084955 ], [ 129.045879171198294, 35.133115982101351 ], [ 129.04582077832913, 35.133097542576543 ], [ 129.045769832408553, 35.133111514760003 ], [ 129.045714967646234, 35.133104025352964 ], [ 129.045662708683892, 35.133106190482145 ], [ 129.045635034862443, 35.133120765543424 ], [ 129.045583955209878, 35.133092825188655 ], [ 129.045547674363263, 35.133060118573802 ], [ 129.04550135644854, 35.133027335261978 ], [ 129.045482590792176, 35.133021393163325 ], [ 129.045460531974527, 35.133013559137339 ], [ 129.045434962454408, 35.133006088096828 ], [ 129.045397759870866, 35.132994581075728 ], [ 129.045395696289148, 35.13299323154061 ], [ 129.045385346164039, 35.13298559437041 ], [ 129.045385027255293, 35.132985385643487 ], [ 129.045377428599295, 35.132993777413461 ], [ 129.045364288251932, 35.133008304073329 ], [ 129.045343237837159, 35.133031528517719 ], [ 129.045342356743333, 35.133036417483005 ], [ 129.045340523874785, 35.13304658039052 ], [ 129.045331225384928, 35.133098072854757 ], [ 129.045322085090476, 35.133120944328248 ], [ 129.045269283208, 35.133253047639954 ], [ 129.045236725319882, 35.133334470938877 ], [ 129.045240210925414, 35.133345790436174 ], [ 129.045257413933143, 35.133401685614452 ], [ 129.045290999250824, 35.133453322709919 ], [ 129.045379093046876, 35.133588761909955 ], [ 129.045338381209035, 35.133654714759452 ], [ 129.045337303490896, 35.133656459612979 ], [ 129.045337115269518, 35.133672517034924 ], [ 129.045335760638068, 35.133783071997996 ], [ 129.045335724481021, 35.133786036963066 ], [ 129.045365518756626, 35.133875284459528 ], [ 129.045372912354281, 35.133915852903939 ], [ 129.045373001270747, 35.133916377410138 ], [ 129.045374681926859, 35.133925569554521 ], [ 129.045361851665604, 35.133955582877562 ], [ 129.045347049637741, 35.133979933061987 ], [ 129.045346598488067, 35.133983819364019 ], [ 129.045342114776389, 35.133992108290585 ], [ 129.045331383506181, 35.134060419666014 ], [ 129.045331275191558, 35.134061077418536 ], [ 129.045324182811015, 35.13408604156588 ], [ 129.045321111942911, 35.134096842376081 ], [ 129.045318155222645, 35.134107238738366 ], [ 129.045360394178175, 35.134167199102407 ], [ 129.045420894346336, 35.134253083214418 ], [ 129.045426564612228, 35.134266752378188 ], [ 129.045447125587685, 35.134316333083113 ], [ 129.045450158154182, 35.134323655154276 ], [ 129.045466229350751, 35.134427715338539 ], [ 129.045493243137543, 35.134502921360948 ], [ 129.045486481723657, 35.134594868418198 ], [ 129.045563024821405, 35.134685558057598 ], [ 129.045565427411503, 35.134688407167076 ], [ 129.045592523346158, 35.134774802062687 ], [ 129.045597415833811, 35.134790403372243 ], [ 129.045609271324651, 35.134828196494837 ], [ 129.045721356474445, 35.135016715610945 ], [ 129.045805363471601, 35.135041163984447 ], [ 129.045844665478626, 35.135078791743403 ], [ 129.045855616155677, 35.135089266706288 ], [ 129.045865532909744, 35.13509875410378 ], [ 129.045872881056255, 35.135105784885127 ], [ 129.045933171209896, 35.135163483385746 ], [ 129.046081895222244, 35.135235362824552 ], [ 129.046112679474078, 35.13525024152505 ], [ 129.046161517297492, 35.135210273754694 ], [ 129.046174128066326, 35.135205281979921 ], [ 129.046182061271139, 35.135204594706849 ], [ 129.046224356462488, 35.13524755593351 ], [ 129.046228652912447, 35.135288102510422 ], [ 129.046214359576453, 35.135300579281505 ], [ 129.046202012813978, 35.135326147895746 ], [ 129.046208448975278, 35.135349487854008 ], [ 129.046212976471821, 35.135398304664534 ], [ 129.0462378067283, 35.135420791344472 ], [ 129.046220331472313, 35.135424265601955 ], [ 129.046208765065984, 35.135426562646543 ], [ 129.04621481376671, 35.135452048870675 ], [ 129.046219369846312, 35.135471268095365 ], [ 129.046219751641644, 35.135472884304868 ], [ 129.046218521088178, 35.135474905200269 ], [ 129.046195599385214, 35.135512484799655 ], [ 129.04619007009876, 35.135521548026567 ], [ 129.046186054700627, 35.135533067769948 ], [ 129.046151671476082, 35.135631717349277 ], [ 129.046181937475779, 35.135681630260677 ], [ 129.046244359721499, 35.135708918887026 ], [ 129.046264198470311, 35.135717595258491 ], [ 129.046296015565559, 35.135738209405886 ], [ 129.046336974934405, 35.135767160373554 ], [ 129.046373184691703, 35.13582713328956 ], [ 129.04640115893767, 35.135873432884559 ], [ 129.046458365275214, 35.135944793837048 ], [ 129.046490143662766, 35.135987840490081 ], [ 129.046551228532707, 35.136015429117819 ], [ 129.046585399700291, 35.136030859505851 ], [ 129.046665666402475, 35.13610108389625 ], [ 129.04668105789986, 35.136143753644767 ], [ 129.046690587995471, 35.136183499491402 ], [ 129.046718269496637, 35.13623368686649 ], [ 129.046758096142753, 35.136253796505649 ], [ 129.046798413268448, 35.136271406011893 ], [ 129.046817433650205, 35.136294596073327 ], [ 129.046842527727989, 35.136341909661141 ], [ 129.046845509735164, 35.136352638662352 ], [ 129.046851382523016, 35.136373800254283 ], [ 129.046857558810274, 35.13638211268983 ], [ 129.046886545546926, 35.13642110789506 ], [ 129.046906132822869, 35.136441191859525 ], [ 129.046955001721756, 35.136428201433496 ], [ 129.047013635698477, 35.136426874836886 ], [ 129.047025645681316, 35.136414022312849 ], [ 129.046981493754402, 35.136391262231953 ], [ 129.046965414670467, 35.136386977526463 ], [ 129.046967945246394, 35.136384231341658 ] ] ] } },
{ "type": "Feature", "properties": { "TOT_OA_CD": "21030700010003", "dong": "좌천동", "risk_norm": 0.61358638428193746, "high_risk": true, "aed_dist_night": 257.1784210459694, "covered_night": false, "gap": true, "elev": 69.0, "인구기준시점": "2026-06", "AED기준시점": "2026-07", "생성일": "2026-07-26" }, "geometry": { "type": "Polygon", "coordinates": [ [ [ 129.052317206212592, 35.135465582120467 ], [ 129.052168614026357, 35.135351576430679 ], [ 129.052238714597109, 35.135276095297442 ], [ 129.052196889186519, 35.135245556173658 ], [ 129.052201689442683, 35.135241487909745 ], [ 129.052198400109319, 35.135238886546091 ], [ 129.052237936271894, 35.135205842667538 ], [ 129.052268898005906, 35.135186885454694 ], [ 129.05207645874853, 35.135086013427731 ], [ 129.052095262868136, 35.135048256502621 ], [ 129.052191362391369, 35.135002292883023 ], [ 129.052182633069322, 35.13497248745076 ], [ 129.052183601627092, 35.134971937674891 ], [ 129.052181620528302, 35.134968062700374 ], [ 129.052191505362259, 35.134963804862842 ], [ 129.052215583574764, 35.134953766201015 ], [ 129.052305655212194, 35.134902599897494 ], [ 129.051953351416984, 35.134487732029349 ], [ 129.051861294682368, 35.134524043349849 ], [ 129.051833132084397, 35.134476975658025 ], [ 129.051835646788533, 35.134476005773323 ], [ 129.051819917463661, 35.134439251971543 ], [ 129.051735412398074, 35.13447328367748 ], [ 129.051734698967977, 35.134473572298013 ], [ 129.051618533164941, 35.134521302755154 ], [ 129.051565385588958, 35.134543480446183 ], [ 129.051528144780519, 35.13455901698002 ], [ 129.051465070536807, 35.134586083177844 ], [ 129.051377225718682, 35.134621290710285 ], [ 129.051325456885138, 35.134642038745909 ], [ 129.051320524603824, 35.134737491489155 ], [ 129.051328694125488, 35.13479959087806 ], [ 129.051337387474462, 35.134821038915312 ], [ 129.05137053463443, 35.134856812376988 ], [ 129.051429486209656, 35.134904739179802 ], [ 129.051409796853761, 35.134919168223497 ], [ 129.051285630696782, 35.134978551330335 ], [ 129.05125203397381, 35.134993015056104 ], [ 129.051199183836729, 35.134902749727914 ], [ 129.051189847793694, 35.134886529366952 ], [ 129.051188750393464, 35.134884339877594 ], [ 129.051126132496137, 35.134760005056421 ], [ 129.051120855239759, 35.134724754668554 ], [ 129.051118496369725, 35.13470686444888 ], [ 129.051109369847239, 35.134637409326665 ], [ 129.051106403046589, 35.134614894394431 ], [ 129.051090866811194, 35.134507999872142 ], [ 129.051088283116115, 35.134495498728747 ], [ 129.051088017238527, 35.134494211025277 ], [ 129.05107931167106, 35.13445221000115 ], [ 129.051069263969623, 35.134417909687762 ], [ 129.051065550802974, 35.134410320570062 ], [ 129.05106000195255, 35.134399687647743 ], [ 129.051052600396758, 35.134389053231693 ], [ 129.051026689009689, 35.134358688675263 ], [ 129.05101744404638, 35.134349579898661 ], [ 129.051011142447351, 35.13434393173538 ], [ 129.050973037062391, 35.134307062154178 ], [ 129.050961156872091, 35.134297314535843 ], [ 129.050960269940816, 35.134296729019844 ], [ 129.050955406841041, 35.13429354907403 ], [ 129.050951850497142, 35.134291216131295 ], [ 129.050939425827721, 35.13428308215029 ], [ 129.050938414559653, 35.134282424279107 ], [ 129.050865662117616, 35.13423488938318 ], [ 129.050832643578019, 35.134213108018542 ], [ 129.05083018619473, 35.134211486817406 ], [ 129.050828571344965, 35.134210423773752 ], [ 129.050824367690467, 35.134207640196486 ], [ 129.050823193980079, 35.134206865401076 ], [ 129.050804700245664, 35.134197760523733 ], [ 129.050788050878936, 35.134191692084201 ], [ 129.050771381541608, 35.13418566988242 ], [ 129.050762160993145, 35.134182589895516 ], [ 129.050704989838522, 35.134169696455388 ], [ 129.050687585824193, 35.134167180079693 ], [ 129.050594336882114, 35.134153715987537 ], [ 129.050553779637966, 35.134147855212028 ], [ 129.050493318622699, 35.134140714580688 ], [ 129.050488369735262, 35.134140129656451 ], [ 129.050485308529005, 35.134139770309126 ], [ 129.050484000668348, 35.134139617552876 ], [ 129.050263631672522, 35.134113414431539 ], [ 129.05026144705127, 35.134113154782689 ], [ 129.050258605851099, 35.134112821471042 ], [ 129.050225740020238, 35.134108983650982 ], [ 129.050098619532292, 35.134094137580426 ], [ 129.050096293748879, 35.134093958152313 ], [ 129.049980290018027, 35.134084954628129 ], [ 129.04995002835696, 35.134082605377529 ], [ 129.049845228437192, 35.134074480824943 ], [ 129.049832730103958, 35.134073512785633 ], [ 129.049687570595125, 35.134062249209983 ], [ 129.049674809512624, 35.134059982573319 ], [ 129.049626397277763, 35.134054522173258 ], [ 129.049621185942897, 35.134053928841709 ], [ 129.049618530245027, 35.134053713967802 ], [ 129.049611896895669, 35.134099469975126 ], [ 129.049599330569976, 35.134186185418734 ], [ 129.049596051029539, 35.13420836012731 ], [ 129.04959169838952, 35.134269293547632 ], [ 129.049589301997202, 35.13430129264875 ], [ 129.049587870158518, 35.134346198605563 ], [ 129.049587793965998, 35.134348434658705 ], [ 129.049586169527828, 35.134382596781485 ], [ 129.049598803006774, 35.134410443769049 ], [ 129.049621463172286, 35.134433635542877 ], [ 129.049618874571678, 35.134435340221124 ], [ 129.04959650215946, 35.134453970574548 ], [ 129.049592579378356, 35.134463688727791 ], [ 129.049576364122686, 35.134503923156998 ], [ 129.049574176523834, 35.13451474073306 ], [ 129.049571112622345, 35.134529704299965 ], [ 129.049568599446673, 35.134545929368606 ], [ 129.049566849747805, 35.134557558195993 ], [ 129.049566305557107, 35.134564228087321 ], [ 129.049565980365344, 35.134570988006601 ], [ 129.049563351162703, 35.13457801993691 ], [ 129.049556989212221, 35.134581808741515 ], [ 129.049547235130547, 35.13458167742489 ], [ 129.049085329477322, 35.134590097538933 ], [ 129.048929634586869, 35.134591790480187 ], [ 129.048930264329044, 35.134600353149679 ], [ 129.048933578612264, 35.134637938660376 ], [ 129.048935014921597, 35.134655243853665 ], [ 129.048937334070757, 35.134682013724536 ], [ 129.048939211528136, 35.134703194751978 ], [ 129.048940649085381, 35.134721491707651 ], [ 129.048941753977317, 35.134735552646347 ], [ 129.048943301268707, 35.134754660579752 ], [ 129.048944407250076, 35.134768721504393 ], [ 129.048945401424476, 35.134781340352028 ], [ 129.048946838625, 35.134799907818895 ], [ 129.048949373337251, 35.13481847477177 ], [ 129.048955747976777, 35.134836499427934 ], [ 129.048963000977608, 35.134855875225952 ], [ 129.048970142146317, 35.134871376413493 ], [ 129.048977500264016, 35.134883902208379 ], [ 129.04898749528482, 35.134900573237076 ], [ 129.04899726946249, 35.134916073229064 ], [ 129.049003308474539, 35.134922290185266 ], [ 129.049011425809283, 35.134919853032663 ], [ 129.049035668873955, 35.134910559407267 ], [ 129.049045103491466, 35.134906860322616 ], [ 129.049066504863106, 35.134915865181405 ], [ 129.049073200403512, 35.134921631023794 ], [ 129.049076058558967, 35.134930734142984 ], [ 129.049084096404442, 35.134940149679828 ], [ 129.049093296971023, 35.134950918121582 ], [ 129.049105814889344, 35.13496704747795 ], [ 129.049127446709065, 35.13499534118457 ], [ 129.049152484413298, 35.135029493309794 ], [ 129.049175542758348, 35.135058057262754 ], [ 129.049189378843096, 35.135077430903458 ], [ 129.049201349099718, 35.135095182967312 ], [ 129.049211453961533, 35.135111853500241 ], [ 129.049225290811535, 35.135133120503212 ], [ 129.049235615430092, 35.135150152488322 ], [ 129.049248794881436, 35.135172230334959 ], [ 129.049267793361281, 35.135199803946399 ], [ 129.049278111215784, 35.1352077323983 ], [ 129.049290626210819, 35.135217912063489 ], [ 129.049314776630212, 35.135237552319921 ], [ 129.049333109749398, 35.135252598384426 ], [ 129.049358465240971, 35.135269804205819 ], [ 129.049376028210588, 35.135281334820277 ], [ 129.049388321785557, 35.135289441814983 ], [ 129.049398091081059, 35.135295296345454 ], [ 129.04941071618444, 35.135308271387011 ], [ 129.049411595284397, 35.135309892988836 ], [ 129.049430032496275, 35.135315835054634 ], [ 129.04944100568602, 35.135317452867987 ], [ 129.049456807421336, 35.135319790632764 ], [ 129.049473485952859, 35.135321136203807 ], [ 129.049493675972428, 35.135322390021166 ], [ 129.049510683013949, 35.135323464524674 ], [ 129.049530763308042, 35.135324718844849 ], [ 129.049557867726719, 35.135328222964624 ], [ 129.049581568918967, 35.13532965545609 ], [ 129.049605489599088, 35.135331088747094 ], [ 129.049633250688089, 35.13533270008616 ], [ 129.04965947712131, 35.135337016064618 ], [ 129.049676813518801, 35.135337459712403 ], [ 129.049695137391922, 35.135338173857015 ], [ 129.049743855466971, 35.135339866976032 ], [ 129.049781601182644, 35.135341203605705 ], [ 129.049810131329764, 35.135343085513782 ], [ 129.049832953844657, 35.135343616728939 ], [ 129.04986203077317, 35.135344236568081 ], [ 129.049888803927161, 35.135344857013521 ], [ 129.049923805937738, 35.135345563348771 ], [ 129.049957723095133, 35.135346244755674 ], [ 129.049964338855517, 35.135235762287955 ], [ 129.04996444777413, 35.135234040622088 ], [ 129.049964552047641, 35.13523247588558 ], [ 129.050001326652193, 35.135236026621023 ], [ 129.050260285304546, 35.135252525541596 ], [ 129.05059101328311, 35.135269995245984 ], [ 129.050671584439755, 35.135272567837809 ], [ 129.050693696563911, 35.135276209542511 ], [ 129.050717179247357, 35.135279895920036 ], [ 129.050808149907851, 35.13529446111221 ], [ 129.050847927772168, 35.135300979128871 ], [ 129.050848203014084, 35.135301023378737 ], [ 129.050902741478836, 35.135310015792342 ], [ 129.050904945612757, 35.135310375299589 ], [ 129.050955962174584, 35.135318737449062 ], [ 129.051067342072514, 35.135337890056057 ], [ 129.051135818288088, 35.135350121059432 ], [ 129.051181094368445, 35.135358403345471 ], [ 129.051182017389891, 35.135358575466171 ], [ 129.051209560278068, 35.135363610864545 ], [ 129.051341768825267, 35.135422758903651 ], [ 129.051402682294651, 35.135448773028472 ], [ 129.05145258609042, 35.135433302551135 ], [ 129.051458695108636, 35.13544637883377 ], [ 129.051465384777231, 35.135460672063871 ], [ 129.051473262716684, 35.135477434922777 ], [ 129.05147481339398, 35.13548072309132 ], [ 129.051446312499763, 35.13550780276632 ], [ 129.051388426504161, 35.135605715144827 ], [ 129.051328621557957, 35.135714605751986 ], [ 129.05159102649003, 35.135861083571442 ], [ 129.051965929340184, 35.13607035783695 ], [ 129.05210752829359, 35.135879635714545 ], [ 129.052111343186596, 35.13587447830772 ], [ 129.052281228258778, 35.135750047013438 ], [ 129.052311057366637, 35.135729114415419 ], [ 129.052297556271583, 35.135715867812237 ], [ 129.052174830866164, 35.135591237067715 ], [ 129.052317206212592, 35.135465582120467 ] ] ] } },
{ "type": "Feature", "properties": { "TOT_OA_CD": "21030700010006", "dong": "좌천동", "risk_norm": 0.85674801069013984, "high_risk": true, "aed_dist_night": 68.19128949139683, "covered_night": true, "gap": false, "elev": 41.0, "인구기준시점": "2026-06", "AED기준시점": "2026-07", "생성일": "2026-07-26" }, "geometry": { "type": "Polygon", "coordinates": [ [ [ 129.054740067569526, 35.136394474918397 ], [ 129.054741038005375, 35.136307677021939 ], [ 129.054742225103467, 35.136282488815588 ], [ 129.054742655220593, 35.136273362596413 ], [ 129.054988602010155, 35.136129428790845 ], [ 129.055008752000845, 35.136083320561362 ], [ 129.055010204605821, 35.136082194749825 ], [ 129.055011222418756, 35.136081406314759 ], [ 129.0550035883916, 35.136074048867613 ], [ 129.054955740557602, 35.136027936976319 ], [ 129.054905233753374, 35.13597613122338 ], [ 129.054677295792544, 35.13574377276958 ], [ 129.054562999603917, 35.135630072010159 ], [ 129.054222964917273, 35.135291940273916 ], [ 129.054141609745415, 35.135213826908149 ], [ 129.053973946953107, 35.135049700477872 ], [ 129.053973737792433, 35.135049493977789 ], [ 129.05396854463774, 35.135044374523524 ], [ 129.053967699188803, 35.135043547776213 ], [ 129.053960224231474, 35.135036350523485 ], [ 129.053958048485185, 35.135034248802718 ], [ 129.053874485347393, 35.134953811240564 ], [ 129.053783687556205, 35.134863563130942 ], [ 129.053781303654659, 35.134861192709621 ], [ 129.053764580859934, 35.134844578580356 ], [ 129.053736373796909, 35.134865005674868 ], [ 129.053661374285781, 35.134976923298346 ], [ 129.053566839392971, 35.135118009619276 ], [ 129.053342648123504, 35.135355397643487 ], [ 129.053332021555207, 35.135361512440269 ], [ 129.053291074329479, 35.135385082570338 ], [ 129.053225040721799, 35.13543546994606 ], [ 129.053137119012405, 35.135538279838791 ], [ 129.053105470734806, 35.135584362060413 ], [ 129.053087676482534, 35.135624128507324 ], [ 129.053088290754488, 35.13562451554224 ], [ 129.053103834381972, 35.135634289002205 ], [ 129.0531944433462, 35.135683852137113 ], [ 129.053192129974207, 35.135704837036464 ], [ 129.053184008360205, 35.135718198455464 ], [ 129.053177050683729, 35.135734416555117 ], [ 129.053170934160477, 35.13577833401046 ], [ 129.053205204682399, 35.13580228597008 ], [ 129.053134164597878, 35.135811699732074 ], [ 129.053130415176099, 35.135869468944669 ], [ 129.053130136181778, 35.135874541366597 ], [ 129.05318716382132, 35.135876507074187 ], [ 129.053191185706254, 35.1358766448542 ], [ 129.053209005117026, 35.135877259411785 ], [ 129.053224508071509, 35.135875585628085 ], [ 129.053172735120228, 35.135954547967124 ], [ 129.053044893778775, 35.13605643863874 ], [ 129.052981518009602, 35.136106493382727 ], [ 129.052951136926652, 35.136130488758553 ], [ 129.05286480233832, 35.136196144367609 ], [ 129.052736684891073, 35.136295383922217 ], [ 129.052723381073037, 35.13630484461261 ], [ 129.052723786860383, 35.136305232532642 ], [ 129.052724007005168, 35.13630543978833 ], [ 129.052725653818726, 35.136306908138756 ], [ 129.052739925213075, 35.136319674175056 ], [ 129.052804590161259, 35.136377243695499 ], [ 129.052848684660347, 35.136417528761299 ], [ 129.052970310591348, 35.136528646915075 ], [ 129.052971962623417, 35.136530160285275 ], [ 129.052981108882591, 35.136523414416928 ], [ 129.053114869050802, 35.13644220930184 ], [ 129.053181928059956, 35.136401498480602 ], [ 129.05346188774115, 35.136667455800733 ], [ 129.053268269946983, 35.136781945277271 ], [ 129.053258740909968, 35.13678934075039 ], [ 129.053261234139825, 35.136791513219023 ], [ 129.053274264578931, 35.136802846193518 ], [ 129.053290623724735, 35.136817170465946 ], [ 129.053363747452096, 35.136891501250169 ], [ 129.053416120569239, 35.136945200512692 ], [ 129.053425238138317, 35.136962592016012 ], [ 129.053433917571795, 35.13697899281857 ], [ 129.053442082996185, 35.136998261046678 ], [ 129.053442089936368, 35.137010411058043 ], [ 129.053441641823696, 35.137013745566072 ], [ 129.05343964423264, 35.137028646843859 ], [ 129.053434715381087, 35.137042817555098 ], [ 129.05342342292434, 35.137056181775904 ], [ 129.053414223516597, 35.137067064032649 ], [ 129.053326387156062, 35.137151738869811 ], [ 129.053301382595407, 35.137173472699907 ], [ 129.05326744318063, 35.137203146159962 ], [ 129.053273676438351, 35.137218752471469 ], [ 129.053284190114539, 35.13724504207557 ], [ 129.053479379144676, 35.137301625734601 ], [ 129.053707559615901, 35.137354646580491 ], [ 129.053915624572198, 35.137362825492716 ], [ 129.054181884274982, 35.137329743713465 ], [ 129.054193388235859, 35.137326527948787 ], [ 129.054193920000102, 35.137326384068466 ], [ 129.054204911936154, 35.137323311035587 ], [ 129.054217997984551, 35.137319658465813 ], [ 129.054222009121105, 35.137318537675839 ], [ 129.054266922383704, 35.137305988137179 ], [ 129.054399164755608, 35.137300070263947 ], [ 129.054419581906842, 35.137299156457097 ], [ 129.05443309251902, 35.137298553061179 ], [ 129.054489751669678, 35.1372833354324 ], [ 129.054502493528162, 35.137280111873025 ], [ 129.054531018047186, 35.137272884653683 ], [ 129.054532128927661, 35.13727260350521 ], [ 129.054794978121805, 35.137205998968255 ], [ 129.054862561178027, 35.137188873833495 ], [ 129.05490656070765, 35.137126730068537 ], [ 129.05499273121157, 35.137081974470846 ], [ 129.05501664149017, 35.137069558049362 ], [ 129.055048915236512, 35.137052812072895 ], [ 129.05515084784949, 35.136999870280569 ], [ 129.055146795883559, 35.136991746490345 ], [ 129.0551397849664, 35.136977683911198 ], [ 129.055099950740129, 35.136897807583232 ], [ 129.055015336968495, 35.136728129418643 ], [ 129.05498270100955, 35.136662690115514 ], [ 129.054942117161687, 35.136617826595867 ], [ 129.05487908719229, 35.136548149344911 ], [ 129.054800691239819, 35.136461488171108 ], [ 129.054768342294494, 35.136425728864801 ], [ 129.054740067569526, 35.136394474918397 ] ] ] } },
{ "type": "Feature", "properties": { "TOT_OA_CD": "21030700010009", "dong": "좌천동", "risk_norm": 0.48117916643612185, "high_risk": false, "aed_dist_night": 268.01853129930112, "covered_night": false, "gap": false, "elev": 72.0, "인구기준시점": "2026-06", "AED기준시점": "2026-07", "생성일": "2026-07-26" }, "geometry": { "type": "Polygon", "coordinates": [ [ [ 129.047841271658996, 35.135575639746449 ], [ 129.047884220293241, 35.135557634065563 ], [ 129.047858461801837, 35.135489851785429 ], [ 129.048026815389306, 35.135439699093311 ], [ 129.048047129080516, 35.135427774494424 ], [ 129.048177732891418, 35.135346637669507 ], [ 129.0482059653487, 35.135326192610052 ], [ 129.048207038398886, 35.135325479226225 ], [ 129.048267702655465, 35.135301292791077 ], [ 129.048330052490769, 35.135272342298343 ], [ 129.048393649731878, 35.135238905675045 ], [ 129.048400450086206, 35.135234846255223 ], [ 129.048408328174872, 35.135233741175064 ], [ 129.048427850630731, 35.135213829317969 ], [ 129.04840866737652, 35.135215372805142 ], [ 129.048372454969922, 35.135209978701951 ], [ 129.048341836380246, 35.135199986127752 ], [ 129.048312204332404, 35.135187377984245 ], [ 129.048289592860897, 35.135172604593734 ], [ 129.048267755238271, 35.135168556808452 ], [ 129.048256563581816, 35.135168380646228 ], [ 129.048239886800644, 35.135169559386952 ], [ 129.048229134124227, 35.135171005916838 ], [ 129.048228145116838, 35.135167580725614 ], [ 129.048225836472625, 35.135159379419136 ], [ 129.048221217544153, 35.135142255520904 ], [ 129.048215280373597, 35.135120895540133 ], [ 129.048208353172583, 35.13509529985707 ], [ 129.048199784096539, 35.135077185058108 ], [ 129.04819681954919, 35.135072950201078 ], [ 129.04820246959639, 35.135052252716569 ], [ 129.048188744445838, 35.13501658270399 ], [ 129.048149407897114, 35.134918061306379 ], [ 129.048147017575246, 35.134896386422916 ], [ 129.048183442630659, 35.134897370798789 ], [ 129.048211969914462, 35.134896097460079 ], [ 129.048256406983199, 35.134894007711644 ], [ 129.04827976580674, 35.134892727383324 ], [ 129.048301062240711, 35.134891556328583 ], [ 129.048365907280612, 35.134888557496893 ], [ 129.048387818148029, 35.134887493965991 ], [ 129.048397616641523, 35.134887012633342 ], [ 129.048427350552771, 35.134885648983044 ], [ 129.048444027437085, 35.134883839984546 ], [ 129.048448207105082, 35.134883621581864 ], [ 129.048494169062906, 35.13488120663532 ], [ 129.048521811759713, 35.134869099005094 ], [ 129.048539522505394, 35.134851759172648 ], [ 129.048567369228465, 35.134830953802101 ], [ 129.048588387764312, 35.134822761803598 ], [ 129.048639955860608, 35.134839930258238 ], [ 129.048666448775521, 35.134848825949348 ], [ 129.048694886235182, 35.134844551275911 ], [ 129.048693842390264, 35.134842460270136 ], [ 129.048694591172278, 35.134809560800875 ], [ 129.048695047165836, 35.134705110425394 ], [ 129.048695269772594, 35.134654165596693 ], [ 129.048691066136286, 35.134594767947171 ], [ 129.04868829822729, 35.134552585355436 ], [ 129.048678377395333, 35.134473360374677 ], [ 129.048671653247453, 35.134419551561848 ], [ 129.048669771148923, 35.134389716943609 ], [ 129.048669871683671, 35.134372771671856 ], [ 129.048688295812696, 35.134357351227287 ], [ 129.048717467841044, 35.134333633788096 ], [ 129.048757269495297, 35.134286567600363 ], [ 129.048768638067571, 35.134269086103451 ], [ 129.048745754403967, 35.13425783705997 ], [ 129.048700766912475, 35.13423559949895 ], [ 129.048649007342732, 35.134267582207116 ], [ 129.048588513482485, 35.134298170801969 ], [ 129.048521143568422, 35.134316647501137 ], [ 129.048505642808578, 35.134322656502867 ], [ 129.048473797592152, 35.134335387638096 ], [ 129.048431073237907, 35.134338360784099 ], [ 129.048432920075697, 35.1343245506458 ], [ 129.048435479067507, 35.134309515105016 ], [ 129.048443878405152, 35.134280650857207 ], [ 129.0484383747104, 35.134270124541423 ], [ 129.048423365427311, 35.134251490684527 ], [ 129.048367358992266, 35.134245491201092 ], [ 129.048349059222431, 35.13424731009237 ], [ 129.048325635610496, 35.134251825374719 ], [ 129.04832051586402, 35.134258443706521 ], [ 129.048304045528965, 35.134257242243059 ], [ 129.048242178452369, 35.134228702484101 ], [ 129.048226078337734, 35.134221317541353 ], [ 129.048233739946824, 35.134206756853828 ], [ 129.048234809177927, 35.134139704742921 ], [ 129.048221960851265, 35.134082283838829 ], [ 129.048227805036902, 35.134054916465558 ], [ 129.048265120400202, 35.134035063122212 ], [ 129.048257418890586, 35.133998074626042 ], [ 129.048263629009625, 35.133977629652712 ], [ 129.048315684332294, 35.133907943351787 ], [ 129.048336040966262, 35.133874774363207 ], [ 129.048361254152212, 35.133815527309146 ], [ 129.048369459163467, 35.133774719180444 ], [ 129.048377166556207, 35.133764549673941 ], [ 129.048402921435155, 35.13373054893831 ], [ 129.048464580057441, 35.133684925585584 ], [ 129.048597620589021, 35.133652298184543 ], [ 129.048647832195542, 35.133620424571497 ], [ 129.048666326926366, 35.133612449651949 ], [ 129.048684862350285, 35.133655878728575 ], [ 129.04869849943637, 35.133654855102996 ], [ 129.048994141902512, 35.133632592858341 ], [ 129.049052299295823, 35.133622439210789 ], [ 129.049123664068645, 35.133606484317667 ], [ 129.049127301117096, 35.133786006482687 ], [ 129.04929482951016, 35.133964021829577 ], [ 129.04937323744997, 35.133926349754837 ], [ 129.049411326680854, 35.133916600444628 ], [ 129.049414112882374, 35.133915823698516 ], [ 129.049431923893138, 35.133959109517448 ], [ 129.049448880748429, 35.133985466776203 ], [ 129.049469388365083, 35.134005234728974 ], [ 129.049493471497954, 35.134021341514675 ], [ 129.049511810973968, 35.134030194329014 ], [ 129.049536831361024, 35.134037377557512 ], [ 129.049553478310401, 35.134041184055071 ], [ 129.049602695699065, 35.134052413508975 ], [ 129.049618530245027, 35.134053713967802 ], [ 129.049621185942897, 35.134053928841709 ], [ 129.049626397277763, 35.134054522173258 ], [ 129.049635215013723, 35.134011216779868 ], [ 129.049637403272726, 35.134000490268392 ], [ 129.049640466154443, 35.13398489558648 ], [ 129.049643637658249, 35.13396848895735 ], [ 129.04964911110207, 35.133947124707603 ], [ 129.049650964737225, 35.133927023880496 ], [ 129.049654234197874, 35.133888624796583 ], [ 129.049654875289548, 35.133859330443471 ], [ 129.049655845668696, 35.133830846942182 ], [ 129.049659923776119, 35.133814151916113 ], [ 129.049662851065506, 35.133802000407734 ], [ 129.049673478634304, 35.133776127077645 ], [ 129.0496833389127, 35.133751697126783 ], [ 129.04969418954974, 35.133731051167416 ], [ 129.049710300372453, 35.133700488757746 ], [ 129.049727399160332, 35.133669475498571 ], [ 129.049744828308008, 35.133642517954947 ], [ 129.04975710285143, 35.133617725321876 ], [ 129.049772339082665, 35.13359302192498 ], [ 129.049793166898951, 35.13355921286356 ], [ 129.049804039139815, 35.133538783917928 ], [ 129.04980434538237, 35.133538206587929 ], [ 129.049806208810423, 35.133534780968709 ], [ 129.049810261767647, 35.133522610552738 ], [ 129.049809486922896, 35.133512245618469 ], [ 129.049808383283505, 35.133500978751613 ], [ 129.049820550777241, 35.133481774783142 ], [ 129.049840720317832, 35.133449949539596 ], [ 129.049852669392976, 35.133431557096813 ], [ 129.04985967950131, 35.133410551822024 ], [ 129.049864276733445, 35.133392703322762 ], [ 129.049876992826853, 35.133372507740958 ], [ 129.049894321369351, 35.133359701368185 ], [ 129.049925470877923, 35.133341391497318 ], [ 129.049956948610003, 35.133321639347713 ], [ 129.049982178717158, 35.133310542337881 ], [ 129.049983274853162, 35.133310063965482 ], [ 129.049985908009347, 35.133308918605856 ], [ 129.050007183188171, 35.133290612416296 ], [ 129.050040839655452, 35.133244178889846 ], [ 129.050062874691719, 35.133212983432998 ], [ 129.050078002719005, 35.133190803202353 ], [ 129.050099489237539, 35.133159157628661 ], [ 129.050119329797013, 35.133126430444548 ], [ 129.0501417980295, 35.133086130354101 ], [ 129.050172482358619, 35.133023202867271 ], [ 129.050184407203318, 35.132996591623815 ], [ 129.050198013596003, 35.132966227038416 ], [ 129.05022200370783, 35.132901770432092 ], [ 129.050266574530724, 35.132776138484139 ], [ 129.050278728736629, 35.132731237749319 ], [ 129.050245284382328, 35.132733323744496 ], [ 129.050193363462199, 35.132736568424363 ], [ 129.050160221729129, 35.132738639690338 ], [ 129.050120240865027, 35.132741143756611 ], [ 129.050098951351572, 35.132753185770852 ], [ 129.050048585722976, 35.132781679972176 ], [ 129.050032253311628, 35.132790924873959 ], [ 129.04997764253514, 35.132823360227214 ], [ 129.049904464746049, 35.132869790739832 ], [ 129.049852718346187, 35.132902630291326 ], [ 129.049787798359375, 35.13294148705031 ], [ 129.049781809228932, 35.132945076359704 ], [ 129.049780328243173, 35.132946095198122 ], [ 129.049760794269133, 35.13295840680572 ], [ 129.049731073183381, 35.132979519513 ], [ 129.049708939714066, 35.132994463704023 ], [ 129.049620497400213, 35.13305531402824 ], [ 129.049581638822701, 35.133081027305295 ], [ 129.049581035376548, 35.133081441625905 ], [ 129.049579598844673, 35.133082433754126 ], [ 129.049553593660477, 35.133098903372364 ], [ 129.049549930845188, 35.133101662267194 ], [ 129.04954938230739, 35.133102077708315 ], [ 129.049498373818864, 35.133140513892975 ], [ 129.049427515817541, 35.133196741134647 ], [ 129.049399045786288, 35.133218204745276 ], [ 129.049374335957737, 35.133236836950601 ], [ 129.049344722361354, 35.133256047590507 ], [ 129.049312801002486, 35.133268958418654 ], [ 129.04927802819617, 35.133283024631154 ], [ 129.0492513671864, 35.133285856670824 ], [ 129.049248042892401, 35.133286209339246 ], [ 129.049177969466456, 35.133293609503632 ], [ 129.049075949746253, 35.133292622885541 ], [ 129.048999441067338, 35.133291886140775 ], [ 129.048943727214549, 35.133295504282117 ], [ 129.048873892321893, 35.133300029616734 ], [ 129.048816433454419, 35.133303765552391 ], [ 129.048720905749576, 35.133313916205353 ], [ 129.048685325605476, 35.133317697927289 ], [ 129.048628028067554, 35.133335864749483 ], [ 129.048585848008941, 35.133349239196427 ], [ 129.048535583723009, 35.133365167539687 ], [ 129.048482014287487, 35.133394978741599 ], [ 129.048479973402749, 35.133396106594219 ], [ 129.048446081248301, 35.133414957871217 ], [ 129.048365597059956, 35.133469215794783 ], [ 129.048324886491855, 35.133497487643965 ], [ 129.048300263280225, 35.133513118873687 ], [ 129.048279810473844, 35.133530828224394 ], [ 129.048258227535541, 35.133551451614295 ], [ 129.048222241546881, 35.133591422771275 ], [ 129.048205897899322, 35.133609946980037 ], [ 129.048199698051803, 35.133617949562556 ], [ 129.04817018088329, 35.133656069107062 ], [ 129.048154553360007, 35.133686506141743 ], [ 129.048143099707346, 35.133710162043322 ], [ 129.048136963589883, 35.133722864818296 ], [ 129.048134443543063, 35.13372807585997 ], [ 129.048125981348733, 35.133745565254806 ], [ 129.048116988854559, 35.133772726728829 ], [ 129.048099399815072, 35.133826922861793 ], [ 129.048084843136564, 35.133871779243158 ], [ 129.048074340216147, 35.133907162858542 ], [ 129.048061440839064, 35.133952893332001 ], [ 129.048041103296327, 35.134017104545016 ], [ 129.048024302201441, 35.134069967917938 ], [ 129.04800821340811, 35.134121846677296 ], [ 129.047990777764397, 35.134178179472897 ], [ 129.047982979378332, 35.134203375484681 ], [ 129.047978435169597, 35.134218077515612 ], [ 129.047976266278823, 35.13422508189889 ], [ 129.047973964730033, 35.134232500908574 ], [ 129.047913812505527, 35.134189081373769 ], [ 129.047837105167503, 35.134125019010241 ], [ 129.047731144379725, 35.134085421364766 ], [ 129.04772862692792, 35.134093264211096 ], [ 129.047719971107426, 35.134115259606858 ], [ 129.047705402417705, 35.134159612091075 ], [ 129.047699821907258, 35.134187466528246 ], [ 129.047692920687922, 35.13420567710552 ], [ 129.047682176346513, 35.13422280700587 ], [ 129.047672448643794, 35.134286806898622 ], [ 129.047671036408161, 35.134313668624969 ], [ 129.047664361548357, 35.134346389553116 ], [ 129.047657359482912, 35.134381364150677 ], [ 129.047636985598245, 35.134441763727459 ], [ 129.047615406948353, 35.134506939200087 ], [ 129.047595687922097, 35.1345627412095 ], [ 129.047585242269662, 35.134584522345698 ], [ 129.04757402460902, 35.134613065492779 ], [ 129.047545423870361, 35.134639097907048 ], [ 129.047500386757036, 35.134646243168525 ], [ 129.047491722669292, 35.13465418071435 ], [ 129.047479306058761, 35.134663856709182 ], [ 129.047472857612576, 35.134668879011166 ], [ 129.047434585016759, 35.134703594814738 ], [ 129.047416927719695, 35.134720637194093 ], [ 129.047416056997946, 35.134729201014032 ], [ 129.04741409340545, 35.134752277589726 ], [ 129.047411683584016, 35.134760299381291 ], [ 129.047407571552156, 35.134801149825485 ], [ 129.047402494439808, 35.134847319519409 ], [ 129.047407757592993, 35.134881326934853 ], [ 129.047422579839463, 35.134934275943522 ], [ 129.04742167081298, 35.134934493124689 ], [ 129.047401120709736, 35.134939492632085 ], [ 129.047390524257366, 35.134940956937385 ], [ 129.047390040514784, 35.134941029839283 ], [ 129.047373977125261, 35.134943243789685 ], [ 129.047339592864802, 35.134949711070725 ], [ 129.047277508350845, 35.134959397430329 ], [ 129.047173775228003, 35.134960193729341 ], [ 129.047121336093966, 35.134955507777597 ], [ 129.04707520757978, 35.13495138855064 ], [ 129.047014329642565, 35.13494467888723 ], [ 129.046889850755946, 35.134930969624648 ], [ 129.046772539827685, 35.134922648721542 ], [ 129.04666330650042, 35.134914893585915 ], [ 129.04662848241253, 35.134916447110172 ], [ 129.046626914187897, 35.134916512218659 ], [ 129.046582873033429, 35.134918475490743 ], [ 129.046586162173696, 35.134970454712793 ], [ 129.046586802785328, 35.134979314799018 ], [ 129.046677841890556, 35.134982525513941 ], [ 129.046747106081199, 35.134994046598614 ], [ 129.046815015036486, 35.135017122887156 ], [ 129.046817599421701, 35.135046695229761 ], [ 129.046831672084579, 35.135057253754027 ], [ 129.046836823133106, 35.135086681548536 ], [ 129.04684439482088, 35.135112544100394 ], [ 129.0468793219286, 35.135103901603912 ], [ 129.04689857903179, 35.135100458639066 ], [ 129.046953156266881, 35.135106538366472 ], [ 129.046942673034494, 35.135153146695636 ], [ 129.046982537856962, 35.135162540127808 ], [ 129.047003190200883, 35.135166768266345 ], [ 129.047014933067686, 35.135169045466519 ], [ 129.047022038115045, 35.135177605710659 ], [ 129.047041159531602, 35.135174012091063 ], [ 129.047043846056027, 35.135153405703477 ], [ 129.047041220051455, 35.1351393894113 ], [ 129.047051090546944, 35.135138418566676 ], [ 129.047142596427307, 35.135132471612067 ], [ 129.047158187771117, 35.13513216342519 ], [ 129.047240339170628, 35.135128470840272 ], [ 129.047251710051171, 35.135156968938986 ], [ 129.047207270960484, 35.135189760050501 ], [ 129.047221954214336, 35.135199984368604 ], [ 129.047247137023902, 35.135179379230181 ], [ 129.047294793801825, 35.135220461154219 ], [ 129.047374082460522, 35.135351179537423 ], [ 129.047451336203153, 35.135403532231791 ], [ 129.047463660983851, 35.135426636428662 ], [ 129.047503116027656, 35.13550419226096 ], [ 129.047474169785659, 35.135514074869178 ], [ 129.047484586141906, 35.135524199497539 ], [ 129.047469120739663, 35.13552983192519 ], [ 129.047503379444095, 35.13557882616022 ], [ 129.047527829459739, 35.135566123899622 ], [ 129.047560557528357, 35.135597858272902 ], [ 129.047616906336913, 35.135567334853889 ], [ 129.04764217911972, 35.135600074147277 ], [ 129.047565336630441, 35.135633829242472 ], [ 129.047555577533103, 35.135638310482456 ], [ 129.047665611924174, 35.135739763616833 ], [ 129.04766271387544, 35.135742983331305 ], [ 129.047707193984536, 35.135791439373804 ], [ 129.047709786554293, 35.135845195526834 ], [ 129.047710598925448, 35.135866194512644 ], [ 129.047735095846718, 35.135843906618689 ], [ 129.047750345576191, 35.135822358032584 ], [ 129.047769525636511, 35.1357844581051 ], [ 129.047847161447919, 35.13573584495694 ], [ 129.047887054683599, 35.135715296986525 ], [ 129.047863586141233, 35.135682037019215 ], [ 129.047823769941061, 35.135610645711814 ], [ 129.047812566194466, 35.135587918565285 ], [ 129.047841271658996, 35.135575639746449 ] ] ] } },
{ "type": "Feature", "properties": { "TOT_OA_CD": "21030700010011", "dong": "좌천동", "risk_norm": 0.77273901195794514, "high_risk": true, "aed_dist_night": 144.79021959211289, "covered_night": true, "gap": false, "elev": 97.0, "인구기준시점": "2026-06", "AED기준시점": "2026-07", "생성일": "2026-07-26" }, "geometry": { "type": "Polygon", "coordinates": [ [ [ 129.047587483928908, 35.138708886410974 ], [ 129.047639510955236, 35.138661642791668 ], [ 129.047647339251427, 35.138653481483303 ], [ 129.04767209285302, 35.138627663208013 ], [ 129.047675099061024, 35.138624529540664 ], [ 129.047680998892588, 35.138620949623963 ], [ 129.047732612960715, 35.138589640018687 ], [ 129.047733670558443, 35.138588919647901 ], [ 129.047767285166543, 35.138566069837367 ], [ 129.047772324099071, 35.138562644267324 ], [ 129.047831213976167, 35.138543508066221 ], [ 129.047899680991208, 35.138524351388519 ], [ 129.047942918739153, 35.138516086590464 ], [ 129.047952501225865, 35.138514261911133 ], [ 129.048025911056953, 35.138500285785447 ], [ 129.048037243347011, 35.138498126790878 ], [ 129.04812039093386, 35.138450648497916 ], [ 129.048120844791811, 35.138450389354254 ], [ 129.048114690461574, 35.138427369597522 ], [ 129.048114326663267, 35.138426010121137 ], [ 129.048168514315023, 35.138414523613527 ], [ 129.048240423984993, 35.138398771415552 ], [ 129.048258408916155, 35.138392854204092 ], [ 129.048399745055576, 35.138338266766937 ], [ 129.048424260296741, 35.138328798495323 ], [ 129.048424423772218, 35.138328215770784 ], [ 129.048436728333002, 35.13828490196066 ], [ 129.048534537540775, 35.138273614239267 ], [ 129.048538556825065, 35.138279462118128 ], [ 129.048570026079261, 35.138325262981013 ], [ 129.048573384164968, 35.138324075023 ], [ 129.04861082681137, 35.138310844961651 ], [ 129.048715089642513, 35.138273996852078 ], [ 129.048752197431895, 35.138335967212235 ], [ 129.048777776971207, 35.138378685857809 ], [ 129.048767430801945, 35.138449236696509 ], [ 129.048844430152968, 35.138554755226181 ], [ 129.048844907452633, 35.138555386543757 ], [ 129.048981616000162, 35.138497783096916 ], [ 129.049118034669846, 35.138376816134787 ], [ 129.049133644750981, 35.13835690191101 ], [ 129.049137209217662, 35.138352358218064 ], [ 129.049138223069178, 35.138351066770504 ], [ 129.049280660921426, 35.138169426253491 ], [ 129.049380509353398, 35.138029746684758 ], [ 129.049425782699615, 35.137966407419206 ], [ 129.049453048201968, 35.137893350078947 ], [ 129.049455073573625, 35.137887923533576 ], [ 129.049516628380132, 35.137723073707761 ], [ 129.049545445977458, 35.1376495078297 ], [ 129.049547878812859, 35.137643286253514 ], [ 129.049534072604189, 35.137612545668858 ], [ 129.049473514301752, 35.13755581085114 ], [ 129.049435353234742, 35.137520916037424 ], [ 129.049429007964392, 35.137515114167634 ], [ 129.049374827965238, 35.137465570149573 ], [ 129.049357899835485, 35.137450091382114 ], [ 129.049301811716532, 35.137401151437089 ], [ 129.049243955916779, 35.137350671628752 ], [ 129.049072983474929, 35.137201483422729 ], [ 129.049023273055042, 35.137162010812823 ], [ 129.048982934172443, 35.137129977462926 ], [ 129.04893649607564, 35.137093075804707 ], [ 129.048916471903965, 35.137112535240526 ], [ 129.048692604781678, 35.137334194668114 ], [ 129.048687589455056, 35.137339150014334 ], [ 129.048686945345906, 35.137338812040021 ], [ 129.048661182577121, 35.13732128132218 ], [ 129.048523185553961, 35.137254381992378 ], [ 129.048457858620196, 35.137222706595495 ], [ 129.048393149137809, 35.137215692295499 ], [ 129.048286544779245, 35.137207134204225 ], [ 129.048248534051368, 35.137201470022937 ], [ 129.0482519870516, 35.137178231953115 ], [ 129.04821508850381, 35.137049243746638 ], [ 129.048182684180347, 35.1369851520152 ], [ 129.048132179770136, 35.13687728834968 ], [ 129.048090516450031, 35.136798236364456 ], [ 129.048088089097718, 35.136793623155754 ], [ 129.048040724673172, 35.136703766040512 ], [ 129.048016419868134, 35.13664438624135 ], [ 129.048015156054106, 35.136641285522941 ], [ 129.048014815445299, 35.136640455894884 ], [ 129.04801367274797, 35.136637666474648 ], [ 129.047989957303542, 35.136647731250122 ], [ 129.047952715506455, 35.136666376321955 ], [ 129.04792112480601, 35.136682341759645 ], [ 129.047897321465996, 35.136695242270712 ], [ 129.047874396071364, 35.136708138783696 ], [ 129.047857723643858, 35.136720405418117 ], [ 129.04785681319396, 35.136721072525724 ], [ 129.04785635212437, 35.136721414718224 ], [ 129.047845551187407, 35.136729423784196 ], [ 129.047828660611714, 35.136743039304584 ], [ 129.047809576794521, 35.136758551007112 ], [ 129.047793454940944, 35.136774509923384 ], [ 129.047784791862995, 35.136783437467273 ], [ 129.04776121658324, 35.136808504995635 ], [ 129.047740380327184, 35.136829603812593 ], [ 129.047720529959179, 35.136847819288057 ], [ 129.047711314827922, 35.136851878872875 ], [ 129.047704764837107, 35.136853053478987 ], [ 129.047679091853723, 35.136857642434236 ], [ 129.04762865904641, 35.136833306595975 ], [ 129.047624292656621, 35.136835145755157 ], [ 129.047440712162683, 35.136932590800235 ], [ 129.047439527239959, 35.136933192863516 ], [ 129.047383079068936, 35.136965186226995 ], [ 129.047381854981239, 35.136965809529364 ], [ 129.047382788672451, 35.13696689215184 ], [ 129.047442373855432, 35.137053439641107 ], [ 129.047466713551444, 35.137101338851103 ], [ 129.047477750815631, 35.137123032209189 ], [ 129.047520205198396, 35.137252076844923 ], [ 129.047532364380089, 35.137330952310307 ], [ 129.047533934858365, 35.13734115022401 ], [ 129.047536161922039, 35.13735559264272 ], [ 129.047502616134466, 35.137384606693097 ], [ 129.047481475694525, 35.137411449910736 ], [ 129.047470025350776, 35.137440766914956 ], [ 129.047495522543954, 35.137506902653712 ], [ 129.047495637938283, 35.137507201437352 ], [ 129.047493555512887, 35.13756656218608 ], [ 129.047493571806228, 35.137574092250532 ], [ 129.047488506708362, 35.137573812525162 ], [ 129.047488500313023, 35.137574171436903 ], [ 129.047488420417096, 35.137578648082695 ], [ 129.047487074080436, 35.137654864064203 ], [ 129.047485066637449, 35.137734075586579 ], [ 129.047485246152888, 35.137739673182075 ], [ 129.047502325387313, 35.137742215789977 ], [ 129.047517755582135, 35.137801503430225 ], [ 129.047453995783286, 35.137833895842022 ], [ 129.047438103297054, 35.137840182906437 ], [ 129.047378762792221, 35.13789614648676 ], [ 129.047336578503234, 35.137935642050415 ], [ 129.047333236911356, 35.137969770177769 ], [ 129.04731366347545, 35.137991849973304 ], [ 129.04722648536449, 35.138034388755862 ], [ 129.047177407064964, 35.138054804938179 ], [ 129.047142938857576, 35.138079526394932 ], [ 129.047122013196855, 35.138094534083159 ], [ 129.047073012515455, 35.138117256469066 ], [ 129.047060823651606, 35.138124613302082 ], [ 129.047060903501233, 35.138125235290993 ], [ 129.047062012479842, 35.138133841444215 ], [ 129.047064914308606, 35.138156338355046 ], [ 129.047068718464317, 35.138179534250071 ], [ 129.047069903204772, 35.138186751853986 ], [ 129.047070267130863, 35.138188988613742 ], [ 129.047071726574586, 35.138197903137261 ], [ 129.047072477217228, 35.138202479134264 ], [ 129.047073570149195, 35.138209135297359 ], [ 129.047073877995018, 35.13821101934294 ], [ 129.047075916187907, 35.138223488775225 ], [ 129.047045018649271, 35.138247239555923 ], [ 129.047033577237272, 35.138252391385528 ], [ 129.047014097615403, 35.138261166671306 ], [ 129.046954145183861, 35.138273917290313 ], [ 129.046947277846868, 35.138275380826634 ], [ 129.046858198250476, 35.138369836790439 ], [ 129.046842900601234, 35.138381814335013 ], [ 129.046835742837118, 35.138387420001912 ], [ 129.046737766288686, 35.138464142959549 ], [ 129.046712719428342, 35.138492342328696 ], [ 129.046987459607323, 35.138620812556724 ], [ 129.046980917398258, 35.138718926546595 ], [ 129.046987943835973, 35.13872088167615 ], [ 129.046951165517498, 35.138788616893898 ], [ 129.046934850834049, 35.138818659548171 ], [ 129.046988900041214, 35.138813523592894 ], [ 129.047218408490181, 35.138794147488731 ], [ 129.047260847564246, 35.138794416969347 ], [ 129.047275651386514, 35.138709663063729 ], [ 129.047311800328799, 35.138712321881854 ], [ 129.047322030447617, 35.138712063183064 ], [ 129.047323058957659, 35.138732421054748 ], [ 129.047467507406367, 35.138735615313202 ], [ 129.047464589092584, 35.138750759079635 ], [ 129.047445111523047, 35.138851728683086 ], [ 129.04750400934509, 35.13885508776972 ], [ 129.047506826563875, 35.1388428385306 ], [ 129.047513576328299, 35.138813476115359 ], [ 129.047545050534268, 35.138755010290431 ], [ 129.047587483928908, 35.138708886410974 ] ] ] } },
{ "type": "Feature", "properties": { "TOT_OA_CD": "21030700010001", "dong": "좌천동", "risk_norm": 0.62299439336570517, "high_risk": true, "aed_dist_night": 85.139013122721337, "covered_night": true, "gap": false, "elev": 7.0, "인구기준시점": "2026-06", "AED기준시점": "2026-07", "생성일": "2026-07-26" }, "geometry": { "type": "Polygon", "coordinates": [ [ [ 129.052249484350369, 35.132163851129349 ], [ 129.052131484347314, 35.132044334894616 ], [ 129.051973482480548, 35.131892287722728 ], [ 129.051919051166351, 35.131839905208629 ], [ 129.051783224133885, 35.131704064257598 ], [ 129.051725916283431, 35.131646750621627 ], [ 129.051408175098118, 35.131328978116642 ], [ 129.051406253102812, 35.131327055247084 ], [ 129.051162299951557, 35.131083076408792 ], [ 129.05112718997222, 35.131047477622332 ], [ 129.050955682014688, 35.131162723489993 ], [ 129.050767175668483, 35.131198683403802 ], [ 129.050761945273251, 35.131199680799632 ], [ 129.0502572421926, 35.131295957789646 ], [ 129.050234110681885, 35.131272468310435 ], [ 129.050232255151684, 35.131270576110595 ], [ 129.050225141433373, 35.131263350535939 ], [ 129.049919830223246, 35.131117569739622 ], [ 129.049916329297645, 35.131115894247984 ], [ 129.049910380945363, 35.13111305725166 ], [ 129.049889946329444, 35.131161846986437 ], [ 129.0498697983694, 35.131226284180642 ], [ 129.049868604105427, 35.131230558678894 ], [ 129.049808682388857, 35.131444537488306 ], [ 129.049814914099755, 35.13146498660096 ], [ 129.049846005284508, 35.131459502905578 ], [ 129.04990484202051, 35.131469240588657 ], [ 129.049950693517303, 35.131487042431807 ], [ 129.049943790596615, 35.131504081051609 ], [ 129.050125549936752, 35.131613117643383 ], [ 129.050131966932611, 35.131611492884929 ], [ 129.050156014968337, 35.131607543615573 ], [ 129.05017424806249, 35.131603570438628 ], [ 129.050258146095047, 35.131615732733742 ], [ 129.050252635247091, 35.131647787009221 ], [ 129.050240189309619, 35.131751628065132 ], [ 129.050207408372785, 35.131792743521729 ], [ 129.05019333687261, 35.131802673566888 ], [ 129.050191176251786, 35.131804197888968 ], [ 129.05016265042039, 35.131824245949851 ], [ 129.05015019049506, 35.131831074584369 ], [ 129.050033079589184, 35.131872574602625 ], [ 129.049997557067741, 35.131899161341416 ], [ 129.049990078361304, 35.131906438361888 ], [ 129.049955145238698, 35.131946346099234 ], [ 129.049954587421809, 35.131948356603331 ], [ 129.049929559990943, 35.132039377120591 ], [ 129.049929077369882, 35.132041072028414 ], [ 129.049928475906171, 35.132043154320201 ], [ 129.049924112017834, 35.132049339318492 ], [ 129.049869813681198, 35.132087812303311 ], [ 129.049867170053744, 35.132089679994529 ], [ 129.049864176718103, 35.132093186791757 ], [ 129.049842312888387, 35.132118697176089 ], [ 129.049850861461039, 35.132127043161866 ], [ 129.049859363414072, 35.132133508060001 ], [ 129.049894366129109, 35.132134845504481 ], [ 129.049961394898901, 35.132118864461859 ], [ 129.049981469873444, 35.132111194599545 ], [ 129.050008019646128, 35.132107668660019 ], [ 129.050031951959198, 35.132135240379043 ], [ 129.050051161244909, 35.132149294196175 ], [ 129.050086060211896, 35.132159286591765 ], [ 129.050212493603027, 35.132059310405722 ], [ 129.050256566779524, 35.131963893315302 ], [ 129.050349457260552, 35.131965766672884 ], [ 129.050634149586699, 35.132057039967286 ], [ 129.050710530816559, 35.132101815657563 ], [ 129.050775529620864, 35.132048363887712 ], [ 129.050984910812446, 35.13217567290841 ], [ 129.051029264419412, 35.13216469426424 ], [ 129.051094242236104, 35.132137513757357 ], [ 129.051584392673448, 35.132618980429463 ], [ 129.051646809209672, 35.132578735623625 ], [ 129.051695440465039, 35.132548466040156 ], [ 129.051696427681492, 35.132547744748436 ], [ 129.051776820825523, 35.132495793046701 ], [ 129.051885414198296, 35.132426664139949 ], [ 129.052003379841011, 35.132351567221562 ], [ 129.052095693825549, 35.132292800615907 ], [ 129.052262704373817, 35.132177239307104 ], [ 129.052249484350369, 35.132163851129349 ] ] ] } },
{ "type": "Feature", "properties": { "TOT_OA_CD": "21030700010004", "dong": "좌천동", "risk_norm": 0.35090280916778693, "high_risk": false, "aed_dist_night": 144.90244397571604, "covered_night": true, "gap": false, "elev": 14.0, "인구기준시점": "2026-06", "AED기준시점": "2026-07", "생성일": "2026-07-26" }, "geometry": { "type": "Polygon", "coordinates": [ [ [ 129.05239340608972, 35.134792504163208 ], [ 129.05249578705147, 35.13475501881198 ], [ 129.052506448584296, 35.134765947666949 ], [ 129.052688530208286, 35.135005767409126 ], [ 129.05270572989383, 35.135016350997738 ], [ 129.052720788297165, 35.135023411490046 ], [ 129.052738502342976, 35.13502981311629 ], [ 129.052753034190147, 35.13503752231172 ], [ 129.052768087936897, 35.135037516009909 ], [ 129.052783132398503, 35.135039276115833 ], [ 129.052919674385521, 35.135025310216129 ], [ 129.052932785393182, 35.135023970963189 ], [ 129.052968933235661, 35.135014455493959 ], [ 129.053032090080023, 35.134997816362429 ], [ 129.053044650374318, 35.134993601720133 ], [ 129.053057529101693, 35.134989278437914 ], [ 129.053087770946291, 35.134974789566606 ], [ 129.053111968955449, 35.13496320567004 ], [ 129.053150641652906, 35.134938465585641 ], [ 129.053156471733445, 35.134927601293896 ], [ 129.053161379037505, 35.134913745534973 ], [ 129.053120442502149, 35.13476013532096 ], [ 129.053124395155038, 35.134746000588606 ], [ 129.053125749897475, 35.13473723847639 ], [ 129.053177215238918, 35.134676843429787 ], [ 129.053205501380347, 35.134641335995695 ], [ 129.053212781231707, 35.134632202209978 ], [ 129.053386921997259, 35.134527489007567 ], [ 129.053421098583641, 35.134506951202916 ], [ 129.053271287983847, 35.13435935400333 ], [ 129.053270751431171, 35.134358841570638 ], [ 129.053300285649499, 35.134339296484654 ], [ 129.053394671597886, 35.134273581549138 ], [ 129.053775371430788, 35.134011933851497 ], [ 129.053941954072798, 35.133892514103039 ], [ 129.053809335871847, 35.133761062219236 ], [ 129.053805395009988, 35.133757151973406 ], [ 129.053493663847036, 35.133448164747904 ], [ 129.053171046183877, 35.133109743343653 ], [ 129.052997186345834, 35.133221189462951 ], [ 129.052988949853187, 35.13322646578812 ], [ 129.052986752520354, 35.133236976994844 ], [ 129.052983151723424, 35.133236465933578 ], [ 129.052900915892678, 35.133164742754587 ], [ 129.052833326729484, 35.133146257721144 ], [ 129.052337267514844, 35.133125428724817 ], [ 129.052336443715291, 35.13312539418893 ], [ 129.052332723485648, 35.133125295781284 ], [ 129.052263952322988, 35.133123512595695 ], [ 129.052260654162865, 35.133126570734106 ], [ 129.052065024077763, 35.133307996231132 ], [ 129.05195862476657, 35.133406675485659 ], [ 129.051795212093737, 35.133578381454491 ], [ 129.051790989620628, 35.13358281736636 ], [ 129.051741763330767, 35.133627680900027 ], [ 129.051707165988944, 35.133657224399556 ], [ 129.05166324899028, 35.133682398992462 ], [ 129.051661095716469, 35.13368344448547 ], [ 129.051684719220901, 35.13370504032055 ], [ 129.051719559761665, 35.133710578128699 ], [ 129.05176181591645, 35.13371511302806 ], [ 129.051918175765422, 35.133797531012988 ], [ 129.051942784702504, 35.133811537918241 ], [ 129.052013693984861, 35.133858747745769 ], [ 129.052066575058063, 35.133905361709829 ], [ 129.052101331984062, 35.133917993432171 ], [ 129.052197779521407, 35.133938882546587 ], [ 129.052304879368819, 35.133958252963225 ], [ 129.052361247066671, 35.133998483770036 ], [ 129.052370932477061, 35.134011882957658 ], [ 129.052367828601177, 35.134014074879545 ], [ 129.052356827126005, 35.134021307891665 ], [ 129.052179868432916, 35.134198796887944 ], [ 129.05217586618221, 35.13420280983771 ], [ 129.052164615565886, 35.134214090660578 ], [ 129.052080214589665, 35.134298744914581 ], [ 129.052045910848676, 35.134326358905398 ], [ 129.052045241651825, 35.134325854460336 ], [ 129.052039480012184, 35.134321250714187 ], [ 129.051989399178041, 35.134368810276285 ], [ 129.051969414308587, 35.134379048911008 ], [ 129.051819917463661, 35.134439251971543 ], [ 129.051835646788533, 35.134476005773323 ], [ 129.051833132084397, 35.134476975658025 ], [ 129.051861294682368, 35.134524043349849 ], [ 129.051953351416984, 35.134487732029349 ], [ 129.052305655212194, 35.134902599897494 ], [ 129.052215583574764, 35.134953766201015 ], [ 129.052191505362259, 35.134963804862842 ], [ 129.052181620528302, 35.134968062700374 ], [ 129.052183601627092, 35.134971937674891 ], [ 129.052182633069322, 35.13497248745076 ], [ 129.052191362391369, 35.135002292883023 ], [ 129.052095262868136, 35.135048256502621 ], [ 129.05207645874853, 35.135086013427731 ], [ 129.052268898005906, 35.135186885454694 ], [ 129.052237936271894, 35.135205842667538 ], [ 129.052198400109319, 35.135238886546091 ], [ 129.052201689442683, 35.135241487909745 ], [ 129.052196889186519, 35.135245556173658 ], [ 129.052238714597109, 35.135276095297442 ], [ 129.052168614026357, 35.135351576430679 ], [ 129.052317206212592, 35.135465582120467 ], [ 129.052570550121743, 35.135319098847965 ], [ 129.052558730340962, 35.135256192510489 ], [ 129.052551890205677, 35.135108381632136 ], [ 129.05253979854254, 35.135037513045511 ], [ 129.052535366949769, 35.13502261570622 ], [ 129.052530551761294, 35.135008439153339 ], [ 129.052518647306954, 35.134973381062842 ], [ 129.052518351007194, 35.134972516623819 ], [ 129.052482855880498, 35.134921379410933 ], [ 129.052401126558664, 35.134803623968352 ], [ 129.05239340608972, 35.134792504163208 ] ] ] } },
{ "type": "Feature", "properties": { "TOT_OA_CD": "21030700010015", "dong": "좌천동", "risk_norm": 0.33303292470951357, "high_risk": false, "aed_dist_night": 335.56743154152628, "covered_night": false, "gap": false, "elev": 27.0, "인구기준시점": "2026-06", "AED기준시점": "2026-07", "생성일": "2026-07-26" }, "geometry": { "type": "Polygon", "coordinates": [ [ [ 129.047422579839463, 35.134934275943522 ], [ 129.047407757592993, 35.134881326934853 ], [ 129.047402494439808, 35.134847319519409 ], [ 129.047407571552156, 35.134801149825485 ], [ 129.047411683584016, 35.134760299381291 ], [ 129.04741409340545, 35.134752277589726 ], [ 129.047416056997946, 35.134729201014032 ], [ 129.047416927719695, 35.134720637194093 ], [ 129.047434585016759, 35.134703594814738 ], [ 129.047472857612576, 35.134668879011166 ], [ 129.047479306058761, 35.134663856709182 ], [ 129.047491722669292, 35.13465418071435 ], [ 129.047500386757036, 35.134646243168525 ], [ 129.047545423870361, 35.134639097907048 ], [ 129.04757402460902, 35.134613065492779 ], [ 129.047585242269662, 35.134584522345698 ], [ 129.047595687922097, 35.1345627412095 ], [ 129.047615406948353, 35.134506939200087 ], [ 129.047636985598245, 35.134441763727459 ], [ 129.047657359482912, 35.134381364150677 ], [ 129.047664361548357, 35.134346389553116 ], [ 129.047671036408161, 35.134313668624969 ], [ 129.047672448643794, 35.134286806898622 ], [ 129.047682176346513, 35.13422280700587 ], [ 129.047692920687922, 35.13420567710552 ], [ 129.047699821907258, 35.134187466528246 ], [ 129.047705402417705, 35.134159612091075 ], [ 129.047719971107426, 35.134115259606858 ], [ 129.04772862692792, 35.134093264211096 ], [ 129.047731144379725, 35.134085421364766 ], [ 129.047837105167503, 35.134125019010241 ], [ 129.047913812505527, 35.134189081373769 ], [ 129.047973964730033, 35.134232500908574 ], [ 129.047976266278823, 35.13422508189889 ], [ 129.047978435169597, 35.134218077515612 ], [ 129.047982979378332, 35.134203375484681 ], [ 129.047990777764397, 35.134178179472897 ], [ 129.04800821340811, 35.134121846677296 ], [ 129.048024302201441, 35.134069967917938 ], [ 129.048041103296327, 35.134017104545016 ], [ 129.048061440839064, 35.133952893332001 ], [ 129.048074340216147, 35.133907162858542 ], [ 129.048084843136564, 35.133871779243158 ], [ 129.048099399815072, 35.133826922861793 ], [ 129.048116988854559, 35.133772726728829 ], [ 129.048125981348733, 35.133745565254806 ], [ 129.048134443543063, 35.13372807585997 ], [ 129.048136963589883, 35.133722864818296 ], [ 129.048143099707346, 35.133710162043322 ], [ 129.048154553360007, 35.133686506141743 ], [ 129.04817018088329, 35.133656069107062 ], [ 129.048199698051803, 35.133617949562556 ], [ 129.048205897899322, 35.133609946980037 ], [ 129.048222241546881, 35.133591422771275 ], [ 129.048258227535541, 35.133551451614295 ], [ 129.048279810473844, 35.133530828224394 ], [ 129.048300263280225, 35.133513118873687 ], [ 129.048324886491855, 35.133497487643965 ], [ 129.048365597059956, 35.133469215794783 ], [ 129.048446081248301, 35.133414957871217 ], [ 129.048479973402749, 35.133396106594219 ], [ 129.048482014287487, 35.133394978741599 ], [ 129.048438978183299, 35.133332604325702 ], [ 129.048390550217306, 35.133260271050759 ], [ 129.048357857185124, 35.133266520473711 ], [ 129.048333281678651, 35.133213431131715 ], [ 129.048331146121569, 35.133200515768209 ], [ 129.048327514274916, 35.133181669814626 ], [ 129.04832432495482, 35.133171123821491 ], [ 129.048318828038447, 35.133149764540427 ], [ 129.048310254201198, 35.13312344784962 ], [ 129.048301564876311, 35.133086045524593 ], [ 129.048293989541406, 35.133078205410897 ], [ 129.048206963650955, 35.133047504044185 ], [ 129.04823602010444, 35.133015494309753 ], [ 129.048289426237602, 35.132963735538731 ], [ 129.048269776902572, 35.132947067876025 ], [ 129.048215329179328, 35.132901209734236 ], [ 129.04818820345983, 35.132858856906026 ], [ 129.048155369019412, 35.132809745445037 ], [ 129.048128583191271, 35.132784066250132 ], [ 129.048032761475156, 35.132723351588766 ], [ 129.048022917541232, 35.13267909909522 ], [ 129.048021628099463, 35.132671509556559 ], [ 129.047917029101114, 35.132683520053071 ], [ 129.047885923310162, 35.132685424051232 ], [ 129.047848077349983, 35.132679075097258 ], [ 129.047831154583378, 35.132747189005485 ], [ 129.047808505547522, 35.132792659930814 ], [ 129.047734715501321, 35.132940809664198 ], [ 129.047721492566723, 35.132967360628946 ], [ 129.047682881950976, 35.133044883989427 ], [ 129.047511965240034, 35.133367391869413 ], [ 129.047508608971867, 35.13340902610171 ], [ 129.047467988734667, 35.133406823830143 ], [ 129.047444847310743, 35.13342316538639 ], [ 129.047357274289169, 35.133475026512393 ], [ 129.047289395170338, 35.133502940832585 ], [ 129.047286497922073, 35.133503356506345 ], [ 129.047285027871169, 35.133503563722584 ], [ 129.047281824135666, 35.133504024789019 ], [ 129.047209513375691, 35.133514372731142 ], [ 129.047076993069624, 35.133515693421899 ], [ 129.047025877512027, 35.133515713125803 ], [ 129.046916866014584, 35.133515754322758 ], [ 129.046813838834368, 35.133518325591851 ], [ 129.046758189217655, 35.133520247776026 ], [ 129.046753076010106, 35.1335204302639 ], [ 129.046750684981504, 35.133520512171408 ], [ 129.046702912728819, 35.133522170571382 ], [ 129.046607417357478, 35.133512066233145 ], [ 129.046505911637894, 35.133488019317291 ], [ 129.046416576845075, 35.133448907032594 ], [ 129.04638298897774, 35.133424159077883 ], [ 129.046361659271469, 35.133443689756021 ], [ 129.046347524455143, 35.133459423880282 ], [ 129.046348665563443, 35.133539554541912 ], [ 129.046352030733459, 35.133573921613525 ], [ 129.04636231061707, 35.133692338949217 ], [ 129.046387543898334, 35.133847353886942 ], [ 129.046418104858077, 35.133892058906298 ], [ 129.046413606906896, 35.133894134128084 ], [ 129.046390099982744, 35.133906256972686 ], [ 129.046336043105953, 35.133991023133731 ], [ 129.046343317872669, 35.134010309536286 ], [ 129.046390225907743, 35.134134660830874 ], [ 129.046375140166418, 35.134157399075406 ], [ 129.046417961741099, 35.134251430805257 ], [ 129.046424484504456, 35.13426043308467 ], [ 129.046477135717367, 35.134333054054323 ], [ 129.046484843355472, 35.134400468397999 ], [ 129.046485990165138, 35.134410559031473 ], [ 129.04645589435745, 35.134592463865424 ], [ 129.046343917595237, 35.13458424037286 ], [ 129.046349040518919, 35.134741317900229 ], [ 129.04634891989997, 35.134819961675035 ], [ 129.046382523441054, 35.134851947562751 ], [ 129.04639051797281, 35.134883347857048 ], [ 129.046405591660971, 35.134936972688458 ], [ 129.046501339338874, 35.134922029906491 ], [ 129.046573820212188, 35.13491886512945 ], [ 129.046582477002431, 35.134918484157232 ], [ 129.046582873033429, 35.134918475490743 ], [ 129.046626914187897, 35.134916512218659 ], [ 129.04662848241253, 35.134916447110172 ], [ 129.04666330650042, 35.134914893585915 ], [ 129.046772539827685, 35.134922648721542 ], [ 129.046889850755946, 35.134930969624648 ], [ 129.047014329642565, 35.13494467888723 ], [ 129.04707520757978, 35.13495138855064 ], [ 129.047121336093966, 35.134955507777597 ], [ 129.047173775228003, 35.134960193729341 ], [ 129.047277508350845, 35.134959397430329 ], [ 129.047339592864802, 35.134949711070725 ], [ 129.047373977125261, 35.134943243789685 ], [ 129.047390040514784, 35.134941029839283 ], [ 129.047390524257366, 35.134940956937385 ], [ 129.047401120709736, 35.134939492632085 ], [ 129.04742167081298, 35.134934493124689 ], [ 129.047422579839463, 35.134934275943522 ] ] ] } },
{ "type": "Feature", "properties": { "TOT_OA_CD": "21030700010007", "dong": "좌천동", "risk_norm": 0.73417056433181738, "high_risk": true, "aed_dist_night": 73.073801753590431, "covered_night": true, "gap": false, "elev": 98.0, "인구기준시점": "2026-06", "AED기준시점": "2026-07", "생성일": "2026-07-26" }, "geometry": { "type": "Polygon", "coordinates": [ [ [ 129.049717480773523, 35.137106413638975 ], [ 129.049729254322216, 35.137047175033466 ], [ 129.049736005151573, 35.137013225975508 ], [ 129.049741440929694, 35.136985870957538 ], [ 129.049747147756818, 35.136957124031042 ], [ 129.049758168974904, 35.136851654988092 ], [ 129.049758533967179, 35.136848152956667 ], [ 129.049795877963646, 35.136490691235153 ], [ 129.049815967904323, 35.13644160207798 ], [ 129.049820113442195, 35.136431470821464 ], [ 129.049820944447049, 35.136429454107343 ], [ 129.049844789697403, 35.136371188979595 ], [ 129.049853263488899, 35.136365431996175 ], [ 129.049914766757809, 35.136323656182668 ], [ 129.050437981241686, 35.136346466285012 ], [ 129.05048626595746, 35.136347209837631 ], [ 129.050547096158823, 35.136099635977764 ], [ 129.050554509803675, 35.13606946786124 ], [ 129.050664408292135, 35.135967810279446 ], [ 129.050682465654603, 35.135921768315676 ], [ 129.050684147240815, 35.135917493869172 ], [ 129.050697084668343, 35.135890961558573 ], [ 129.050708197356954, 35.13585108983834 ], [ 129.05070357103051, 35.135638641900783 ], [ 129.050700833119066, 35.135537799246272 ], [ 129.050699978823872, 35.135506413362961 ], [ 129.050696665531376, 35.135395314114916 ], [ 129.050695389074889, 35.135352373171621 ], [ 129.050694699331672, 35.135301536511882 ], [ 129.050693696563911, 35.135276209542511 ], [ 129.050671584439755, 35.135272567837809 ], [ 129.05059101328311, 35.135269995245984 ], [ 129.050260285304546, 35.135252525541596 ], [ 129.050001326652193, 35.135236026621023 ], [ 129.049964552047641, 35.13523247588558 ], [ 129.04996444777413, 35.135234040622088 ], [ 129.049964338855517, 35.135235762287955 ], [ 129.049957723095133, 35.135346244755674 ], [ 129.049923805937738, 35.135345563348771 ], [ 129.049888803927161, 35.135344857013521 ], [ 129.04986203077317, 35.135344236568081 ], [ 129.049832953844657, 35.135343616728939 ], [ 129.049810131329764, 35.135343085513782 ], [ 129.049781601182644, 35.135341203605705 ], [ 129.049743855466971, 35.135339866976032 ], [ 129.049695137391922, 35.135338173857015 ], [ 129.049676813518801, 35.135337459712403 ], [ 129.04965947712131, 35.135337016064618 ], [ 129.049633250688089, 35.13533270008616 ], [ 129.049605489599088, 35.135331088747094 ], [ 129.049581568918967, 35.13532965545609 ], [ 129.049557867726719, 35.135328222964624 ], [ 129.049530763308042, 35.135324718844849 ], [ 129.049510683013949, 35.135323464524674 ], [ 129.049493675972428, 35.135322390021166 ], [ 129.049473485952859, 35.135321136203807 ], [ 129.049456807421336, 35.135319790632764 ], [ 129.04944100568602, 35.135317452867987 ], [ 129.049430032496275, 35.135315835054634 ], [ 129.049411595284397, 35.135309892988836 ], [ 129.04941071618444, 35.135308271387011 ], [ 129.049398091081059, 35.135295296345454 ], [ 129.049388321785557, 35.135289441814983 ], [ 129.049376028210588, 35.135281334820277 ], [ 129.049358465240971, 35.135269804205819 ], [ 129.049333109749398, 35.135252598384426 ], [ 129.049314776630212, 35.135237552319921 ], [ 129.049290626210819, 35.135217912063489 ], [ 129.049278111215784, 35.1352077323983 ], [ 129.049267793361281, 35.135199803946399 ], [ 129.049248794881436, 35.135172230334959 ], [ 129.049235615430092, 35.135150152488322 ], [ 129.049225290811535, 35.135133120503212 ], [ 129.049211453961533, 35.135111853500241 ], [ 129.049201349099718, 35.135095182967312 ], [ 129.049189378843096, 35.135077430903458 ], [ 129.049175542758348, 35.135058057262754 ], [ 129.049152484413298, 35.135029493309794 ], [ 129.049127446709065, 35.13499534118457 ], [ 129.049105814889344, 35.13496704747795 ], [ 129.049093296971023, 35.134950918121582 ], [ 129.049084096404442, 35.134940149679828 ], [ 129.049076058558967, 35.134930734142984 ], [ 129.049073200403512, 35.134921631023794 ], [ 129.049066504863106, 35.134915865181405 ], [ 129.049045103491466, 35.134906860322616 ], [ 129.049035668873955, 35.134910559407267 ], [ 129.049011425809283, 35.134919853032663 ], [ 129.049003308474539, 35.134922290185266 ], [ 129.048941044286153, 35.134967147934638 ], [ 129.048926468195276, 35.134977014881024 ], [ 129.048828773922992, 35.135020291490122 ], [ 129.048805716061793, 35.135031783369413 ], [ 129.048806188691856, 35.135032341729499 ], [ 129.04882595162772, 35.135055435449402 ], [ 129.04882681933185, 35.135056454003568 ], [ 129.049086403001297, 35.135359776328677 ], [ 129.049139982369326, 35.135418254163774 ], [ 129.049172689929435, 35.135434104630576 ], [ 129.049213405483812, 35.135442152964707 ], [ 129.049201290321747, 35.135459854124299 ], [ 129.049172159978582, 35.135503221745815 ], [ 129.049255949659795, 35.13558586234852 ], [ 129.049246734612467, 35.13558892933996 ], [ 129.049256728530366, 35.135604608612859 ], [ 129.049069183917936, 35.135689708681547 ], [ 129.049033056299493, 35.135660356997619 ], [ 129.049003732979713, 35.135689608683478 ], [ 129.049011233001181, 35.135698844512937 ], [ 129.048994219002452, 35.135706385803516 ], [ 129.048935970980352, 35.135733269103731 ], [ 129.048938597512546, 35.135739416050065 ], [ 129.04894767332604, 35.135760630379636 ], [ 129.048944322015302, 35.135766919577229 ], [ 129.048859273360108, 35.135889600010429 ], [ 129.048846530787841, 35.135899333483671 ], [ 129.048863213594188, 35.135905997733509 ], [ 129.048865995132417, 35.135917082640965 ], [ 129.048866622439533, 35.13591960634637 ], [ 129.048870689627648, 35.135932854935689 ], [ 129.04887409800503, 35.135944120273045 ], [ 129.048887764648981, 35.135954138291133 ], [ 129.048893636899862, 35.135958444161119 ], [ 129.048920308233988, 35.135972856262875 ], [ 129.048944127922425, 35.135988530126674 ], [ 129.048998681658446, 35.1360243831069 ], [ 129.049034131969336, 35.136040683631229 ], [ 129.049065735937234, 35.13604490756147 ], [ 129.04909974885885, 35.136043271732987 ], [ 129.04913255168313, 35.136034245565689 ], [ 129.049166879210333, 35.136024595768333 ], [ 129.049199705141035, 35.136093717370912 ], [ 129.049188538090306, 35.136098958755191 ], [ 129.049043396689427, 35.136160614802591 ], [ 129.049005114847461, 35.136161936388703 ], [ 129.048971604546352, 35.136161950084364 ], [ 129.048878008028481, 35.136178273863173 ], [ 129.048832055967324, 35.136198689533273 ], [ 129.048816418471858, 35.136213316133663 ], [ 129.048811341030955, 35.13621805859048 ], [ 129.048790109495656, 35.136263925420678 ], [ 129.048602550398442, 35.136321129980431 ], [ 129.048611633297043, 35.136337909202304 ], [ 129.048619928538074, 35.136355924662773 ], [ 129.048648536241274, 35.136418035303095 ], [ 129.048699702295096, 35.136553219027057 ], [ 129.048722451619284, 35.136613024240965 ], [ 129.048729362281676, 35.136631183650302 ], [ 129.04869488044659, 35.136639714544195 ], [ 129.048491220121065, 35.136696795704246 ], [ 129.048467808303542, 35.136703358399949 ], [ 129.048293686934159, 35.136745167078772 ], [ 129.048250427715857, 35.136755550164779 ], [ 129.048124436519544, 35.136786460648558 ], [ 129.048090516450031, 35.136798236364456 ], [ 129.048132179770136, 35.13687728834968 ], [ 129.048182684180347, 35.1369851520152 ], [ 129.04821508850381, 35.137049243746638 ], [ 129.0482519870516, 35.137178231953115 ], [ 129.048248534051368, 35.137201470022937 ], [ 129.048286544779245, 35.137207134204225 ], [ 129.048393149137809, 35.137215692295499 ], [ 129.048457858620196, 35.137222706595495 ], [ 129.048523185553961, 35.137254381992378 ], [ 129.048661182577121, 35.13732128132218 ], [ 129.048686945345906, 35.137338812040021 ], [ 129.048687589455056, 35.137339150014334 ], [ 129.048692604781678, 35.137334194668114 ], [ 129.048916471903965, 35.137112535240526 ], [ 129.04893649607564, 35.137093075804707 ], [ 129.048982934172443, 35.137129977462926 ], [ 129.049023273055042, 35.137162010812823 ], [ 129.049072983474929, 35.137201483422729 ], [ 129.049243955916779, 35.137350671628752 ], [ 129.049301811716532, 35.137401151437089 ], [ 129.049357899835485, 35.137450091382114 ], [ 129.049374827965238, 35.137465570149573 ], [ 129.049429007964392, 35.137515114167634 ], [ 129.049435353234742, 35.137520916037424 ], [ 129.049473514301752, 35.13755581085114 ], [ 129.049534072604189, 35.137612545668858 ], [ 129.049547878812859, 35.137643286253514 ], [ 129.049550131737618, 35.137637533082284 ], [ 129.04955915717855, 35.137614487891064 ], [ 129.049559310995278, 35.137614091909079 ], [ 129.049561441388164, 35.137608646890598 ], [ 129.049565869811261, 35.137597339026719 ], [ 129.049577610745303, 35.137567352736568 ], [ 129.049675624515771, 35.137317047925414 ], [ 129.049683926065427, 35.137275273754135 ], [ 129.049717480773523, 35.137106413638975 ] ] ] } },
{ "type": "Feature", "properties": { "TOT_OA_CD": "21030700010016", "dong": "좌천동", "risk_norm": 0.16145081112408577, "high_risk": false, "aed_dist_night": 374.27296264635288, "covered_night": false, "gap": false, "elev": 20.0, "인구기준시점": "2026-06", "AED기준시점": "2026-07", "생성일": "2026-07-26" }, "geometry": { "type": "Polygon", "coordinates": [ [ [ 129.047444847310743, 35.13342316538639 ], [ 129.047467988734667, 35.133406823830143 ], [ 129.047508608971867, 35.13340902610171 ], [ 129.047511965240034, 35.133367391869413 ], [ 129.047682881950976, 35.133044883989427 ], [ 129.047721492566723, 35.132967360628946 ], [ 129.047734715501321, 35.132940809664198 ], [ 129.047808505547522, 35.132792659930814 ], [ 129.047831154583378, 35.132747189005485 ], [ 129.047848077349983, 35.132679075097258 ], [ 129.047885923310162, 35.132685424051232 ], [ 129.047917029101114, 35.132683520053071 ], [ 129.048021628099463, 35.132671509556559 ], [ 129.048057570061729, 35.132667376273432 ], [ 129.048061749917764, 35.132666824297793 ], [ 129.048060067094752, 35.132658226372811 ], [ 129.048055096936821, 35.132563928024453 ], [ 129.048055140565367, 35.132563450528494 ], [ 129.048056144929973, 35.132552732838349 ], [ 129.048058653205032, 35.132526033814202 ], [ 129.048067466559758, 35.132492544419755 ], [ 129.04807987393076, 35.13247069129752 ], [ 129.048097232306816, 35.132453369547775 ], [ 129.048144067603857, 35.132426490921098 ], [ 129.048161497687261, 35.132419390731442 ], [ 129.048164339192226, 35.132418235526515 ], [ 129.048170492590145, 35.132415727051324 ], [ 129.048177962839361, 35.132412686943901 ], [ 129.048206307863552, 35.132401138465319 ], [ 129.048213833517821, 35.132398070579853 ], [ 129.048248057395966, 35.132384176709103 ], [ 129.048330327299823, 35.132348000453554 ], [ 129.048545544814516, 35.132258412196485 ], [ 129.048597868183151, 35.132236038042905 ], [ 129.048617501635817, 35.132225213912911 ], [ 129.048654575539416, 35.13220482885653 ], [ 129.048683038391999, 35.132170764627965 ], [ 129.048687029306024, 35.132165976528597 ], [ 129.048690670813386, 35.132161631106179 ], [ 129.04869404689083, 35.132157582076864 ], [ 129.04870750858359, 35.13209961938491 ], [ 129.048707167697813, 35.132076635317681 ], [ 129.04870613857176, 35.132003985729192 ], [ 129.048703252045669, 35.131948463494879 ], [ 129.048699039534995, 35.131873111895715 ], [ 129.048695115861108, 35.131803275361115 ], [ 129.048683553599119, 35.131806399340505 ], [ 129.04849991280156, 35.131856072023737 ], [ 129.048396473170897, 35.131861322245712 ], [ 129.048376624289375, 35.131862331456034 ], [ 129.048281010625942, 35.131833425879542 ], [ 129.04826216807939, 35.131823011386324 ], [ 129.048157680549139, 35.131765258398445 ], [ 129.048031686981489, 35.131720509048861 ], [ 129.047989074614833, 35.131705381652786 ], [ 129.047838095386879, 35.131676505894077 ], [ 129.047694684120955, 35.131678626329325 ], [ 129.047571219206475, 35.131721892053875 ], [ 129.04756891221416, 35.131717945425294 ], [ 129.047494045645976, 35.131590135116241 ], [ 129.047490839475728, 35.131584662705059 ], [ 129.047434792598722, 35.131546903056396 ], [ 129.047429333813767, 35.131534790180602 ], [ 129.047387652296635, 35.131454471284428 ], [ 129.047369976488028, 35.131414182160427 ], [ 129.047369186872004, 35.131414154376635 ], [ 129.047366663163046, 35.131414066674417 ], [ 129.047309585675805, 35.131412140331079 ], [ 129.047293953271804, 35.131415635362259 ], [ 129.047082223255615, 35.131462989475111 ], [ 129.046991924478647, 35.13148107018548 ], [ 129.046932102839975, 35.131490902340552 ], [ 129.046935060342122, 35.13149959128517 ], [ 129.046963960594354, 35.131584523907911 ], [ 129.046975707957415, 35.131656336127079 ], [ 129.046986870529253, 35.131664281964746 ], [ 129.047040707514981, 35.131703985049114 ], [ 129.047116013793868, 35.131910467475386 ], [ 129.047168486860301, 35.132058125322779 ], [ 129.0471691670827, 35.132060027177651 ], [ 129.047257131033035, 35.132257491298262 ], [ 129.047292440311026, 35.132336742950052 ], [ 129.047391905195241, 35.13256225353431 ], [ 129.047435191254323, 35.132659763700566 ], [ 129.047438959406463, 35.13266848643871 ], [ 129.047457042516413, 35.132710330131573 ], [ 129.047475495702855, 35.132766044922739 ], [ 129.047499695139038, 35.132834963455828 ], [ 129.047522749749504, 35.13289743655794 ], [ 129.047512959104353, 35.132912239872326 ], [ 129.047398014565488, 35.133086119575708 ], [ 129.047363152840546, 35.133137780879409 ], [ 129.047296713643021, 35.133230465790049 ], [ 129.047287803483272, 35.133286930345989 ], [ 129.047281715383349, 35.133349387921001 ], [ 129.047280483810027, 35.133362025340553 ], [ 129.04728291013663, 35.13346293164259 ], [ 129.047285013101828, 35.133496344691075 ], [ 129.047285027871169, 35.133503563722584 ], [ 129.047286497922073, 35.133503356506345 ], [ 129.047289395170338, 35.133502940832585 ], [ 129.047357274289169, 35.133475026512393 ], [ 129.047444847310743, 35.13342316538639 ] ] ] } },
{ "type": "Feature", "properties": { "TOT_OA_CD": "21030700010014", "dong": "좌천동", "risk_norm": 0.12947990943108817, "high_risk": false, "aed_dist_night": 322.14078428514432, "covered_night": false, "gap": false, "elev": 8.0, "인구기준시점": "2026-06", "AED기준시점": "2026-07", "생성일": "2026-07-26" }, "geometry": { "type": "Polygon", "coordinates": [ [ [ 129.048682595302495, 35.131703932529447 ], [ 129.048685739162636, 35.131636510352401 ], [ 129.048689682322561, 35.131625782162757 ], [ 129.048749395993468, 35.13148433583266 ], [ 129.048752026585277, 35.131478476899296 ], [ 129.048797631986531, 35.131413470146661 ], [ 129.04882920560911, 35.131378291384358 ], [ 129.048857728928596, 35.131346511877901 ], [ 129.04888414343705, 35.131317081899525 ], [ 129.048966225667726, 35.131224889539645 ], [ 129.048987321456792, 35.131201126530009 ], [ 129.049108227170166, 35.131006564575564 ], [ 129.049108655386902, 35.131005880167621 ], [ 129.049165007823177, 35.130915955984648 ], [ 129.049240410675111, 35.130793151630897 ], [ 129.049618328628668, 35.130973598590693 ], [ 129.049620568023613, 35.130974669898627 ], [ 129.049815119522748, 35.131067567716926 ], [ 129.049910380945363, 35.13111305725166 ], [ 129.049916329297645, 35.131115894247984 ], [ 129.049919830223246, 35.131117569739622 ], [ 129.050225141433373, 35.131263350535939 ], [ 129.050232255151684, 35.131270576110595 ], [ 129.050234110681885, 35.131272468310435 ], [ 129.0502572421926, 35.131295957789646 ], [ 129.050761945273251, 35.131199680799632 ], [ 129.050767175668483, 35.131198683403802 ], [ 129.050955682014688, 35.131162723489993 ], [ 129.05112718997222, 35.131047477622332 ], [ 129.051059156490737, 35.130978488896091 ], [ 129.051055906824701, 35.130975190928027 ], [ 129.050610005377649, 35.130522989012825 ], [ 129.0506074249476, 35.130520372200564 ], [ 129.050587615014138, 35.130535803441461 ], [ 129.050450715599737, 35.130642439802521 ], [ 129.050410713557511, 35.130669476204325 ], [ 129.050272265543214, 35.130763049786587 ], [ 129.050205519065173, 35.130808161178173 ], [ 129.049554632994159, 35.130764580908547 ], [ 129.049291769354852, 35.13073068943055 ], [ 129.049280446557901, 35.130729238334403 ], [ 129.04919231650797, 35.130717883228641 ], [ 129.0491563735672, 35.130711779024409 ], [ 129.049041726143059, 35.130692309322328 ], [ 129.04902233274413, 35.130689016615342 ], [ 129.048991833398816, 35.130683842666969 ], [ 129.048967693313273, 35.130679736066341 ], [ 129.04895836338153, 35.130678159412454 ], [ 129.048580967088157, 35.130626939924284 ], [ 129.048577618873509, 35.130626485931728 ], [ 129.047904827357968, 35.130535145098918 ], [ 129.047814931216948, 35.130522945097944 ], [ 129.047757330524604, 35.130527090779957 ], [ 129.047672177217635, 35.130541537627479 ], [ 129.047630083570283, 35.130555641838683 ], [ 129.047592045625436, 35.130568380598746 ], [ 129.047166722819611, 35.130841039356319 ], [ 129.047157016029757, 35.130847269917439 ], [ 129.04698858792915, 35.130846782254572 ], [ 129.046887968170978, 35.130788519836898 ], [ 129.046887591955198, 35.130788300151501 ], [ 129.046878344332612, 35.130782950834387 ], [ 129.046730497304964, 35.130880748165787 ], [ 129.046725612974313, 35.130883969756979 ], [ 129.046733812697482, 35.130908071578759 ], [ 129.046926108526748, 35.131473275695839 ], [ 129.046932102839975, 35.131490902340552 ], [ 129.046991924478647, 35.13148107018548 ], [ 129.047082223255615, 35.131462989475111 ], [ 129.047293953271804, 35.131415635362259 ], [ 129.047309585675805, 35.131412140331079 ], [ 129.047366663163046, 35.131414066674417 ], [ 129.047369186872004, 35.131414154376635 ], [ 129.047369976488028, 35.131414182160427 ], [ 129.047387652296635, 35.131454471284428 ], [ 129.047429333813767, 35.131534790180602 ], [ 129.047434792598722, 35.131546903056396 ], [ 129.047490839475728, 35.131584662705059 ], [ 129.047494045645976, 35.131590135116241 ], [ 129.04756891221416, 35.131717945425294 ], [ 129.047571219206475, 35.131721892053875 ], [ 129.047694684120955, 35.131678626329325 ], [ 129.047838095386879, 35.131676505894077 ], [ 129.047989074614833, 35.131705381652786 ], [ 129.048031686981489, 35.131720509048861 ], [ 129.048157680549139, 35.131765258398445 ], [ 129.04826216807939, 35.131823011386324 ], [ 129.048281010625942, 35.131833425879542 ], [ 129.048376624289375, 35.131862331456034 ], [ 129.048396473170897, 35.131861322245712 ], [ 129.04849991280156, 35.131856072023737 ], [ 129.048683553599119, 35.131806399340505 ], [ 129.048695115861108, 35.131803275361115 ], [ 129.048692832844409, 35.131762698623525 ], [ 129.048682595302495, 35.131703932529447 ] ] ] } },
{ "type": "Feature", "properties": { "TOT_OA_CD": "21030700010012", "dong": "좌천동", "risk_norm": 0.66539170565929462, "high_risk": true, "aed_dist_night": 156.41894275752026, "covered_night": false, "gap": true, "elev": 23.0, "인구기준시점": "2026-06", "AED기준시점": "2026-07", "생성일": "2026-07-26" }, "geometry": { "type": "Polygon", "coordinates": [ [ [ 129.051989399178041, 35.134368810276285 ], [ 129.052039480012184, 35.134321250714187 ], [ 129.052045241651825, 35.134325854460336 ], [ 129.052045910848676, 35.134326358905398 ], [ 129.052080214589665, 35.134298744914581 ], [ 129.052164615565886, 35.134214090660578 ], [ 129.05217586618221, 35.13420280983771 ], [ 129.052179868432916, 35.134198796887944 ], [ 129.052356827126005, 35.134021307891665 ], [ 129.052367828601177, 35.134014074879545 ], [ 129.052370932477061, 35.134011882957658 ], [ 129.052361247066671, 35.133998483770036 ], [ 129.052304879368819, 35.133958252963225 ], [ 129.052197779521407, 35.133938882546587 ], [ 129.052101331984062, 35.133917993432171 ], [ 129.052066575058063, 35.133905361709829 ], [ 129.052013693984861, 35.133858747745769 ], [ 129.051942784702504, 35.133811537918241 ], [ 129.051918175765422, 35.133797531012988 ], [ 129.05176181591645, 35.13371511302806 ], [ 129.051719559761665, 35.133710578128699 ], [ 129.051684719220901, 35.13370504032055 ], [ 129.051661095716469, 35.13368344448547 ], [ 129.05166324899028, 35.133682398992462 ], [ 129.051707165988944, 35.133657224399556 ], [ 129.051741763330767, 35.133627680900027 ], [ 129.051790989620628, 35.13358281736636 ], [ 129.051795212093737, 35.133578381454491 ], [ 129.05195862476657, 35.133406675485659 ], [ 129.052065024077763, 35.133307996231132 ], [ 129.052260654162865, 35.133126570734106 ], [ 129.052263952322988, 35.133123512595695 ], [ 129.052332723485648, 35.133125295781284 ], [ 129.052336443715291, 35.13312539418893 ], [ 129.052337267514844, 35.133125428724817 ], [ 129.052833326729484, 35.133146257721144 ], [ 129.052900915892678, 35.133164742754587 ], [ 129.052983151723424, 35.133236465933578 ], [ 129.052986752520354, 35.133236976994844 ], [ 129.052988949853187, 35.13322646578812 ], [ 129.052997186345834, 35.133221189462951 ], [ 129.053171046183877, 35.133109743343653 ], [ 129.052824517604449, 35.132746238065018 ], [ 129.052620056755472, 35.132539165876736 ], [ 129.052524485418019, 35.132442371791846 ], [ 129.05246705275448, 35.132384204478171 ], [ 129.052262704373817, 35.132177239307104 ], [ 129.052095693825549, 35.132292800615907 ], [ 129.052003379841011, 35.132351567221562 ], [ 129.051885414198296, 35.132426664139949 ], [ 129.051776820825523, 35.132495793046701 ], [ 129.051696427681492, 35.132547744748436 ], [ 129.051695440465039, 35.132548466040156 ], [ 129.051646809209672, 35.132578735623625 ], [ 129.051584392673448, 35.132618980429463 ], [ 129.051607408310048, 35.13264158664964 ], [ 129.051639373072362, 35.132672985284678 ], [ 129.051700498526372, 35.132729997603846 ], [ 129.051650484770619, 35.132772380010366 ], [ 129.051626058246285, 35.132820829874618 ], [ 129.051433164734533, 35.132991849020442 ], [ 129.051009079016723, 35.133095983225346 ], [ 129.050935079594211, 35.133132172676149 ], [ 129.05091723936539, 35.133068456012175 ], [ 129.05086189392361, 35.132991953072704 ], [ 129.050835264490559, 35.132973468281939 ], [ 129.050727344945528, 35.132902629505992 ], [ 129.050664976559091, 35.132862688361762 ], [ 129.050660419362629, 35.132860645947495 ], [ 129.050583114110594, 35.132825000058418 ], [ 129.050497366126706, 35.132787401970177 ], [ 129.050478061759861, 35.132778937640921 ], [ 129.050404623182004, 35.132756604960008 ], [ 129.050307526269961, 35.132729441157551 ], [ 129.050278728736629, 35.132731237749319 ], [ 129.050266574530724, 35.132776138484139 ], [ 129.05022200370783, 35.132901770432092 ], [ 129.050198013596003, 35.132966227038416 ], [ 129.050184407203318, 35.132996591623815 ], [ 129.050172482358619, 35.133023202867271 ], [ 129.0501417980295, 35.133086130354101 ], [ 129.050119329797013, 35.133126430444548 ], [ 129.050099489237539, 35.133159157628661 ], [ 129.050078002719005, 35.133190803202353 ], [ 129.050062874691719, 35.133212983432998 ], [ 129.050040839655452, 35.133244178889846 ], [ 129.050007183188171, 35.133290612416296 ], [ 129.049985908009347, 35.133308918605856 ], [ 129.049983274853162, 35.133310063965482 ], [ 129.049982178717158, 35.133310542337881 ], [ 129.049956948610003, 35.133321639347713 ], [ 129.049925470877923, 35.133341391497318 ], [ 129.049894321369351, 35.133359701368185 ], [ 129.049876992826853, 35.133372507740958 ], [ 129.049864276733445, 35.133392703322762 ], [ 129.04985967950131, 35.133410551822024 ], [ 129.049852669392976, 35.133431557096813 ], [ 129.049840720317832, 35.133449949539596 ], [ 129.049820550777241, 35.133481774783142 ], [ 129.049808383283505, 35.133500978751613 ], [ 129.049809486922896, 35.133512245618469 ], [ 129.049810261767647, 35.133522610552738 ], [ 129.049806208810423, 35.133534780968709 ], [ 129.04980434538237, 35.133538206587929 ], [ 129.049804039139815, 35.133538783917928 ], [ 129.049793166898951, 35.13355921286356 ], [ 129.049772339082665, 35.13359302192498 ], [ 129.04975710285143, 35.133617725321876 ], [ 129.049744828308008, 35.133642517954947 ], [ 129.049727399160332, 35.133669475498571 ], [ 129.049710300372453, 35.133700488757746 ], [ 129.04969418954974, 35.133731051167416 ], [ 129.0496833389127, 35.133751697126783 ], [ 129.049673478634304, 35.133776127077645 ], [ 129.049662851065506, 35.133802000407734 ], [ 129.049659923776119, 35.133814151916113 ], [ 129.049655845668696, 35.133830846942182 ], [ 129.049654875289548, 35.133859330443471 ], [ 129.049654234197874, 35.133888624796583 ], [ 129.049650964737225, 35.133927023880496 ], [ 129.04964911110207, 35.133947124707603 ], [ 129.049643637658249, 35.13396848895735 ], [ 129.049640466154443, 35.13398489558648 ], [ 129.049637403272726, 35.134000490268392 ], [ 129.049635215013723, 35.134011216779868 ], [ 129.049626397277763, 35.134054522173258 ], [ 129.049674809512624, 35.134059982573319 ], [ 129.049687570595125, 35.134062249209983 ], [ 129.049832730103958, 35.134073512785633 ], [ 129.049845228437192, 35.134074480824943 ], [ 129.04995002835696, 35.134082605377529 ], [ 129.049980290018027, 35.134084954628129 ], [ 129.050096293748879, 35.134093958152313 ], [ 129.050098619532292, 35.134094137580426 ], [ 129.050225740020238, 35.134108983650982 ], [ 129.050258605851099, 35.134112821471042 ], [ 129.05026144705127, 35.134113154782689 ], [ 129.050263631672522, 35.134113414431539 ], [ 129.050484000668348, 35.134139617552876 ], [ 129.050485308529005, 35.134139770309126 ], [ 129.050488369735262, 35.134140129656451 ], [ 129.050493318622699, 35.134140714580688 ], [ 129.050553779637966, 35.134147855212028 ], [ 129.050594336882114, 35.134153715987537 ], [ 129.050687585824193, 35.134167180079693 ], [ 129.050704989838522, 35.134169696455388 ], [ 129.050762160993145, 35.134182589895516 ], [ 129.050771381541608, 35.13418566988242 ], [ 129.050788050878936, 35.134191692084201 ], [ 129.050804700245664, 35.134197760523733 ], [ 129.050823193980079, 35.134206865401076 ], [ 129.050824367690467, 35.134207640196486 ], [ 129.050828571344965, 35.134210423773752 ], [ 129.05083018619473, 35.134211486817406 ], [ 129.050832643578019, 35.134213108018542 ], [ 129.050865662117616, 35.13423488938318 ], [ 129.050938414559653, 35.134282424279107 ], [ 129.050939425827721, 35.13428308215029 ], [ 129.050951850497142, 35.134291216131295 ], [ 129.050955406841041, 35.13429354907403 ], [ 129.050960269940816, 35.134296729019844 ], [ 129.050961156872091, 35.134297314535843 ], [ 129.050973037062391, 35.134307062154178 ], [ 129.051011142447351, 35.13434393173538 ], [ 129.05101744404638, 35.134349579898661 ], [ 129.051026689009689, 35.134358688675263 ], [ 129.051052600396758, 35.134389053231693 ], [ 129.05106000195255, 35.134399687647743 ], [ 129.051065550802974, 35.134410320570062 ], [ 129.051069263969623, 35.134417909687762 ], [ 129.05107931167106, 35.13445221000115 ], [ 129.051088017238527, 35.134494211025277 ], [ 129.051088283116115, 35.134495498728747 ], [ 129.051090866811194, 35.134507999872142 ], [ 129.051106403046589, 35.134614894394431 ], [ 129.051109369847239, 35.134637409326665 ], [ 129.051118496369725, 35.13470686444888 ], [ 129.051120855239759, 35.134724754668554 ], [ 129.051126132496137, 35.134760005056421 ], [ 129.051188750393464, 35.134884339877594 ], [ 129.051189847793694, 35.134886529366952 ], [ 129.051199183836729, 35.134902749727914 ], [ 129.05125203397381, 35.134993015056104 ], [ 129.051285630696782, 35.134978551330335 ], [ 129.051409796853761, 35.134919168223497 ], [ 129.051429486209656, 35.134904739179802 ], [ 129.05137053463443, 35.134856812376988 ], [ 129.051337387474462, 35.134821038915312 ], [ 129.051328694125488, 35.13479959087806 ], [ 129.051320524603824, 35.134737491489155 ], [ 129.051325456885138, 35.134642038745909 ], [ 129.051377225718682, 35.134621290710285 ], [ 129.051465070536807, 35.134586083177844 ], [ 129.051528144780519, 35.13455901698002 ], [ 129.051565385588958, 35.134543480446183 ], [ 129.051618533164941, 35.134521302755154 ], [ 129.051734698967977, 35.134473572298013 ], [ 129.051735412398074, 35.13447328367748 ], [ 129.051819917463661, 35.134439251971543 ], [ 129.051969414308587, 35.134379048911008 ], [ 129.051989399178041, 35.134368810276285 ] ] ] } },
{ "type": "Feature", "properties": { "TOT_OA_CD": "21030700010002", "dong": "좌천동", "risk_norm": 0.76469159510929097, "high_risk": true, "aed_dist_night": 119.64346479100557, "covered_night": true, "gap": false, "elev": 17.0, "인구기준시점": "2026-06", "AED기준시점": "2026-07", "생성일": "2026-07-26" }, "geometry": { "type": "Polygon", "coordinates": [ [ [ 129.053207009203163, 35.137202586506298 ], [ 129.053254010993243, 35.137169515138936 ], [ 129.05326744318063, 35.137203146159962 ], [ 129.053301382595407, 35.137173472699907 ], [ 129.053326387156062, 35.137151738869811 ], [ 129.053414223516597, 35.137067064032649 ], [ 129.05342342292434, 35.137056181775904 ], [ 129.053434715381087, 35.137042817555098 ], [ 129.05343964423264, 35.137028646843859 ], [ 129.053441641823696, 35.137013745566072 ], [ 129.053442089936368, 35.137010411058043 ], [ 129.053442082996185, 35.136998261046678 ], [ 129.053433917571795, 35.13697899281857 ], [ 129.053425238138317, 35.136962592016012 ], [ 129.053416120569239, 35.136945200512692 ], [ 129.053363747452096, 35.136891501250169 ], [ 129.053290623724735, 35.136817170465946 ], [ 129.053274264578931, 35.136802846193518 ], [ 129.053261234139825, 35.136791513219023 ], [ 129.053258740909968, 35.13678934075039 ], [ 129.053268269946983, 35.136781945277271 ], [ 129.05346188774115, 35.136667455800733 ], [ 129.053181928059956, 35.136401498480602 ], [ 129.053114869050802, 35.13644220930184 ], [ 129.052981108882591, 35.136523414416928 ], [ 129.052971962623417, 35.136530160285275 ], [ 129.052970310591348, 35.136528646915075 ], [ 129.052848684660347, 35.136417528761299 ], [ 129.052804590161259, 35.136377243695499 ], [ 129.052739925213075, 35.136319674175056 ], [ 129.052725653818726, 35.136306908138756 ], [ 129.052724007005168, 35.13630543978833 ], [ 129.052723786860383, 35.136305232532642 ], [ 129.052723381073037, 35.13630484461261 ], [ 129.052736684891073, 35.136295383922217 ], [ 129.05286480233832, 35.136196144367609 ], [ 129.052951136926652, 35.136130488758553 ], [ 129.052981518009602, 35.136106493382727 ], [ 129.053044893778775, 35.13605643863874 ], [ 129.053172735120228, 35.135954547967124 ], [ 129.053224508071509, 35.135875585628085 ], [ 129.053209005117026, 35.135877259411785 ], [ 129.053191185706254, 35.1358766448542 ], [ 129.05318716382132, 35.135876507074187 ], [ 129.053130136181778, 35.135874541366597 ], [ 129.053130415176099, 35.135869468944669 ], [ 129.053134164597878, 35.135811699732074 ], [ 129.053205204682399, 35.13580228597008 ], [ 129.053170934160477, 35.13577833401046 ], [ 129.053177050683729, 35.135734416555117 ], [ 129.053184008360205, 35.135718198455464 ], [ 129.053192129974207, 35.135704837036464 ], [ 129.0531944433462, 35.135683852137113 ], [ 129.053103834381972, 35.135634289002205 ], [ 129.053088290754488, 35.13562451554224 ], [ 129.053087676482534, 35.135624128507324 ], [ 129.053105470734806, 35.135584362060413 ], [ 129.053137119012405, 35.135538279838791 ], [ 129.053225040721799, 35.13543546994606 ], [ 129.053291074329479, 35.135385082570338 ], [ 129.053332021555207, 35.135361512440269 ], [ 129.053342648123504, 35.135355397643487 ], [ 129.053566839392971, 35.135118009619276 ], [ 129.053661374285781, 35.134976923298346 ], [ 129.053736373796909, 35.134865005674868 ], [ 129.053764580859934, 35.134844578580356 ], [ 129.053781303654659, 35.134861192709621 ], [ 129.053783687556205, 35.134863563130942 ], [ 129.053874485347393, 35.134953811240564 ], [ 129.053958048485185, 35.135034248802718 ], [ 129.053960224231474, 35.135036350523485 ], [ 129.053967699188803, 35.135043547776213 ], [ 129.05396854463774, 35.135044374523524 ], [ 129.053973737792433, 35.135049493977789 ], [ 129.053973946953107, 35.135049700477872 ], [ 129.054141609745415, 35.135213826908149 ], [ 129.054222964917273, 35.135291940273916 ], [ 129.054562999603917, 35.135630072010159 ], [ 129.054677295792544, 35.13574377276958 ], [ 129.054905233753374, 35.13597613122338 ], [ 129.054955740557602, 35.136027936976319 ], [ 129.0550035883916, 35.136074048867613 ], [ 129.055011222418756, 35.136081406314759 ], [ 129.05514166532231, 35.135980586446742 ], [ 129.055186782003119, 35.135945713676264 ], [ 129.055280679510815, 35.135879579786582 ], [ 129.055339231387023, 35.135846853461018 ], [ 129.055367620625333, 35.135830986742434 ], [ 129.055375963133798, 35.135857873870911 ], [ 129.055378303418053, 35.135886854039313 ], [ 129.055381138060341, 35.135918394768005 ], [ 129.055463138942827, 35.135923794913737 ], [ 129.055487422646678, 35.13592531520699 ], [ 129.055537120824226, 35.135928427864705 ], [ 129.055541964607698, 35.135928731729422 ], [ 129.055546745152412, 35.135965114388362 ], [ 129.055549288852745, 35.13598447535275 ], [ 129.055557763131617, 35.135990939296754 ], [ 129.055618450396452, 35.136037222399096 ], [ 129.055669493752845, 35.136058132680169 ], [ 129.055700929017945, 35.13607100888342 ], [ 129.055715341655286, 35.136075370639595 ], [ 129.055808999479325, 35.136103708378009 ], [ 129.055820350990757, 35.136107142931195 ], [ 129.055855870575584, 35.13611426664442 ], [ 129.056275739894176, 35.136198464620804 ], [ 129.056079909309346, 35.136004786641053 ], [ 129.056075571235993, 35.136000489383193 ], [ 129.056073474929036, 35.135998414678042 ], [ 129.055975699540937, 35.135901410132341 ], [ 129.055785489353468, 35.135712724736884 ], [ 129.055723134290815, 35.135651693845276 ], [ 129.055716370329321, 35.135645072715533 ], [ 129.055684059242623, 35.135613440720626 ], [ 129.055680150450712, 35.135609610368093 ], [ 129.055650965987269, 35.135580789114407 ], [ 129.055126837759133, 35.135063210953547 ], [ 129.055125750569204, 35.135062138478638 ], [ 129.055068195600057, 35.135005296685868 ], [ 129.054984312746569, 35.134921146697998 ], [ 129.054811433837273, 35.13475075002529 ], [ 129.054810641863043, 35.134749965899402 ], [ 129.054652596237503, 35.13459419934518 ], [ 129.054644668225336, 35.134586379505336 ], [ 129.05440349696147, 35.134348669614276 ], [ 129.054398949118394, 35.134344183858083 ], [ 129.054324896423708, 35.134271197226326 ], [ 129.054089040921355, 35.134037974344082 ], [ 129.054086591468291, 35.134035559678864 ], [ 129.053947871425322, 35.133898378939833 ], [ 129.053944882660346, 35.13389542302091 ], [ 129.053941954072798, 35.133892514103039 ], [ 129.053775371430788, 35.134011933851497 ], [ 129.053394671597886, 35.134273581549138 ], [ 129.053300285649499, 35.134339296484654 ], [ 129.053270751431171, 35.134358841570638 ], [ 129.053271287983847, 35.13435935400333 ], [ 129.053421098583641, 35.134506951202916 ], [ 129.053386921997259, 35.134527489007567 ], [ 129.053212781231707, 35.134632202209978 ], [ 129.053205501380347, 35.134641335995695 ], [ 129.053177215238918, 35.134676843429787 ], [ 129.053125749897475, 35.13473723847639 ], [ 129.053124395155038, 35.134746000588606 ], [ 129.053120442502149, 35.13476013532096 ], [ 129.053161379037505, 35.134913745534973 ], [ 129.053156471733445, 35.134927601293896 ], [ 129.053150641652906, 35.134938465585641 ], [ 129.053111968955449, 35.13496320567004 ], [ 129.053087770946291, 35.134974789566606 ], [ 129.053057529101693, 35.134989278437914 ], [ 129.053044650374318, 35.134993601720133 ], [ 129.053032090080023, 35.134997816362429 ], [ 129.052968933235661, 35.135014455493959 ], [ 129.052932785393182, 35.135023970963189 ], [ 129.052919674385521, 35.135025310216129 ], [ 129.052783132398503, 35.135039276115833 ], [ 129.052768087936897, 35.135037516009909 ], [ 129.052753034190147, 35.13503752231172 ], [ 129.052738502342976, 35.13502981311629 ], [ 129.052720788297165, 35.135023411490046 ], [ 129.05270572989383, 35.135016350997738 ], [ 129.052688530208286, 35.135005767409126 ], [ 129.052506448584296, 35.134765947666949 ], [ 129.05249578705147, 35.13475501881198 ], [ 129.05239340608972, 35.134792504163208 ], [ 129.052401126558664, 35.134803623968352 ], [ 129.052482855880498, 35.134921379410933 ], [ 129.052518351007194, 35.134972516623819 ], [ 129.052518647306954, 35.134973381062842 ], [ 129.052530551761294, 35.135008439153339 ], [ 129.052535366949769, 35.13502261570622 ], [ 129.05253979854254, 35.135037513045511 ], [ 129.052551890205677, 35.135108381632136 ], [ 129.052558730340962, 35.135256192510489 ], [ 129.052570550121743, 35.135319098847965 ], [ 129.052317206212592, 35.135465582120467 ], [ 129.052174830866164, 35.135591237067715 ], [ 129.052297556271583, 35.135715867812237 ], [ 129.052311057366637, 35.135729114415419 ], [ 129.052281228258778, 35.135750047013438 ], [ 129.052111343186596, 35.13587447830772 ], [ 129.05210752829359, 35.135879635714545 ], [ 129.051965929340184, 35.13607035783695 ], [ 129.05159102649003, 35.135861083571442 ], [ 129.051328621557957, 35.135714605751986 ], [ 129.051388426504161, 35.135605715144827 ], [ 129.051446312499763, 35.13550780276632 ], [ 129.05147481339398, 35.13548072309132 ], [ 129.051473262716684, 35.135477434922777 ], [ 129.051465384777231, 35.135460672063871 ], [ 129.051458695108636, 35.13544637883377 ], [ 129.05145258609042, 35.135433302551135 ], [ 129.051402682294651, 35.135448773028472 ], [ 129.051341768825267, 35.135422758903651 ], [ 129.051209560278068, 35.135363610864545 ], [ 129.051182017389891, 35.135358575466171 ], [ 129.051181094368445, 35.135358403345471 ], [ 129.051135818288088, 35.135350121059432 ], [ 129.051067342072514, 35.135337890056057 ], [ 129.050955962174584, 35.135318737449062 ], [ 129.050904945612757, 35.135310375299589 ], [ 129.050902741478836, 35.135310015792342 ], [ 129.050848203014084, 35.135301023378737 ], [ 129.050847927772168, 35.135300979128871 ], [ 129.050808149907851, 35.13529446111221 ], [ 129.050717179247357, 35.135279895920036 ], [ 129.050693696563911, 35.135276209542511 ], [ 129.050694699331672, 35.135301536511882 ], [ 129.050695389074889, 35.135352373171621 ], [ 129.050696665531376, 35.135395314114916 ], [ 129.050699978823872, 35.135506413362961 ], [ 129.050700833119066, 35.135537799246272 ], [ 129.05070357103051, 35.135638641900783 ], [ 129.050708197356954, 35.13585108983834 ], [ 129.050697084668343, 35.135890961558573 ], [ 129.050684147240815, 35.135917493869172 ], [ 129.050697670259581, 35.135930056076226 ], [ 129.0509889640349, 35.136200668068177 ], [ 129.05100492723713, 35.136215498980611 ], [ 129.051013315817613, 35.136230711774019 ], [ 129.051054704177744, 35.136305784758235 ], [ 129.051081060951873, 35.136353573582646 ], [ 129.051085405777428, 35.136423208009788 ], [ 129.05092625573468, 35.136618041397206 ], [ 129.051190712050612, 35.13683654151086 ], [ 129.051261955116018, 35.136850203032857 ], [ 129.05132493260686, 35.136832348121096 ], [ 129.051394368976617, 35.13680337383218 ], [ 129.051456750575028, 35.136836886792288 ], [ 129.051481742241833, 35.136850312708901 ], [ 129.05146633009636, 35.136949904601536 ], [ 129.051754503981272, 35.137069165972832 ], [ 129.051774532650768, 35.137077448591818 ], [ 129.051781737624253, 35.137080427191322 ], [ 129.052053638157076, 35.136974573718376 ], [ 129.052148994583433, 35.136937451808699 ], [ 129.052405413967278, 35.136875927926148 ], [ 129.052420142110492, 35.136872396040516 ], [ 129.052835607760869, 35.136813233134454 ], [ 129.052847184362264, 35.136811589907985 ], [ 129.052873000274985, 35.136812230966484 ], [ 129.052901974314864, 35.136812954155403 ], [ 129.05290338865376, 35.136812990129123 ], [ 129.052926957909733, 35.136813577048244 ], [ 129.052956757860443, 35.136814329294126 ], [ 129.053149106275953, 35.136918116789097 ], [ 129.053061649397222, 35.137045656362666 ], [ 129.053037319379911, 35.137146007381538 ], [ 129.053035094874332, 35.137239105567851 ], [ 129.053163660075995, 35.137252990491895 ], [ 129.053175127721232, 35.137225039594881 ], [ 129.053207009203163, 35.137202586506298 ] ] ] } },
{ "type": "Feature", "properties": { "TOT_OA_CD": "21030700010005", "dong": "좌천동", "risk_norm": 0.24549881903347726, "high_risk": false, "aed_dist_night": 241.28606307524277, "covered_night": false, "gap": false, "elev": 22.0, "인구기준시점": "2026-06", "AED기준시점": "2026-07", "생성일": "2026-07-26" }, "geometry": { "type": "Polygon", "coordinates": [ [ [ 129.048943727214549, 35.133295504282117 ], [ 129.048999441067338, 35.133291886140775 ], [ 129.049075949746253, 35.133292622885541 ], [ 129.049177969466456, 35.133293609503632 ], [ 129.049248042892401, 35.133286209339246 ], [ 129.0492513671864, 35.133285856670824 ], [ 129.04927802819617, 35.133283024631154 ], [ 129.049312801002486, 35.133268958418654 ], [ 129.049344722361354, 35.133256047590507 ], [ 129.049374335957737, 35.133236836950601 ], [ 129.049399045786288, 35.133218204745276 ], [ 129.049427515817541, 35.133196741134647 ], [ 129.049498373818864, 35.133140513892975 ], [ 129.04954938230739, 35.133102077708315 ], [ 129.049549930845188, 35.133101662267194 ], [ 129.049553593660477, 35.133098903372364 ], [ 129.049579598844673, 35.133082433754126 ], [ 129.049581035376548, 35.133081441625905 ], [ 129.049581638822701, 35.133081027305295 ], [ 129.049620497400213, 35.13305531402824 ], [ 129.049708939714066, 35.132994463704023 ], [ 129.049731073183381, 35.132979519513 ], [ 129.049760794269133, 35.13295840680572 ], [ 129.049780328243173, 35.132946095198122 ], [ 129.049781809228932, 35.132945076359704 ], [ 129.049787798359375, 35.13294148705031 ], [ 129.049852718346187, 35.132902630291326 ], [ 129.049904464746049, 35.132869790739832 ], [ 129.04997764253514, 35.132823360227214 ], [ 129.050032253311628, 35.132790924873959 ], [ 129.050048585722976, 35.132781679972176 ], [ 129.050098951351572, 35.132753185770852 ], [ 129.050120240865027, 35.132741143756611 ], [ 129.050160221729129, 35.132738639690338 ], [ 129.050193363462199, 35.132736568424363 ], [ 129.050147443871737, 35.132657899700824 ], [ 129.050017591559424, 35.132355107287296 ], [ 129.049995464325605, 35.132241424761631 ], [ 129.049984958955093, 35.132230882255769 ], [ 129.04996990982778, 35.132220450186026 ], [ 129.04994386708205, 35.13221181769287 ], [ 129.04992931792782, 35.132211318575571 ], [ 129.049919017279507, 35.132213314859115 ], [ 129.049895859795896, 35.132217473568858 ], [ 129.049878167201371, 35.132221598484655 ], [ 129.04984735353608, 35.132231490193369 ], [ 129.049814415559524, 35.132197974820542 ], [ 129.049789537604056, 35.132189706964951 ], [ 129.049790883962032, 35.132185289886358 ], [ 129.049795115646162, 35.132179312155294 ], [ 129.049809672855986, 35.132156781321349 ], [ 129.049842312888387, 35.132118697176089 ], [ 129.049864176718103, 35.132093186791757 ], [ 129.049867170053744, 35.132089679994529 ], [ 129.049869813681198, 35.132087812303311 ], [ 129.049924112017834, 35.132049339318492 ], [ 129.049928475906171, 35.132043154320201 ], [ 129.049929077369882, 35.132041072028414 ], [ 129.049929559990943, 35.132039377120591 ], [ 129.049954587421809, 35.131948356603331 ], [ 129.049955145238698, 35.131946346099234 ], [ 129.049990078361304, 35.131906438361888 ], [ 129.049997557067741, 35.131899161341416 ], [ 129.050033079589184, 35.131872574602625 ], [ 129.05015019049506, 35.131831074584369 ], [ 129.05016265042039, 35.131824245949851 ], [ 129.050191176251786, 35.131804197888968 ], [ 129.05019333687261, 35.131802673566888 ], [ 129.050207408372785, 35.131792743521729 ], [ 129.050240189309619, 35.131751628065132 ], [ 129.050252635247091, 35.131647787009221 ], [ 129.050258146095047, 35.131615732733742 ], [ 129.05017424806249, 35.131603570438628 ], [ 129.050156014968337, 35.131607543615573 ], [ 129.050131966932611, 35.131611492884929 ], [ 129.050125549936752, 35.131613117643383 ], [ 129.049943790596615, 35.131504081051609 ], [ 129.049950693517303, 35.131487042431807 ], [ 129.04990484202051, 35.131469240588657 ], [ 129.049846005284508, 35.131459502905578 ], [ 129.049814914099755, 35.13146498660096 ], [ 129.049808682388857, 35.131444537488306 ], [ 129.049868604105427, 35.131230558678894 ], [ 129.0498697983694, 35.131226284180642 ], [ 129.049889946329444, 35.131161846986437 ], [ 129.049910380945363, 35.13111305725166 ], [ 129.049815119522748, 35.131067567716926 ], [ 129.049620568023613, 35.130974669898627 ], [ 129.049618328628668, 35.130973598590693 ], [ 129.049240410675111, 35.130793151630897 ], [ 129.049165007823177, 35.130915955984648 ], [ 129.049108655386902, 35.131005880167621 ], [ 129.049108227170166, 35.131006564575564 ], [ 129.048987321456792, 35.131201126530009 ], [ 129.048966225667726, 35.131224889539645 ], [ 129.04888414343705, 35.131317081899525 ], [ 129.048857728928596, 35.131346511877901 ], [ 129.04882920560911, 35.131378291384358 ], [ 129.048797631986531, 35.131413470146661 ], [ 129.048752026585277, 35.131478476899296 ], [ 129.048749395993468, 35.13148433583266 ], [ 129.048689682322561, 35.131625782162757 ], [ 129.048685739162636, 35.131636510352401 ], [ 129.048682595302495, 35.131703932529447 ], [ 129.048692832844409, 35.131762698623525 ], [ 129.048695115861108, 35.131803275361115 ], [ 129.048699039534995, 35.131873111895715 ], [ 129.048703252045669, 35.131948463494879 ], [ 129.04870613857176, 35.132003985729192 ], [ 129.048707167697813, 35.132076635317681 ], [ 129.04870750858359, 35.13209961938491 ], [ 129.04869404689083, 35.132157582076864 ], [ 129.048690670813386, 35.132161631106179 ], [ 129.048687029306024, 35.132165976528597 ], [ 129.048683038391999, 35.132170764627965 ], [ 129.048654575539416, 35.13220482885653 ], [ 129.048617501635817, 35.132225213912911 ], [ 129.048597868183151, 35.132236038042905 ], [ 129.048545544814516, 35.132258412196485 ], [ 129.048330327299823, 35.132348000453554 ], [ 129.048248057395966, 35.132384176709103 ], [ 129.048213833517821, 35.132398070579853 ], [ 129.048206307863552, 35.132401138465319 ], [ 129.048177962839361, 35.132412686943901 ], [ 129.048170492590145, 35.132415727051324 ], [ 129.048164339192226, 35.132418235526515 ], [ 129.048161497687261, 35.132419390731442 ], [ 129.048144067603857, 35.132426490921098 ], [ 129.048097232306816, 35.132453369547775 ], [ 129.04807987393076, 35.13247069129752 ], [ 129.048067466559758, 35.132492544419755 ], [ 129.048058653205032, 35.132526033814202 ], [ 129.048056144929973, 35.132552732838349 ], [ 129.048055140565367, 35.132563450528494 ], [ 129.048055096936821, 35.132563928024453 ], [ 129.048060067094752, 35.132658226372811 ], [ 129.048061749917764, 35.132666824297793 ], [ 129.048057570061729, 35.132667376273432 ], [ 129.048021628099463, 35.132671509556559 ], [ 129.048022917541232, 35.13267909909522 ], [ 129.048032761475156, 35.132723351588766 ], [ 129.048128583191271, 35.132784066250132 ], [ 129.048155369019412, 35.132809745445037 ], [ 129.04818820345983, 35.132858856906026 ], [ 129.048215329179328, 35.132901209734236 ], [ 129.048269776902572, 35.132947067876025 ], [ 129.048289426237602, 35.132963735538731 ], [ 129.04823602010444, 35.133015494309753 ], [ 129.048206963650955, 35.133047504044185 ], [ 129.048293989541406, 35.133078205410897 ], [ 129.048301564876311, 35.133086045524593 ], [ 129.048310254201198, 35.13312344784962 ], [ 129.048318828038447, 35.133149764540427 ], [ 129.04832432495482, 35.133171123821491 ], [ 129.048327514274916, 35.133181669814626 ], [ 129.048331146121569, 35.133200515768209 ], [ 129.048333281678651, 35.133213431131715 ], [ 129.048357857185124, 35.133266520473711 ], [ 129.048390550217306, 35.133260271050759 ], [ 129.048438978183299, 35.133332604325702 ], [ 129.048482014287487, 35.133394978741599 ], [ 129.048535583723009, 35.133365167539687 ], [ 129.048585848008941, 35.133349239196427 ], [ 129.048628028067554, 35.133335864749483 ], [ 129.048685325605476, 35.133317697927289 ], [ 129.048720905749576, 35.133313916205353 ], [ 129.048816433454419, 35.133303765552391 ], [ 129.048873892321893, 35.133300029616734 ], [ 129.048943727214549, 35.133295504282117 ] ] ] } },
{ "type": "Feature", "properties": { "TOT_OA_CD": "21030700010008", "dong": "좌천동", "risk_norm": 0.26523109561610148, "high_risk": false, "aed_dist_night": 397.63342489707674, "covered_night": false, "gap": false, "elev": 21.0, "인구기준시점": "2026-06", "AED기준시점": "2026-07", "생성일": "2026-07-26" }, "geometry": { "type": "Polygon", "coordinates": [ [ [ 129.046813838834368, 35.133518325591851 ], [ 129.046916866014584, 35.133515754322758 ], [ 129.047025877512027, 35.133515713125803 ], [ 129.047076993069624, 35.133515693421899 ], [ 129.047209513375691, 35.133514372731142 ], [ 129.047281824135666, 35.133504024789019 ], [ 129.047285027871169, 35.133503563722584 ], [ 129.047285013101828, 35.133496344691075 ], [ 129.04728291013663, 35.13346293164259 ], [ 129.047280483810027, 35.133362025340553 ], [ 129.047281715383349, 35.133349387921001 ], [ 129.047287803483272, 35.133286930345989 ], [ 129.047296713643021, 35.133230465790049 ], [ 129.047363152840546, 35.133137780879409 ], [ 129.047398014565488, 35.133086119575708 ], [ 129.047512959104353, 35.132912239872326 ], [ 129.047522749749504, 35.13289743655794 ], [ 129.047499695139038, 35.132834963455828 ], [ 129.047475495702855, 35.132766044922739 ], [ 129.047457042516413, 35.132710330131573 ], [ 129.047438959406463, 35.13266848643871 ], [ 129.047435191254323, 35.132659763700566 ], [ 129.047391905195241, 35.13256225353431 ], [ 129.047292440311026, 35.132336742950052 ], [ 129.047257131033035, 35.132257491298262 ], [ 129.0471691670827, 35.132060027177651 ], [ 129.047168486860301, 35.132058125322779 ], [ 129.047116013793868, 35.131910467475386 ], [ 129.047040707514981, 35.131703985049114 ], [ 129.046986870529253, 35.131664281964746 ], [ 129.046975707957415, 35.131656336127079 ], [ 129.046963960594354, 35.131584523907911 ], [ 129.046652727177019, 35.131811791347729 ], [ 129.046575880377901, 35.131867903155111 ], [ 129.046410132238975, 35.131988931442294 ], [ 129.046190326212269, 35.132149431303652 ], [ 129.046146581051374, 35.132196571340685 ], [ 129.046051178503717, 35.132299379700079 ], [ 129.046028464331243, 35.132323865214559 ], [ 129.046004905832348, 35.13234926130837 ], [ 129.045995710664357, 35.132359173744106 ], [ 129.046058521943735, 35.132481421667357 ], [ 129.046058715468575, 35.132483298165297 ], [ 129.046061366791946, 35.132509057684452 ], [ 129.045936993643267, 35.132569819226866 ], [ 129.045888574347345, 35.132598527639644 ], [ 129.045843482669028, 35.132625263227823 ], [ 129.045763476335509, 35.132689642041107 ], [ 129.045737683590005, 35.13265160298765 ], [ 129.045728297239691, 35.132637759435283 ], [ 129.045716560345426, 35.132620450323614 ], [ 129.045707860375472, 35.13260761957779 ], [ 129.045692732211705, 35.132625378680331 ], [ 129.045675641295304, 35.132644513429113 ], [ 129.045660057415006, 35.13266191232232 ], [ 129.045655855644952, 35.132666588482678 ], [ 129.045679094701399, 35.132679849582885 ], [ 129.045735584831874, 35.132712083766954 ], [ 129.045729869214, 35.132716682802034 ], [ 129.045695539076348, 35.132750704915026 ], [ 129.045686547972821, 35.132758584286968 ], [ 129.045624538622576, 35.132812932913787 ], [ 129.045549951424817, 35.132838231506675 ], [ 129.045500972699813, 35.132870047537921 ], [ 129.045473000267606, 35.132888216567018 ], [ 129.045385027255293, 35.132985385643487 ], [ 129.045385346164039, 35.13298559437041 ], [ 129.045395696289148, 35.13299323154061 ], [ 129.045397759870866, 35.132994581075728 ], [ 129.045434962454408, 35.133006088096828 ], [ 129.045460531974527, 35.133013559137339 ], [ 129.045482590792176, 35.133021393163325 ], [ 129.04550135644854, 35.133027335261978 ], [ 129.045547674363263, 35.133060118573802 ], [ 129.045583955209878, 35.133092825188655 ], [ 129.045635034862443, 35.133120765543424 ], [ 129.045662708683892, 35.133106190482145 ], [ 129.045714967646234, 35.133104025352964 ], [ 129.045769832408553, 35.133111514760003 ], [ 129.04582077832913, 35.133097542576543 ], [ 129.045879171198294, 35.133115982101351 ], [ 129.045916918026819, 35.133122368084955 ], [ 129.04594753588583, 35.133132901384656 ], [ 129.045977606506739, 35.133146590066346 ], [ 129.046016236677247, 35.133162080065084 ], [ 129.046026103593931, 35.133167025737599 ], [ 129.04608215947539, 35.133206627867388 ], [ 129.046124294354001, 35.133171982237442 ], [ 129.046126487069927, 35.133169538815935 ], [ 129.046239057899356, 35.133286880734971 ], [ 129.046246029474247, 35.133294143542706 ], [ 129.046284156983944, 35.133333887798102 ], [ 129.046323723672259, 35.133375155478433 ], [ 129.046338774603896, 35.133390860616061 ], [ 129.046341113512995, 35.133393302991585 ], [ 129.04638298897774, 35.133424159077883 ], [ 129.046416576845075, 35.133448907032594 ], [ 129.046505911637894, 35.133488019317291 ], [ 129.046607417357478, 35.133512066233145 ], [ 129.046702912728819, 35.133522170571382 ], [ 129.046750684981504, 35.133520512171408 ], [ 129.046753076010106, 35.1335204302639 ], [ 129.046758189217655, 35.133520247776026 ], [ 129.046813838834368, 35.133518325591851 ] ] ] } },
{ "type": "Feature", "properties": { "TOT_OA_CD": "21030700010301", "dong": "좌천동", "risk_norm": 0.18523906059718992, "high_risk": false, "aed_dist_night": 189.80804097728588, "covered_night": false, "gap": false, "elev": 72.0, "인구기준시점": "2026-06", "AED기준시점": "2026-07", "생성일": "2026-07-26" }, "geometry": { "type": "Polygon", "coordinates": [ [ [ 129.047298713098201, 35.136349368184696 ], [ 129.047305737843828, 35.136347532061542 ], [ 129.047371949257951, 35.136432612796384 ], [ 129.047373250371237, 35.136467436271857 ], [ 129.047390122527446, 35.13651843685502 ], [ 129.047405039780585, 35.136557305960949 ], [ 129.047571214075219, 35.13646112289031 ], [ 129.047518651283184, 35.136436732143743 ], [ 129.047447775854408, 35.136409565705058 ], [ 129.0473760790602, 35.136317423314182 ], [ 129.047387399825055, 35.136299938909644 ], [ 129.047440346385343, 35.136243185141595 ], [ 129.047467660305045, 35.136213906283942 ], [ 129.047496398314706, 35.136181700619439 ], [ 129.047501769811134, 35.136182923120657 ], [ 129.047511173156551, 35.136168397945838 ], [ 129.047525316108732, 35.136144266897688 ], [ 129.047527320710259, 35.136142029637178 ], [ 129.047557711614132, 35.136160331896541 ], [ 129.047611551454082, 35.136096974048606 ], [ 129.047660043936418, 35.136040514189865 ], [ 129.047667640477982, 35.136030387622952 ], [ 129.04778733043031, 35.136094484325191 ], [ 129.047856199643178, 35.136065431835881 ], [ 129.047843410080276, 35.136002018970999 ], [ 129.047824649583958, 35.1359828261945 ], [ 129.047755521929332, 35.135999791354834 ], [ 129.047654900610723, 35.135955617417217 ], [ 129.047657890935398, 35.135942545496292 ], [ 129.047646201339091, 35.135937059739071 ], [ 129.047643324138704, 35.135933610854707 ], [ 129.047643251582599, 35.135925139358811 ], [ 129.047674405132682, 35.135892992944157 ], [ 129.047694847137876, 35.135871891057612 ], [ 129.047710769614554, 35.135870630985302 ], [ 129.047710598925448, 35.135866194512644 ], [ 129.047709786554293, 35.135845195526834 ], [ 129.047707193984536, 35.135791439373804 ], [ 129.04766271387544, 35.135742983331305 ], [ 129.047665611924174, 35.135739763616833 ], [ 129.047555577533103, 35.135638310482456 ], [ 129.047565336630441, 35.135633829242472 ], [ 129.04764217911972, 35.135600074147277 ], [ 129.047616906336913, 35.135567334853889 ], [ 129.047560557528357, 35.135597858272902 ], [ 129.047527829459739, 35.135566123899622 ], [ 129.047503379444095, 35.13557882616022 ], [ 129.047469120739663, 35.13552983192519 ], [ 129.047484586141906, 35.135524199497539 ], [ 129.047474169785659, 35.135514074869178 ], [ 129.047503116027656, 35.13550419226096 ], [ 129.047463660983851, 35.135426636428662 ], [ 129.047451336203153, 35.135403532231791 ], [ 129.047374082460522, 35.135351179537423 ], [ 129.047294793801825, 35.135220461154219 ], [ 129.047247137023902, 35.135179379230181 ], [ 129.047221954214336, 35.135199984368604 ], [ 129.047207270960484, 35.135189760050501 ], [ 129.047251710051171, 35.135156968938986 ], [ 129.047240339170628, 35.135128470840272 ], [ 129.047158187771117, 35.13513216342519 ], [ 129.047142596427307, 35.135132471612067 ], [ 129.047051090546944, 35.135138418566676 ], [ 129.047041220051455, 35.1351393894113 ], [ 129.047043846056027, 35.135153405703477 ], [ 129.047041159531602, 35.135174012091063 ], [ 129.047022038115045, 35.135177605710659 ], [ 129.047014933067686, 35.135169045466519 ], [ 129.047003190200883, 35.135166768266345 ], [ 129.046982537856962, 35.135162540127808 ], [ 129.046942673034494, 35.135153146695636 ], [ 129.046953156266881, 35.135106538366472 ], [ 129.04689857903179, 35.135100458639066 ], [ 129.0468793219286, 35.135103901603912 ], [ 129.04684439482088, 35.135112544100394 ], [ 129.046830437972659, 35.135115997808313 ], [ 129.046794959472464, 35.135143355754991 ], [ 129.0467434502483, 35.135154354847515 ], [ 129.046708897490163, 35.135169734738106 ], [ 129.046719689271441, 35.135183350150214 ], [ 129.046672024610217, 35.135205136580801 ], [ 129.046638796138041, 35.135220319254607 ], [ 129.046618659058481, 35.135229519407417 ], [ 129.04661926905564, 35.135266584086246 ], [ 129.046661530339946, 35.135297528920262 ], [ 129.046687586336105, 35.135327598683105 ], [ 129.046692165914237, 35.135336915174364 ], [ 129.046691104311094, 35.135357324096709 ], [ 129.046685286541873, 35.135358731844299 ], [ 129.046680655342499, 35.135377787917506 ], [ 129.046679780291612, 35.13538136857693 ], [ 129.046677681954606, 35.135390022903643 ], [ 129.046657489367192, 35.135429014833264 ], [ 129.046646130401655, 35.135444889343475 ], [ 129.046620446924834, 35.13544692935038 ], [ 129.046618797685568, 35.135447065828295 ], [ 129.046590007417308, 35.135462297287496 ], [ 129.046557857887535, 35.13546623298911 ], [ 129.046386093307575, 35.135519061679865 ], [ 129.046350207292306, 35.135530171336839 ], [ 129.046383406425321, 35.135559679319769 ], [ 129.046410616957445, 35.135594271323086 ], [ 129.046437416576197, 35.135625881499578 ], [ 129.046473038765896, 35.135680028461529 ], [ 129.046486645578398, 35.135739185387123 ], [ 129.046491858496864, 35.135762719444315 ], [ 129.04649901609335, 35.13576703877699 ], [ 129.046513792869519, 35.135757720441866 ], [ 129.046532611270607, 35.135759334855926 ], [ 129.046545533524608, 35.135776958715489 ], [ 129.046574805307984, 35.135813112088016 ], [ 129.04660418863611, 35.135848897047552 ], [ 129.046615300559779, 35.135863419023934 ], [ 129.046662611694813, 35.135921731861444 ], [ 129.046671923817939, 35.135931912100155 ], [ 129.04670659612313, 35.135974414169624 ], [ 129.046758598822095, 35.136035480073289 ], [ 129.046766698062356, 35.136045364730805 ], [ 129.046775781205781, 35.136039493766624 ], [ 129.046816524134272, 35.136062672512573 ], [ 129.046827272003981, 35.136072509834975 ], [ 129.046846139912674, 35.136092168430196 ], [ 129.046883951908541, 35.136131564879371 ], [ 129.046893287393914, 35.136126791560493 ], [ 129.046900252404782, 35.136136534713884 ], [ 129.046917647905502, 35.136127502069698 ], [ 129.046931746598403, 35.136165761399518 ], [ 129.046987176949642, 35.13618266847633 ], [ 129.047007974057607, 35.136246335343621 ], [ 129.047022338498437, 35.136289645673102 ], [ 129.047016641586964, 35.136297328928535 ], [ 129.047035610078865, 35.136315801480315 ], [ 129.047038600955375, 35.136314294574248 ], [ 129.047052587218161, 35.136326770109939 ], [ 129.047040317826372, 35.136337221377453 ], [ 129.047034857764004, 35.136341877606334 ], [ 129.047025263379425, 35.136333318471493 ], [ 129.046967945246394, 35.136384231341658 ], [ 129.046965414670467, 35.136386977526463 ], [ 129.046981493754402, 35.136391262231953 ], [ 129.047025645681316, 35.136414022312849 ], [ 129.047013635698477, 35.136426874836886 ], [ 129.046955001721756, 35.136428201433496 ], [ 129.046906132822869, 35.136441191859525 ], [ 129.046928809197311, 35.136464437132922 ], [ 129.046952123569213, 35.136488336920692 ], [ 129.047037978754645, 35.136584027858397 ], [ 129.047089998350316, 35.136642007168604 ], [ 129.047148383951168, 35.136705560084103 ], [ 129.047151312528115, 35.136703835776686 ], [ 129.047205491223849, 35.136672790262899 ], [ 129.047214674940506, 35.136667475194926 ], [ 129.047191698970948, 35.136618022143431 ], [ 129.047191200010019, 35.136614043412763 ], [ 129.047185939365619, 35.136581155757348 ], [ 129.047171721492504, 35.136549833177149 ], [ 129.047167806481298, 35.13653167693402 ], [ 129.047169201898043, 35.1365178960028 ], [ 129.047173287144489, 35.136498704427545 ], [ 129.047179225227552, 35.136470878781559 ], [ 129.047182248904647, 35.136417398036514 ], [ 129.047183021017901, 35.136405420178164 ], [ 129.047205033407266, 35.136385511903299 ], [ 129.047215626762693, 35.136382712348038 ], [ 129.047251643199473, 35.136373204754769 ], [ 129.047286674147387, 35.136355930588685 ], [ 129.047297149945706, 35.136350224844321 ], [ 129.047298713098201, 35.136349368184696 ] ] ] } },
{ "type": "Feature", "properties": { "TOT_OA_CD": "21030700010402", "dong": "좌천동", "risk_norm": 0.93206952600502713, "high_risk": true, "aed_dist_night": 85.810635558671763, "covered_night": true, "gap": false, "elev": 21.0, "인구기준시점": "2026-06", "AED기준시점": "2026-07", "생성일": "2026-07-26" }, "geometry": { "type": "Polygon", "coordinates": [ [ [ 129.051584392673448, 35.132618980429463 ], [ 129.051094242236104, 35.132137513757357 ], [ 129.051029264419412, 35.13216469426424 ], [ 129.050984910812446, 35.13217567290841 ], [ 129.05092449353927, 35.132450952853119 ], [ 129.050660419362629, 35.132860645947495 ], [ 129.050664976559091, 35.132862688361762 ], [ 129.050727344945528, 35.132902629505992 ], [ 129.050835264490559, 35.132973468281939 ], [ 129.05086189392361, 35.132991953072704 ], [ 129.05091723936539, 35.133068456012175 ], [ 129.050935079594211, 35.133132172676149 ], [ 129.051009079016723, 35.133095983225346 ], [ 129.051433164734533, 35.132991849020442 ], [ 129.051626058246285, 35.132820829874618 ], [ 129.051650484770619, 35.132772380010366 ], [ 129.051700498526372, 35.132729997603846 ], [ 129.051639373072362, 35.132672985284678 ], [ 129.051607408310048, 35.13264158664964 ], [ 129.051584392673448, 35.132618980429463 ] ] ] } },
{ "type": "Feature", "properties": { "TOT_OA_CD": "21030700010401", "dong": "좌천동", "risk_norm": 0.15574859834142629, "high_risk": false, "aed_dist_night": 128.16755137615078, "covered_night": true, "gap": false, "elev": 7.0, "인구기준시점": "2026-06", "AED기준시점": "2026-07", "생성일": "2026-07-26" }, "geometry": { "type": "Polygon", "coordinates": [ [ [ 129.050924493528726, 35.132450952839747 ], [ 129.050984910786269, 35.132175672907188 ], [ 129.050775529613503, 35.132048363889481 ], [ 129.050710530820311, 35.132101815652746 ], [ 129.050634149572232, 35.132057039964714 ], [ 129.050349457268595, 35.131965766678761 ], [ 129.050256566765484, 35.131963893317931 ], [ 129.050212493580204, 35.132059310399448 ], [ 129.050086060215904, 35.13215928659632 ], [ 129.050051161222996, 35.132149294189951 ], [ 129.050031951956129, 35.132135240359368 ], [ 129.050008019637175, 35.132107668666265 ], [ 129.04998146987981, 35.132111194594927 ], [ 129.049961394900748, 35.13211886445032 ], [ 129.049894366112767, 35.132134845505057 ], [ 129.049859363400401, 35.132133508042926 ], [ 129.049850861449585, 35.132127043138233 ], [ 129.049842312873466, 35.132118697164756 ], [ 129.049809672827166, 35.132156781309803 ], [ 129.049795115651051, 35.132179312159685 ], [ 129.049790883932758, 35.132185289877675 ], [ 129.049789537601612, 35.132189706965292 ], [ 129.049814415530136, 35.132197974811973 ], [ 129.04984735352491, 35.13223149018512 ], [ 129.049878167196425, 35.132221598459495 ], [ 129.049895859773386, 35.132217473576056 ], [ 129.049919017268223, 35.132213314849338 ], [ 129.049929317901587, 35.132211318552933 ], [ 129.049943867071306, 35.132211817668114 ], [ 129.049969909798307, 35.132220450161277 ], [ 129.049984958936818, 35.132230882247725 ], [ 129.049995464316311, 35.132241424750873 ], [ 129.050017591535294, 35.132355107262619 ], [ 129.050147443874948, 35.132657899708391 ], [ 129.050193363470584, 35.132736568426097 ], [ 129.050245284383664, 35.132733323725255 ], [ 129.050278728743848, 35.132731237754712 ], [ 129.050307526246968, 35.132729441142352 ], [ 129.050404623176348, 35.132756604940695 ], [ 129.050478061737607, 35.132778937625012 ], [ 129.050497366095584, 35.132787401972699 ], [ 129.050583114109031, 35.132825000047475 ], [ 129.050660419345064, 35.132860645926947 ], [ 129.050924493528726, 35.132450952839747 ] ] ] } },
{ "type": "Feature", "properties": { "TOT_OA_CD": "21030700020002", "dong": "좌천동", "risk_norm": 0.38014645280177606, "high_risk": false, "aed_dist_night": 76.863704680322286, "covered_night": true, "gap": false, "elev": 8.0, "인구기준시점": "2026-06", "AED기준시점": "2026-07", "생성일": "2026-07-26" }, "geometry": { "type": "Polygon", "coordinates": [ [ [ 129.05499257883767, 35.13292606096833 ], [ 129.054690415615909, 35.13264212063541 ], [ 129.054222116048322, 35.132202068902409 ], [ 129.053678003517433, 35.132702940888976 ], [ 129.053673294800973, 35.132701302629165 ], [ 129.053660184428338, 35.132702597753621 ], [ 129.053533066557947, 35.132795600583663 ], [ 129.053425432474768, 35.132882303696462 ], [ 129.053419985793823, 35.132878330713339 ], [ 129.052935732393024, 35.132525177436406 ], [ 129.052900101229199, 35.132499197032871 ], [ 129.052713645967543, 35.132470989460373 ], [ 129.052620056755472, 35.132539165876736 ], [ 129.052824517604449, 35.132746238065018 ], [ 129.053171046183877, 35.133109743343653 ], [ 129.053493663847036, 35.133448164747904 ], [ 129.053805395009988, 35.133757151973406 ], [ 129.053809335871847, 35.133761062219236 ], [ 129.053941954072798, 35.133892514103039 ], [ 129.053944882660346, 35.13389542302091 ], [ 129.053947871425322, 35.133898378939833 ], [ 129.054086591468291, 35.134035559678864 ], [ 129.054089040921355, 35.134037974344082 ], [ 129.054324896423708, 35.134271197226326 ], [ 129.054398949118394, 35.134344183858083 ], [ 129.05440349696147, 35.134348669614276 ], [ 129.054644668225336, 35.134586379505336 ], [ 129.054652596237503, 35.13459419934518 ], [ 129.054810641863043, 35.134749965899402 ], [ 129.054811433837273, 35.13475075002529 ], [ 129.054984312746569, 35.134921146697998 ], [ 129.055068195600057, 35.135005296685868 ], [ 129.055125750569204, 35.135062138478638 ], [ 129.055126837759133, 35.135063210953547 ], [ 129.055650965987269, 35.135580789114407 ], [ 129.055680150450712, 35.135609610368093 ], [ 129.055684059242623, 35.135613440720626 ], [ 129.055716370329321, 35.135645072715533 ], [ 129.055723134290815, 35.135651693845276 ], [ 129.055785489353468, 35.135712724736884 ], [ 129.055975699540937, 35.135901410132341 ], [ 129.056073474929036, 35.135998414678042 ], [ 129.056075571235993, 35.136000489383193 ], [ 129.056079909309346, 35.136004786641053 ], [ 129.056275739894176, 35.136198464620804 ], [ 129.056285840854997, 35.136200490605177 ], [ 129.056350045281533, 35.13622249919154 ], [ 129.05637875922946, 35.136232344695088 ], [ 129.056387039113417, 35.136224324890755 ], [ 129.056390080454946, 35.136221385331723 ], [ 129.056511445034289, 35.136121832025076 ], [ 129.056571531743714, 35.136072542598932 ], [ 129.056633907262153, 35.136062539400058 ], [ 129.056928591563917, 35.136015284561836 ], [ 129.05700693155481, 35.136002721018805 ], [ 129.057033641012367, 35.135998023018388 ], [ 129.057022324236868, 35.135956415754052 ], [ 129.056898183300376, 35.135500018071596 ], [ 129.056893809558773, 35.135483936328569 ], [ 129.056626417611227, 35.134920045140802 ], [ 129.056598042017754, 35.13486020912282 ], [ 129.056448759670531, 35.134545410847451 ], [ 129.056422620885797, 35.134359177207493 ], [ 129.056408162234078, 35.134256209619629 ], [ 129.056372676881267, 35.13422287849145 ], [ 129.056371248692699, 35.134221536289857 ], [ 129.056358606349022, 35.134209661291699 ], [ 129.056320362754889, 35.134173724758206 ], [ 129.056263001929381, 35.134119826616647 ], [ 129.056158827192945, 35.134021922487229 ], [ 129.056076545238881, 35.133944616640456 ], [ 129.056073531433412, 35.133941790004407 ], [ 129.05607123042509, 35.133939625957979 ], [ 129.056066309989717, 35.133934999874199 ], [ 129.055863397022307, 35.133744341703974 ], [ 129.055762410858847, 35.133649457278622 ], [ 129.055606353409473, 35.133502812358088 ], [ 129.055454130609974, 35.133359772195192 ], [ 129.055420317607286, 35.133328000728163 ], [ 129.055394278945244, 35.133303532566224 ], [ 129.05515040524719, 35.133074366421567 ], [ 129.055135989723198, 35.133060821703758 ], [ 129.055127485719993, 35.133052831675833 ], [ 129.055099820219425, 35.13302683626511 ], [ 129.055033740183063, 35.132964741953259 ], [ 129.055021832247633, 35.132953549831875 ], [ 129.055009926618851, 35.132942362150843 ], [ 129.05499257883767, 35.13292606096833 ] ] ] } },
{ "type": "Feature", "properties": { "TOT_OA_CD": "21030700020201", "dong": "좌천동", "risk_norm": 0.052602807388812858, "high_risk": false, "aed_dist_night": 22.317047277685418, "covered_night": true, "gap": false, "elev": 8.0, "인구기준시점": "2026-06", "AED기준시점": "2026-07", "생성일": "2026-07-26" }, "geometry": { "type": "Polygon", "coordinates": [ [ [ 129.053533066560902, 35.132795600592011 ], [ 129.053660184424871, 35.132702597756762 ], [ 129.053673294794947, 35.132701302632356 ], [ 129.053678003501886, 35.132702940889871 ], [ 129.054222116033003, 35.13220206889725 ], [ 129.054208157854362, 35.132188952777405 ], [ 129.054207511952029, 35.132188345261774 ], [ 129.053857080443834, 35.131859046026207 ], [ 129.053703458104764, 35.131749919414723 ], [ 129.053698744412287, 35.131746571765532 ], [ 129.053650401996549, 35.13178857020489 ], [ 129.053510943429842, 35.131909727191307 ], [ 129.053495866566863, 35.131901148715123 ], [ 129.052713645977605, 35.132470989466931 ], [ 129.052900101230364, 35.132499197035337 ], [ 129.05293573236176, 35.132525177426828 ], [ 129.053419985774838, 35.132878330693096 ], [ 129.053425432467492, 35.132882303688788 ], [ 129.053533066560902, 35.132795600592011 ] ] ] } },
{ "type": "Feature", "properties": { "TOT_OA_CD": "21030700020101", "dong": "좌천동", "risk_norm": 0.16997604374562975, "high_risk": false, "aed_dist_night": 52.524905057418493, "covered_night": true, "gap": false, "elev": 8.0, "인구기준시점": "2026-06", "AED기준시점": "2026-07", "생성일": "2026-07-26" }, "geometry": { "type": "Polygon", "coordinates": [ [ [ 129.051498497950746, 35.130467956868209 ], [ 129.05120526121064, 35.13020589794705 ], [ 129.050912053014997, 35.130404496828007 ], [ 129.050924372988391, 35.130415939298139 ], [ 129.050900823536921, 35.130432038780093 ], [ 129.050824725872729, 35.130408272497 ], [ 129.050793436914603, 35.130398498278659 ], [ 129.050772338020181, 35.130391907957936 ], [ 129.050611457903869, 35.130517230756666 ], [ 129.0506074249476, 35.130520372200564 ], [ 129.050610005377649, 35.130522989012825 ], [ 129.051055906824701, 35.130975190928027 ], [ 129.051059156490737, 35.130978488896091 ], [ 129.05112718997222, 35.131047477622332 ], [ 129.051162299951557, 35.131083076408792 ], [ 129.051406253102812, 35.131327055247084 ], [ 129.051408175098118, 35.131328978116642 ], [ 129.051725916283431, 35.131646750621627 ], [ 129.051783224133885, 35.131704064257598 ], [ 129.051919051166351, 35.131839905208629 ], [ 129.051973482480548, 35.131892287722728 ], [ 129.052131484347314, 35.132044334894616 ], [ 129.052249484350369, 35.132163851129349 ], [ 129.052262704373817, 35.132177239307104 ], [ 129.05246705275448, 35.132384204478171 ], [ 129.052524485418019, 35.132442371791846 ], [ 129.052620056755472, 35.132539165876736 ], [ 129.052713645967543, 35.132470989460373 ], [ 129.053495866586786, 35.131901148736318 ], [ 129.052929745998796, 35.131579038812362 ], [ 129.052892099092276, 35.131557618464313 ], [ 129.052412717368043, 35.131284857615697 ], [ 129.052258529048117, 35.131188019912635 ], [ 129.052204309914544, 35.131153968189615 ], [ 129.052119344795415, 35.131100605517211 ], [ 129.052004820416215, 35.131059578636247 ], [ 129.051957971602064, 35.131046430891196 ], [ 129.052043447531474, 35.130970757439783 ], [ 129.051943305264217, 35.130875105101886 ], [ 129.051498497950746, 35.130467956868209 ] ] ] } }
]
}
